#include <KellyCanvas.h>

/*
typedef struct {
           unsigned char * data;
           int size;
           int width;
           int height;
} imageData;
*/





const static uint8_t gImage_400x300b1[] PROGMEM = {
       0x55, 0x55, 0x55, 0x55, 0x55, 0x55, 0x55, 0x55, 0x55, 0x55, 0x55, 
0x55, 0x55, 0x55, 0x55, 0x55, 0x55, 0x55, 0x55, 0x55, 0x55, 0x55, 
0x55, 0x55, 0x55, 0x55, 0x55, 0x55, 0x68, 0xAA, 0xAA, 0xAA, 0xAA, 
0xAA, 0xAA, 0xAA, 0xAA, 0xAA, 0xAA, 0xAA, 0xAA, 0xAA, 0xA8, 0x1, 
0x55, 0x55, 0x55, 0x55, 0x55, 0x55, 0x55, 0x55, 0x55, 0x55, 0x55, 
0x55, 0x55, 0x55, 0x55, 0x55, 0x55, 0x55, 0x55, 0x55, 0x55, 0x55, 
0x55, 0x55, 0x55, 0x55, 0x55, 0x55, 0x55, 0x55, 0x55, 0x55, 0x55, 
0x55, 0x55, 0x55, 0x55, 0x55, 0x5A, 0xAA, 0xAA, 0xA5, 0x55, 0x55, 
0x55, 0x55, 0x55, 0x55, 0x55, 0x55, 0x55, 0x55, 0x55, 0x55, 0x55, 
0x55, 0x55, 0x55, 0x55, 0x55, 0x55, 0x55, 0x55, 0x55, 0x55, 0x55, 
0x55, 0x55, 0x55, 0x55, 0x55, 0x55, 0x55, 0x55, 0x55, 0x55, 0x55, 
0x55, 0x55, 0x55, 0x55, 0x55, 0x55, 0x55, 0x6A, 0xAA, 0xAA, 0xAA, 
0xAA, 0xAA, 0xAA, 0xAA, 0xAA, 0xAA, 0xAA, 0xAA, 0xAA, 0xAA, 0xAA, 
0x2, 0x55, 0x55, 0x55, 0x55, 0x55, 0x55, 0x55, 0x55, 0x55, 0x55, 
0x55, 0x55, 0x55, 0x55, 0x55, 0x55, 0x55, 0x55, 0x55, 0x55, 0x55, 
0x55, 0x55, 0x55, 0x55, 0x55, 0x55, 0x55, 0x55, 0x55, 0x55, 0x55, 
0x55, 0x55, 0x55, 0x55, 0x55, 0xA8, 0x0, 0x0, 0x0, 0x0, 0x29, 
0x55, 0x55, 0x55, 0x55, 0x55, 0x55, 0x55, 0x55, 0x55, 0x55, 0x55, 
0x55, 0x55, 0x55, 0x55, 0x55, 0x55, 0x55, 0x55, 0x55, 0x55, 0x55, 
0x55, 0x55, 0x55, 0x55, 0x55, 0x55, 0x55, 0x55, 0x55, 0x55, 0x55, 
0x55, 0x55, 0x55, 0x55, 0x55, 0x55, 0x55, 0x55, 0x62, 0xAA, 0xAA, 
0xAA, 0xAA, 0xAA, 0xAA, 0xAA, 0xAA, 0xAA, 0xAA, 0xAA, 0xAA, 0xAA, 
0xAA, 0x0, 0x55, 0x55, 0x55, 0x55, 0x55, 0x55, 0x55, 0x55, 0x55, 
0x55, 0x55, 0x55, 0x55, 0x55, 0x55, 0x55, 0x55, 0x55, 0x55, 0x55, 
0x55, 0x55, 0x55, 0x55, 0x55, 0x55, 0x55, 0x55, 0x55, 0x55, 0x55, 
0x55, 0x55, 0x55, 0x55, 0x55, 0xA0, 0x0, 0x0, 0x0, 0x0, 0x0, 
0x0, 0x29, 0x55, 0x55, 0x55, 0x55, 0x55, 0x55, 0x55, 0x55, 0x55, 
0x55, 0x55, 0x55, 0x55, 0x55, 0x55, 0x55, 0x55, 0x55, 0x55, 0x55, 
0x55, 0x55, 0x55, 0x55, 0x55, 0x55, 0x55, 0x55, 0x55, 0x55, 0x55, 
0x55, 0x55, 0x55, 0x55, 0x55, 0x55, 0x55, 0x55, 0x55, 0x82, 0xAA, 
0xAA, 0xAA, 0xAA, 0xAA, 0xAA, 0xAA, 0xAA, 0xAA, 0xAA, 0xAA, 0xAA, 
0xAA, 0xAA, 0x80, 0x55, 0x55, 0x55, 0x55, 0x55, 0x55, 0x55, 0x55, 
0x55, 0x55, 0x55, 0x55, 0x55, 0x55, 0x55, 0x55, 0x55, 0x55, 0x55, 
0x55, 0x55, 0x55, 0x55, 0x55, 0x55, 0x55, 0x55, 0x55, 0x55, 0x55, 
0x55, 0x55, 0x55, 0x55, 0x55, 0x60, 0x0, 0x0, 0x0, 0x0, 0x0, 
0x0, 0x0, 0x0, 0x95, 0x55, 0x55, 0x55, 0x55, 0x55, 0x55, 0x55, 
0x55, 0x55, 0x55, 0x55, 0x55, 0x55, 0x55, 0x55, 0x55, 0x55, 0x55, 
0x55, 0x55, 0x55, 0x55, 0x55, 0x55, 0x55, 0x55, 0x55, 0x55, 0x55, 
0x55, 0x55, 0x55, 0x55, 0x55, 0x55, 0x55, 0x55, 0x55, 0x55, 0x82, 
0xAA, 0xAA, 0xAA, 0xAA, 0xAA, 0xAA, 0xAA, 0xAA, 0xAA, 0xAA, 0xAA, 
0xAA, 0xAA, 0xAA, 0x80, 0x95, 0x55, 0x55, 0x55, 0x55, 0x55, 0x55, 
0x55, 0x55, 0x55, 0x55, 0x55, 0x55, 0x55, 0x55, 0x55, 0x55, 0x55, 
0x55, 0x55, 0x55, 0x55, 0x55, 0x55, 0x55, 0x55, 0x55, 0x55, 0x55, 
0x55, 0x55, 0x55, 0x55, 0x55, 0x58, 0x0, 0x0, 0x0, 0x0, 0x0, 
0x0, 0x0, 0x0, 0x0, 0x9, 0x55, 0x55, 0x55, 0x55, 0x55, 0x55, 
0x55, 0x55, 0x55, 0x55, 0x55, 0x55, 0x55, 0x55, 0x55, 0x55, 0x55, 
0x55, 0x55, 0x55, 0x55, 0x55, 0x55, 0x55, 0x55, 0x55, 0x55, 0x55, 
0x55, 0x55, 0x55, 0x55, 0x55, 0x55, 0x55, 0x55, 0x55, 0x55, 0x55, 
0x82, 0xAA, 0xAA, 0xAA, 0xAA, 0xAA, 0xAA, 0xAA, 0xAA, 0xAA, 0xAA, 
0xAA, 0xAA, 0xAA, 0xAA, 0x80, 0x95, 0x55, 0x55, 0x55, 0x55, 0x55, 
0x55, 0x55, 0x55, 0x55, 0x55, 0x55, 0x55, 0x55, 0x55, 0x55, 0x55, 
0x55, 0x55, 0x55, 0x55, 0x55, 0x55, 0x55, 0x55, 0x55, 0x55, 0x55, 
0x55, 0x55, 0x55, 0x55, 0x55, 0x55, 0x80, 0x0, 0x0, 0x0, 0x2A, 
0xAA, 0xAA, 0xA8, 0x0, 0x0, 0x0, 0x95, 0x55, 0x55, 0x55, 0x55, 
0x55, 0x55, 0x55, 0x55, 0x55, 0x55, 0x55, 0x55, 0x55, 0x55, 0x55, 
0x55, 0x55, 0x55, 0x55, 0x55, 0x55, 0x55, 0x55, 0x55, 0x55, 0x55, 
0x55, 0x55, 0x55, 0x55, 0x55, 0x55, 0x55, 0x55, 0x55, 0x55, 0x55, 
0x56, 0xA, 0xAA, 0xAA, 0xAA, 0xAA, 0xAA, 0xAA, 0xAA, 0xAA, 0xAA, 
0xAA, 0xAA, 0xAA, 0xAA, 0xAA, 0x80, 0x95, 0x55, 0x55, 0x55, 0x55, 
0x55, 0x55, 0x55, 0x55, 0x55, 0x55, 0x55, 0x55, 0x55, 0x55, 0x55, 
0x55, 0x55, 0x55, 0x55, 0x55, 0x55, 0x55, 0x55, 0x55, 0x55, 0x55, 
0x55, 0x55, 0x55, 0x55, 0x55, 0x55, 0x58, 0x0, 0x0, 0x2, 0xAA, 
0xAA, 0xAA, 0xAA, 0xAA, 0xAA, 0x0, 0x0, 0x9, 0x55, 0x55, 0x55, 
0x55, 0x55, 0x55, 0x55, 0x55, 0x55, 0x55, 0x55, 0x55, 0x55, 0x55, 
0x55, 0x55, 0x55, 0x55, 0x55, 0x55, 0x55, 0x55, 0x55, 0x55, 0x55, 
0x55, 0x55, 0x55, 0x55, 0x55, 0x55, 0x55, 0x55, 0x55, 0x55, 0x55, 
0x55, 0x56, 0xA, 0xAA, 0xAA, 0xAA, 0xAA, 0xAA, 0xAA, 0xAA, 0xAA, 
0xAA, 0xAA, 0xAA, 0xAA, 0xAA, 0xAA, 0xA0, 0x15, 0x55, 0xA0, 0x55, 
0x55, 0x55, 0x55, 0x55, 0x55, 0x55, 0x55, 0x55, 0x55, 0x55, 0x55, 
0x55, 0x55, 0x55, 0x55, 0x55, 0x55, 0x55, 0x55, 0x55, 0x55, 0x55, 
0x55, 0x55, 0x55, 0x55, 0x55, 0x55, 0x55, 0x80, 0x0, 0x0, 0xAA, 
0xAA, 0xAA, 0xAA, 0xAA, 0xAA, 0xAA, 0xA8, 0x0, 0x2, 0x55, 0x55, 
0x55, 0x55, 0x55, 0x55, 0x55, 0x55, 0x55, 0x55, 0x55, 0x55, 0x55, 
0x55, 0x55, 0x55, 0x55, 0x55, 0x55, 0x55, 0x55, 0x55, 0x55, 0x55, 
0x55, 0x55, 0x55, 0x55, 0x55, 0x55, 0x55, 0x55, 0x55, 0x55, 0x55, 
0x55, 0x55, 0x56, 0xA, 0xAA, 0xAA, 0xAA, 0xAA, 0xAA, 0xAA, 0xAA, 
0xAA, 0xAA, 0xAA, 0xAA, 0xAA, 0xAA, 0xAA, 0xA0, 0x15, 0x56, 0x0, 
0x55, 0x55, 0x55, 0x55, 0x55, 0x55, 0x55, 0x55, 0x55, 0x55, 0x55, 
0x55, 0x55, 0x55, 0x55, 0x55, 0x55, 0x55, 0x55, 0x55, 0x55, 0x55, 
0x55, 0x55, 0x55, 0x55, 0x55, 0x55, 0x55, 0x58, 0x0, 0x0, 0x2A, 
0xAA, 0xAA, 0xAA, 0xAA, 0xAA, 0xAA, 0xAA, 0xAA, 0x80, 0x0, 0x95, 
0x55, 0x55, 0x55, 0x55, 0x55, 0x55, 0x55, 0x55, 0x55, 0x55, 0x55, 
0x55, 0x55, 0x55, 0x55, 0x55, 0x55, 0x55, 0x55, 0x55, 0x55, 0x55, 
0x55, 0x55, 0x55, 0x55, 0x55, 0x55, 0x55, 0x55, 0x55, 0x55, 0x55, 
0x55, 0x55, 0x55, 0x54, 0xA, 0xAA, 0xAA, 0xAA, 0xAA, 0xAA, 0xAA, 
0xAA, 0xAA, 0xAA, 0xAA, 0xAA, 0xAA, 0xAA, 0xAA, 0xA0, 0x15, 0x60, 
0x0, 0x55, 0x55, 0x55, 0x55, 0x55, 0x55, 0x55, 0x55, 0x55, 0x55, 
0x55, 0x55, 0x55, 0x55, 0x55, 0x55, 0x55, 0x55, 0x55, 0x55, 0x55, 
0x55, 0x55, 0x55, 0x55, 0x55, 0x55, 0x55, 0x55, 0x80, 0x0, 0xA, 
0xAA, 0xAA, 0xAA, 0xAA, 0xAA, 0xAA, 0xAA, 0xAA, 0xAA, 0xA0, 0x0, 
0xA, 0x55, 0x55, 0x55, 0x55, 0x55, 0x55, 0x55, 0x55, 0x55, 0x55, 
0x55, 0x55, 0x55, 0x55, 0x55, 0x55, 0x55, 0x55, 0x55, 0x55, 0x55, 
0x55, 0x55, 0x55, 0x55, 0x55, 0x55, 0x55, 0x55, 0x55, 0x55, 0x55, 
0x55, 0x55, 0x55, 0x55, 0x54, 0xA, 0xAA, 0xAA, 0xAA, 0xAA, 0xAA, 
0xAA, 0xAA, 0xAA, 0xAA, 0xAA, 0xAA, 0xAA, 0xAA, 0xAA, 0xA0, 0x16, 
0x0, 0x1, 0x55, 0x55, 0x55, 0x55, 0x55, 0x55, 0x55, 0x55, 0x55, 
0x55, 0x55, 0x55, 0x55, 0x55, 0x55, 0x55, 0x55, 0x55, 0x55, 0x55, 
0x55, 0x55, 0x55, 0x55, 0x55, 0x55, 0x55, 0x55, 0x56, 0x0, 0x0, 
0xAA, 0xAA, 0xAA, 0xAA, 0xAA, 0xAA, 0xAA, 0xAA, 0xAA, 0xAA, 0xAA, 
0x0, 0x0, 0x15, 0x55, 0x55, 0x55, 0x55, 0x55, 0x55, 0x55, 0x55, 
0x55, 0x55, 0x55, 0x55, 0x55, 0x55, 0x55, 0x55, 0x55, 0x55, 0x55, 
0x55, 0x55, 0x55, 0x55, 0x55, 0x55, 0x55, 0x55, 0x55, 0x55, 0x55, 
0x55, 0x55, 0x55, 0x55, 0x55, 0x58, 0xA, 0xAA, 0xAA, 0xAA, 0xAA, 
0xAA, 0xAA, 0xAA, 0xAA, 0xAA, 0xAA, 0xAA, 0xAA, 0xAA, 0xAA, 0xA0, 
0x18, 0x0, 0x5, 0x55, 0x55, 0x55, 0x55, 0x55, 0x55, 0x55, 0x55, 
0x55, 0x55, 0x55, 0x55, 0x55, 0x55, 0x55, 0x55, 0x55, 0x55, 0x55, 
0x55, 0x55, 0x55, 0x55, 0x55, 0x55, 0x55, 0x55, 0x55, 0x50, 0x0, 
0xA, 0xAA, 0xAA, 0xAA, 0xAA, 0xAA, 0xAA, 0xAA, 0xAA, 0xAA, 0xAA, 
0xAA, 0x80, 0x0, 0x5, 0x55, 0x55, 0x55, 0x55, 0x55, 0x55, 0x55, 
0x55, 0x55, 0x55, 0x55, 0x55, 0x55, 0x55, 0x55, 0x55, 0x55, 0x55, 
0x55, 0x55, 0x55, 0x55, 0x55, 0x55, 0x55, 0x55, 0x55, 0x55, 0x55, 
0x55, 0x55, 0x55, 0x55, 0x55, 0x55, 0x58, 0xA, 0xAA, 0xAA, 0xAA, 
0xAA, 0xAA, 0xAA, 0xAA, 0xAA, 0xAA, 0xAA, 0xAA, 0xAA, 0xAA, 0xAA, 
0xA0, 0x0, 0x0, 0x15, 0x55, 0x55, 0x55, 0x55, 0x55, 0x55, 0x68, 
0x25, 0x55, 0x55, 0x55, 0x55, 0x55, 0x55, 0x55, 0x55, 0x55, 0x55, 
0x55, 0x55, 0x55, 0x55, 0x55, 0x55, 0x55, 0x55, 0x55, 0x55, 0x80, 
0x0, 0xAA, 0xAA, 0xAA, 0xAA, 0xAA, 0xAA, 0xAA, 0xAA, 0xAA, 0xAA, 
0xAA, 0xAA, 0xA0, 0x0, 0x2, 0x55, 0x55, 0x55, 0x55, 0x55, 0x55, 
0x55, 0x55, 0x55, 0x55, 0x55, 0x55, 0x55, 0x55, 0x55, 0x55, 0x55, 
0x55, 0x55, 0x55, 0x55, 0x55, 0x55, 0x55, 0x55, 0x55, 0x55, 0x55, 
0x55, 0x55, 0x55, 0x55, 0x55, 0x55, 0x55, 0x58, 0xA, 0xAA, 0xAA, 
0xAA, 0xAA, 0xAA, 0xAA, 0xAA, 0xAA, 0xAA, 0xAA, 0xAA, 0xAA, 0xAA, 
0xAA, 0xA0, 0x0, 0x0, 0x55, 0x55, 0x55, 0x55, 0x55, 0x55, 0x55, 
0x40, 0x2, 0x55, 0x55, 0x55, 0x55, 0x55, 0x55, 0x55, 0x55, 0x55, 
0x55, 0x55, 0x55, 0x55, 0x55, 0x55, 0x55, 0x55, 0x55, 0x55, 0x56, 
0x0, 0x2, 0xAA, 0xAA, 0xAA, 0xAA, 0xAA, 0xAA, 0xAA, 0xAA, 0xAA, 
0xAA, 0xAA, 0xAA, 0xAA, 0x0, 0x0, 0x55, 0x55, 0x55, 0x55, 0x55, 
0x55, 0x55, 0x55, 0x55, 0x55, 0x55, 0x55, 0x55, 0x55, 0x55, 0x55, 
0x55, 0x55, 0x55, 0x55, 0x55, 0x55, 0x55, 0x55, 0x55, 0x55, 0x55, 
0x55, 0x55, 0x55, 0x55, 0x55, 0x55, 0x55, 0x55, 0x58, 0xA, 0xAA, 
0xAA, 0xAA, 0xAA, 0xAA, 0xAA, 0xAA, 0xAA, 0xAA, 0xAA, 0xAA, 0xAA, 
0xAA, 0xAA, 0x80, 0x8, 0x1, 0x55, 0x55, 0x55, 0x55, 0x55, 0x55, 
0x55, 0x40, 0x0, 0x95, 0x55, 0x55, 0x55, 0x55, 0x55, 0x55, 0x55, 
0x55, 0x55, 0x55, 0x55, 0x55, 0x55, 0x55, 0x55, 0x55, 0x55, 0x55, 
0x58, 0x0, 0x2A, 0xAA, 0xAA, 0xAA, 0xAA, 0xAA, 0xAA, 0xAA, 0xAA, 
0xAA, 0xAA, 0xAA, 0xAA, 0xAA, 0xA0, 0x0, 0x15, 0x55, 0x55, 0x55, 
0x55, 0x55, 0x55, 0x55, 0x55, 0x55, 0x55, 0x55, 0x55, 0x55, 0x55, 
0x55, 0x55, 0x55, 0x55, 0x55, 0x55, 0x55, 0x55, 0x55, 0x55, 0x55, 
0x55, 0x55, 0x55, 0x55, 0x55, 0x55, 0x55, 0x55, 0x55, 0x58, 0x2, 
0xAA, 0xAA, 0xAA, 0xAA, 0xAA, 0xAA, 0xAA, 0xAA, 0xAA, 0xAA, 0xAA, 
0xAA, 0xAA, 0xAA, 0x80, 0x20, 0x5, 0x55, 0x55, 0x55, 0x55, 0x55, 
0x55, 0x55, 0x40, 0x0, 0x25, 0x55, 0x55, 0x55, 0x55, 0x55, 0x55, 
0x55, 0x55, 0x55, 0x55, 0x55, 0x55, 0x55, 0x55, 0x55, 0x55, 0x55, 
0x55, 0x60, 0x0, 0xAA, 0xAA, 0xAA, 0xAA, 0xAA, 0xAA, 0xAA, 0xAA, 
0xAA, 0xAA, 0xAA, 0xAA, 0xAA, 0xAA, 0xAA, 0x0, 0x25, 0x55, 0x55, 
0x55, 0x55, 0x55, 0x55, 0x55, 0x55, 0x55, 0x55, 0x55, 0x55, 0x55, 
0x55, 0x55, 0x55, 0x55, 0x55, 0x55, 0x55, 0x55, 0x55, 0x55, 0x55, 
0x55, 0x55, 0x55, 0x55, 0x55, 0x55, 0x55, 0x55, 0x55, 0x55, 0x54, 
0x2, 0xAA, 0xAA, 0xAA, 0xAA, 0xAA, 0xAA, 0xAA, 0xAA, 0xAA, 0xAA, 
0xAA, 0xAA, 0xAA, 0xAA, 0x82, 0xA0, 0x15, 0x55, 0x55, 0x55, 0x55, 
0x55, 0x55, 0x55, 0x40, 0x0, 0x5, 0x55, 0x55, 0x55, 0x55, 0x55, 
0x55, 0x55, 0x55, 0x55, 0x55, 0x55, 0x55, 0x55, 0x55, 0x55, 0x55, 
0x55, 0x55, 0x80, 0x2, 0xAA, 0xAA, 0xAA, 0xAA, 0xAA, 0xAA, 0xAA, 
0xAA, 0xAA, 0xAA, 0xAA, 0xAA, 0xAA, 0xAA, 0xAA, 0x80, 0x9, 0x55, 
0x55, 0x55, 0x55, 0x55, 0x55, 0x55, 0x55, 0x55, 0x55, 0x55, 0x55, 
0x55, 0x55, 0x55, 0x55, 0x55, 0x55, 0x55, 0x55, 0x55, 0x55, 0x55, 
0x55, 0x55, 0x55, 0x55, 0x55, 0x55, 0x55, 0x55, 0x55, 0x55, 0x55, 
0x54, 0x2, 0xAA, 0xAA, 0xAA, 0xAA, 0xAA, 0xAA, 0xAA, 0xAA, 0xAA, 
0xAA, 0xAA, 0xAA, 0xAA, 0xAA, 0x8A, 0x80, 0x55, 0x55, 0x55, 0x55, 
0x55, 0x55, 0x55, 0x55, 0x60, 0x0, 0x9, 0x55, 0x55, 0x55, 0x55, 
0x55, 0x55, 0x55, 0x55, 0x55, 0x55, 0x55, 0x55, 0x55, 0x55, 0x55, 
0x55, 0x55, 0x56, 0x0, 0xA, 0xAA, 0xAA, 0xAA, 0xAA, 0xAA, 0xAA, 
0xAA, 0xAA, 0xAA, 0xAA, 0xAA, 0xAA, 0xAA, 0xAA, 0xAA, 0xA0, 0x1, 
0x55, 0x55, 0x55, 0x55, 0x55, 0x55, 0x55, 0x55, 0x55, 0x55, 0x55, 
0x55, 0x55, 0x55, 0x55, 0x55, 0x55, 0x55, 0x55, 0x55, 0x55, 0x55, 
0x55, 0x55, 0x55, 0x55, 0x55, 0x55, 0x55, 0x55, 0x55, 0x55, 0x55, 
0x55, 0x56, 0x22, 0xAA, 0xAA, 0xAA, 0xAA, 0xAA, 0xAA, 0xAA, 0xAA, 
0xAA, 0xAA, 0xAA, 0xAA, 0xAA, 0xAA, 0xAA, 0x1, 0x55, 0x55, 0x55, 
0x55, 0x55, 0x55, 0x55, 0x55, 0x60, 0x0, 0x1, 0x55, 0x55, 0x55, 
0x55, 0x55, 0x55, 0x55, 0x55, 0x55, 0x55, 0x55, 0x55, 0x55, 0x55, 
0x55, 0x55, 0x55, 0x54, 0x0, 0x2A, 0xAA, 0xAA, 0xAA, 0xAA, 0xAA, 
0xAA, 0xAA, 0xAA, 0xAA, 0xAA, 0xAA, 0xAA, 0xAA, 0xAA, 0xAA, 0xA0, 
0x2, 0x55, 0x55, 0x55, 0x55, 0x55, 0x55, 0x55, 0x55, 0x55, 0x55, 
0x55, 0x55, 0x55, 0x55, 0x55, 0x55, 0x55, 0x55, 0x55, 0x55, 0x55, 
0x55, 0x55, 0x55, 0x55, 0x55, 0x55, 0x55, 0x55, 0x55, 0x55, 0x55, 
0x55, 0x55, 0x56, 0x0, 0xAA, 0xAA, 0xAA, 0xAA, 0xAA, 0xAA, 0xAA, 
0xAA, 0xAA, 0xAA, 0xA8, 0xA, 0xAA, 0xAA, 0xA8, 0x5, 0x55, 0x55, 
0x55, 0x55, 0x55, 0x55, 0x55, 0x55, 0x60, 0x0, 0x2, 0x55, 0x55, 
0x68, 0x0, 0x2, 0x95, 0x55, 0x55, 0x55, 0x55, 0x55, 0x55, 0x55, 
0x55, 0x55, 0x55, 0x55, 0x50, 0x0, 0xAA, 0xAA, 0xAA, 0xAA, 0xAA, 
0xAA, 0xAA, 0xAA, 0xAA, 0xAA, 0xAA, 0xAA, 0xAA, 0xAA, 0xAA, 0xAA, 
0xA8, 0x0, 0x55, 0x55, 0x55, 0x55, 0x55, 0x55, 0x55, 0x55, 0x55, 
0x55, 0x55, 0x55, 0x55, 0x55, 0x55, 0x55, 0x55, 0x55, 0x55, 0x55, 
0x55, 0x55, 0x55, 0x55, 0x55, 0x55, 0x55, 0x55, 0x55, 0x55, 0x55, 
0x55, 0x55, 0x55, 0x55, 0x0, 0xAA, 0xAA, 0xAA, 0xAA, 0xAA, 0xAA, 
0xAA, 0xAA, 0xAA, 0xA8, 0x0, 0x0, 0xAA, 0xAA, 0xA0, 0x25, 0x55, 
0x55, 0x55, 0x55, 0x55, 0x55, 0x55, 0x55, 0x50, 0x0, 0x0, 0x55, 
0x5A, 0x0, 0x0, 0x0, 0x2, 0x55, 0x55, 0x55, 0x55, 0x55, 0x55, 
0x55, 0x55, 0x55, 0x55, 0x55, 0x60, 0x2, 0xAA, 0xAA, 0xAA, 0xAA, 
0xAA, 0xAA, 0xAA, 0xAA, 0xAA, 0xAA, 0xAA, 0xAA, 0xAA, 0xAA, 0xAA, 
0xAA, 0xAA, 0x0, 0x15, 0x55, 0x55, 0x55, 0x55, 0x55, 0x55, 0x55, 
0x55, 0x55, 0x55, 0x55, 0x55, 0x55, 0x55, 0x55, 0x55, 0x55, 0x55, 
0x55, 0x55, 0x55, 0x55, 0x55, 0x55, 0x55, 0x55, 0x55, 0x55, 0x55, 
0x55, 0x55, 0x55, 0x55, 0x55, 0x80, 0x2A, 0xAA, 0xAA, 0xAA, 0xAA, 
0xAA, 0xAA, 0xAA, 0xA8, 0x0, 0x0, 0x0, 0x0, 0x0, 0x0, 0x0, 
0xA9, 0x55, 0x55, 0x55, 0x55, 0x55, 0x55, 0x55, 0x50, 0x0, 0x0, 
0x95, 0x0, 0x0, 0x0, 0x0, 0x0, 0x29, 0x55, 0x55, 0x55, 0x55, 
0x55, 0x55, 0x55, 0x55, 0x55, 0x55, 0x40, 0xA, 0xAA, 0xAA, 0xAA, 
0xAA, 0xAA, 0xAA, 0xAA, 0xAA, 0xAA, 0xAA, 0xAA, 0xAA, 0xAA, 0xAA, 
0xAA, 0xAA, 0xAA, 0x0, 0x25, 0x55, 0x55, 0x55, 0x55, 0x55, 0x55, 
0x55, 0x55, 0x55, 0x55, 0x55, 0x55, 0x55, 0x55, 0x55, 0x55, 0x55, 
0x55, 0x55, 0x55, 0x55, 0x55, 0x55, 0x55, 0x55, 0x55, 0x55, 0x55, 
0x55, 0x55, 0x55, 0x55, 0x55, 0x55, 0x40, 0x2A, 0xAA, 0xAA, 0xAA, 
0xAA, 0xAA, 0xAA, 0xAA, 0x80, 0x0, 0x0, 0x0, 0x0, 0x0, 0x0, 
0x0, 0x0, 0xA, 0x55, 0x55, 0x55, 0x55, 0x55, 0x55, 0x50, 0x0, 
0x0, 0xA0, 0x0, 0x0, 0x0, 0x0, 0x0, 0x2, 0x55, 0x55, 0x55, 
0x55, 0x55, 0x55, 0x55, 0x55, 0x55, 0x55, 0x0, 0xA, 0xAA, 0xAA, 
0xAA, 0xAA, 0xAA, 0xAA, 0xAA, 0xAA, 0xAA, 0xAA, 0xAA, 0xAA, 0xAA, 
0xAA, 0xAA, 0xAA, 0xAA, 0x80, 0x5, 0x55, 0x55, 0x55, 0x55, 0x55, 
0x55, 0x55, 0x55, 0x55, 0x55, 0x55, 0x55, 0x55, 0x55, 0x55, 0x55, 
0x55, 0x55, 0x55, 0x55, 0x55, 0x55, 0x55, 0x55, 0x55, 0x55, 0x55, 
0x55, 0x55, 0x55, 0x55, 0x55, 0x55, 0x55, 0x60, 0xA, 0xAA, 0xAA, 
0xAA, 0xAA, 0xAA, 0xAA, 0xA8, 0x0, 0x0, 0x0, 0x0, 0x0, 0x0, 
0x0, 0x0, 0x0, 0x0, 0xA, 0x55, 0x55, 0x55, 0x55, 0x55, 0x50, 
0x2, 0x0, 0x0, 0x0, 0x2A, 0xAA, 0xA0, 0x0, 0x0, 0x25, 0x55, 
0x55, 0x55, 0x55, 0x55, 0x55, 0x55, 0x55, 0x55, 0x0, 0x2A, 0xAA, 
0xAA, 0xAA, 0xAA, 0xAA, 0xAA, 0xAA, 0xAA, 0xAA, 0xAA, 0xAA, 0xAA, 
0xAA, 0xAA, 0xAA, 0xAA, 0xAA, 0x80, 0x9, 0x55, 0x55, 0x55, 0x55, 
0x55, 0x55, 0x55, 0x55, 0x55, 0x55, 0x55, 0x55, 0x55, 0x55, 0x55, 
0x55, 0x55, 0x55, 0x55, 0x55, 0x55, 0x55, 0x55, 0x55, 0x55, 0x55, 
0x55, 0x55, 0x55, 0x55, 0x55, 0x55, 0x55, 0x55, 0x50, 0xA, 0xAA, 
0xAA, 0xAA, 0xAA, 0xAA, 0xAA, 0x80, 0x0, 0x0, 0x0, 0x0, 0x0, 
0x0, 0x0, 0x0, 0x20, 0x0, 0x0, 0x9, 0x55, 0x55, 0x55, 0x55, 
0x58, 0x2, 0x80, 0x0, 0xA, 0xAA, 0xAA, 0xAA, 0x80, 0x0, 0xA, 
0x95, 0x55, 0x55, 0x55, 0x55, 0x55, 0x55, 0x55, 0x54, 0x0, 0xAA, 
0xAA, 0xAA, 0xAA, 0xAA, 0xAA, 0xAA, 0xAA, 0xAA, 0xAA, 0xAA, 0xAA, 
0xAA, 0xAA, 0xAA, 0xAA, 0xAA, 0xAA, 0xA0, 0x9, 0x55, 0x55, 0x55, 
0x55, 0x55, 0x55, 0x55, 0x55, 0x55, 0x55, 0x55, 0x55, 0x55, 0x55, 
0x55, 0x55, 0x55, 0x55, 0x55, 0x55, 0x55, 0x55, 0x55, 0x55, 0x55, 
0x55, 0x55, 0x55, 0x55, 0x55, 0x55, 0x55, 0x55, 0x55, 0x58, 0x0, 
0xAA, 0xAA, 0xAA, 0xAA, 0xAA, 0xA8, 0x0, 0x0, 0x0, 0x0, 0x0, 
0x0, 0x0, 0x0, 0x0, 0x2, 0xAA, 0x0, 0x0, 0xA5, 0x55, 0x55, 
0x55, 0x58, 0x2, 0x80, 0x0, 0xAA, 0xAA, 0xAA, 0xAA, 0xA8, 0x0, 
0x0, 0xA9, 0x55, 0x55, 0x55, 0x55, 0x55, 0x55, 0x55, 0x58, 0x0, 
0xAA, 0xAA, 0xAA, 0xAA, 0xAA, 0xAA, 0xAA, 0xAA, 0xAA, 0xAA, 0xAA, 
0xAA, 0xAA, 0xAA, 0xAA, 0xAA, 0xAA, 0xAA, 0xA0, 0x2, 0x55, 0x55, 
0x55, 0x55, 0x55, 0x55, 0x55, 0x55, 0x55, 0x55, 0x55, 0x55, 0x55, 
0x55, 0x55, 0x55, 0x55, 0x55, 0x55, 0x55, 0x55, 0x55, 0x55, 0x55, 
0x55, 0x55, 0x55, 0x55, 0x55, 0x55, 0x55, 0x55, 0x55, 0x55, 0x56, 
0x0, 0xAA, 0xAA, 0xAA, 0xAA, 0xAA, 0x80, 0x0, 0x0, 0x20, 0x0, 
0x0, 0x0, 0x0, 0x0, 0x0, 0x0, 0x2, 0xAA, 0x80, 0x2, 0x55, 
0x55, 0x55, 0x58, 0x2, 0x80, 0xA, 0xAA, 0xAA, 0xAA, 0xAA, 0xAA, 
0x80, 0x0, 0x2A, 0x55, 0x55, 0x55, 0x55, 0x55, 0x55, 0x55, 0x58, 
0x2, 0xAA, 0xAA, 0xAA, 0xAA, 0xAA, 0xAA, 0xAA, 0xAA, 0xAA, 0xAA, 
0xAA, 0xAA, 0xAA, 0xAA, 0xAA, 0xAA, 0xAA, 0xAA, 0xA8, 0x0, 0x95, 
0x55, 0x55, 0x55, 0x55, 0x55, 0x55, 0x55, 0x55, 0x55, 0x55, 0x55, 
0x55, 0x55, 0x55, 0x55, 0x55, 0x55, 0x55, 0x55, 0x55, 0x55, 0x55, 
0x55, 0x55, 0x55, 0x55, 0x55, 0x55, 0x55, 0x55, 0x55, 0x55, 0x55, 
0x55, 0x80, 0x2A, 0xAA, 0xAA, 0xAA, 0xAA, 0x0, 0x0, 0x0, 0x0, 
0x0, 0x2A, 0xAA, 0xAA, 0xAA, 0xAA, 0x80, 0x0, 0x2A, 0xAA, 0x0, 
0x15, 0x55, 0x55, 0x58, 0x2, 0xA0, 0xA, 0xAA, 0xAA, 0xAA, 0xAA, 
0xAA, 0xA0, 0x80, 0x2, 0x95, 0x55, 0x55, 0x55, 0x55, 0x55, 0x55, 
0x50, 0x2, 0xAA, 0xAA, 0xAA, 0xAA, 0xAA, 0xAA, 0xAA, 0xAA, 0xAA, 
0xAA, 0xAA, 0xAA, 0xAA, 0xAA, 0xAA, 0xAA, 0xAA, 0xAA, 0xA8, 0x0, 
0x15, 0x55, 0x55, 0x55, 0x55, 0x55, 0x55, 0x55, 0x55, 0x55, 0x55, 
0x55, 0x55, 0x55, 0x55, 0x55, 0x55, 0x55, 0x55, 0x55, 0x55, 0x55, 
0x55, 0x55, 0x55, 0x55, 0x55, 0x55, 0x55, 0x55, 0x55, 0x55, 0x55, 
0x55, 0x55, 0x40, 0xA, 0xAA, 0xAA, 0xAA, 0xA8, 0x0, 0x0, 0x0, 
0x0, 0xAA, 0xAA, 0xAA, 0xAA, 0xAA, 0xAA, 0xAA, 0xA0, 0x0, 0xAA, 
0xA0, 0x1, 0x55, 0x55, 0x58, 0x2, 0xA0, 0xA, 0xAA, 0xAA, 0xAA, 
0xAA, 0xAA, 0xAA, 0x28, 0x0, 0xA5, 0x55, 0x55, 0x55, 0x55, 0x55, 
0x55, 0x60, 0xA, 0xAA, 0xAA, 0xAA, 0xAA, 0xAA, 0xAA, 0xAA, 0xAA, 
0xAA, 0xAA, 0xAA, 0xAA, 0xAA, 0xAA, 0xAA, 0xAA, 0xAA, 0xAA, 0xAA, 
0x0, 0x25, 0x55, 0x55, 0x55, 0x55, 0x55, 0x55, 0x55, 0x55, 0x55, 
0x55, 0x55, 0x55, 0x55, 0x55, 0x55, 0x55, 0x55, 0x55, 0x55, 0x55, 
0x55, 0x55, 0x55, 0x55, 0x55, 0x55, 0x55, 0x55, 0x55, 0x55, 0x55, 
0x55, 0x55, 0x55, 0x50, 0xA, 0xAA, 0xAA, 0xAA, 0xA0, 0x0, 0x0, 
0x2, 0xAA, 0xAA, 0xAA, 0xAA, 0xAA, 0xAA, 0xAA, 0xAA, 0xAA, 0x0, 
0xA, 0xAA, 0x0, 0x95, 0x55, 0x58, 0x2, 0xA0, 0x2, 0xAA, 0xAA, 
0xAA, 0xAA, 0xAA, 0xAA, 0xAA, 0x0, 0x29, 0x55, 0x55, 0x55, 0x55, 
0x55, 0x55, 0x60, 0xA, 0xAA, 0xAA, 0xAA, 0xAA, 0xAA, 0xAA, 0xAA, 
0xAA, 0xAA, 0xAA, 0xAA, 0xAA, 0xAA, 0xAA, 0xAA, 0xAA, 0xAA, 0xAA, 
0xAA, 0x0, 0x9, 0x55, 0x55, 0x55, 0x55, 0x55, 0x55, 0x55, 0x55, 
0x55, 0x55, 0x55, 0x55, 0x55, 0x55, 0x55, 0x55, 0x55, 0x55, 0x55, 
0x55, 0x55, 0x55, 0x55, 0x55, 0x55, 0x55, 0x55, 0x55, 0x55, 0x55, 
0x55, 0x55, 0x55, 0x55, 0x54, 0x2, 0xAA, 0xAA, 0xAA, 0x80, 0x0, 
0x2, 0xAA, 0xAA, 0xAA, 0xAA, 0xAA, 0xAA, 0xAA, 0xAA, 0xAA, 0xAA, 
0xA8, 0x0, 0xAA, 0x80, 0x9, 0x55, 0x58, 0x2, 0xA0, 0x2, 0xAA, 
0xAA, 0xAA, 0xAA, 0xAA, 0xAA, 0xAA, 0x80, 0x2A, 0x55, 0x55, 0x55, 
0x55, 0x55, 0x55, 0x40, 0xA, 0xAA, 0xAA, 0xAA, 0xAA, 0xAA, 0xAA, 
0xAA, 0xAA, 0xAA, 0xAA, 0xAA, 0xAA, 0xAA, 0xAA, 0xAA, 0xAA, 0xAA, 
0xAA, 0xAA, 0x0, 0x1, 0x55, 0x55, 0x55, 0x55, 0x55, 0x55, 0x55, 
0x55, 0x55, 0x55, 0x55, 0x55, 0x55, 0x55, 0x55, 0x55, 0x55, 0x55, 
0x55, 0x55, 0x55, 0x55, 0x55, 0x55, 0x55, 0x55, 0x55, 0x55, 0x55, 
0x55, 0x55, 0x55, 0x55, 0x55, 0x55, 0x80, 0xAA, 0xAA, 0xA8, 0x0, 
0x2, 0xAA, 0xAA, 0xAA, 0xAA, 0xAA, 0xAA, 0xAA, 0xAA, 0xAA, 0xAA, 
0xAA, 0xAA, 0x80, 0xA, 0xA8, 0x2, 0x55, 0x58, 0x2, 0xA0, 0x2, 
0xAA, 0xAA, 0xAA, 0xAA, 0xAA, 0xAA, 0xAA, 0xA0, 0xA, 0x55, 0x55, 
0x55, 0x55, 0x55, 0x55, 0x40, 0x2A, 0xAA, 0xAA, 0xAA, 0xAA, 0xAA, 
0xAA, 0xAA, 0xAA, 0xAA, 0xAA, 0xAA, 0xAA, 0xAA, 0xAA, 0xAA, 0xAA, 
0xAA, 0xAA, 0xAA, 0x80, 0x2, 0x55, 0x55, 0x55, 0x55, 0x55, 0x55, 
0x55, 0x55, 0x55, 0x55, 0x55, 0x55, 0x55, 0x55, 0x55, 0x55, 0x55, 
0x55, 0x55, 0x55, 0x55, 0x55, 0x55, 0x55, 0x55, 0x55, 0x55, 0x55, 
0x55, 0x55, 0x55, 0x55, 0x55, 0x55, 0x55, 0x60, 0x2A, 0xAA, 0xA0, 
0x0, 0x2A, 0xAA, 0xAA, 0xAA, 0xAA, 0xAA, 0xAA, 0xAA, 0xAA, 0xAA, 
0xAA, 0xAA, 0xAA, 0xA0, 0x0, 0xAA, 0x80, 0x25, 0x54, 0x2, 0xA0, 
0x2, 0xAA, 0xAA, 0xAA, 0xAA, 0xAA, 0xAA, 0xAA, 0xA8, 0x2, 0x95, 
0x55, 0x55, 0x55, 0x55, 0x55, 0x80, 0x2A, 0xAA, 0xAA, 0xAA, 0xAA, 
0xAA, 0xAA, 0xAA, 0xAA, 0xAA, 0xAA, 0xAA, 0xAA, 0xAA, 0xAA, 0xAA, 
0xAA, 0xAA, 0xAA, 0xAA, 0x80, 0x0, 0x55, 0x55, 0x55, 0x55, 0x55, 
0x55, 0x55, 0x55, 0x55, 0x55, 0x55, 0x55, 0x55, 0x55, 0x55, 0x55, 
0x55, 0x55, 0x55, 0x55, 0x55, 0x55, 0x55, 0x55, 0x55, 0x55, 0x55, 
0x55, 0x55, 0x55, 0x55, 0x55, 0x55, 0x55, 0x55, 0x58, 0xA, 0xA8, 
0x0, 0xA, 0xAA, 0xAA, 0xAA, 0xAA, 0xAA, 0xAA, 0xAA, 0xAA, 0xAA, 
0xAA, 0xAA, 0xAA, 0xAA, 0xAA, 0x0, 0x2A, 0xA0, 0x9, 0x54, 0x2, 
0xA0, 0x2, 0xAA, 0xAA, 0xAA, 0xAA, 0xAA, 0xAA, 0xAA, 0xAA, 0x0, 
0xA5, 0x55, 0x55, 0x55, 0x55, 0x55, 0x80, 0x2A, 0xAA, 0xAA, 0xAA, 
0xAA, 0xAA, 0xAA, 0xAA, 0xAA, 0xAA, 0xAA, 0xAA, 0xAA, 0xAA, 0xAA, 
0xAA, 0xAA, 0xAA, 0xAA, 0xAA, 0x80, 0x0, 0x55, 0x55, 0x55, 0x55, 
0x55, 0x55, 0x55, 0x55, 0x55, 0x55, 0x55, 0x55, 0x55, 0x55, 0x55, 
0x55, 0x55, 0x55, 0x55, 0x55, 0x55, 0x55, 0x55, 0x55, 0x55, 0x55, 
0x55, 0x55, 0x55, 0x55, 0x55, 0x55, 0x55, 0x55, 0x55, 0x56, 0xA, 
0x80, 0x0, 0xAA, 0xAA, 0xAA, 0xAA, 0xAA, 0xAA, 0xAA, 0xAA, 0xAA, 
0xAA, 0xAA, 0xAA, 0xAA, 0xAA, 0xAA, 0xA0, 0xA, 0xAA, 0x0, 0x54, 
0x2, 0xA0, 0x0, 0xAA, 0xAA, 0xAA, 0xAA, 0xAA, 0xAA, 0xAA, 0xAA, 
0x80, 0xA9, 0x55, 0x55, 0x55, 0x55, 0x56, 0x80, 0x2A, 0xAA, 0xAA, 
0xAA, 0xAA, 0xAA, 0xAA, 0xAA, 0xAA, 0xAA, 0xAA, 0xAA, 0xAA, 0xAA, 
0xAA, 0xAA, 0xAA, 0xAA, 0xAA, 0xAA, 0x80, 0x0, 0x15, 0x55, 0x55, 
0x55, 0x55, 0x55, 0x55, 0x55, 0x55, 0x55, 0x55, 0x55, 0x55, 0x55, 
0x55, 0x55, 0x55, 0x55, 0x55, 0x55, 0x55, 0x55, 0x55, 0x55, 0x55, 
0x55, 0x55, 0x55, 0x55, 0x55, 0x55, 0x55, 0x59, 0x55, 0x55, 0x55, 
0xA8, 0x0, 0x2A, 0xAA, 0xAA, 0xAA, 0xAA, 0xAA, 0xAA, 0xAA, 0xAA, 
0xAA, 0xAA, 0xAA, 0xAA, 0xAA, 0xAA, 0xAA, 0xA8, 0x0, 0xAA, 0x80, 
0x24, 0x2, 0xA0, 0x0, 0xAA, 0xAA, 0xAA, 0xAA, 0xAA, 0xAA, 0xAA, 
0xAA, 0x80, 0x29, 0x55, 0x55, 0x55, 0x55, 0x5A, 0x80, 0x2A, 0xAA, 
0xAA, 0xAA, 0xAA, 0xAA, 0xAA, 0xAA, 0xAA, 0xAA, 0xAA, 0xAA, 0xAA, 
0xAA, 0xAA, 0xAA, 0xAA, 0xAA, 0xAA, 0xAA, 0xA0, 0x0, 0x15, 0x55, 
0x55, 0x55, 0x55, 0x55, 0x55, 0x55, 0x55, 0x55, 0x55, 0x55, 0x55, 
0x55, 0x55, 0x55, 0x55, 0x55, 0x55, 0x55, 0x55, 0x55, 0x55, 0x55, 
0x55, 0x55, 0x55, 0x55, 0x55, 0x55, 0x55, 0x55, 0x50, 0x25, 0x55, 
0x56, 0xA0, 0xA, 0xAA, 0xAA, 0xAA, 0xAA, 0xAA, 0xAA, 0xAA, 0xAA, 
0xAA, 0xAA, 0xAA, 0xAA, 0xAA, 0xAA, 0xAA, 0xAA, 0xAA, 0x80, 0x2A, 
0xA0, 0x8, 0x2, 0xA0, 0x0, 0xAA, 0xAA, 0xAA, 0xAA, 0xAA, 0xAA, 
0xAA, 0xAA, 0xA0, 0xA, 0x56, 0x89, 0x55, 0x55, 0x59, 0x80, 0x2A, 
0xAA, 0xAA, 0xAA, 0xAA, 0xAA, 0xAA, 0xAA, 0xAA, 0xAA, 0xAA, 0xAA, 
0xAA, 0xAA, 0xAA, 0xAA, 0xAA, 0xAA, 0xAA, 0xAA, 0xA0, 0x0, 0x25, 
0x55, 0x55, 0x55, 0x55, 0x55, 0x55, 0x55, 0x55, 0x55, 0x55, 0x55, 
0x55, 0x55, 0x55, 0x55, 0x55, 0x55, 0x55, 0x55, 0x55, 0x55, 0x55, 
0x55, 0x55, 0x55, 0x55, 0x55, 0x55, 0x55, 0x55, 0x55, 0x56, 0x0, 
0x0, 0xA2, 0x0, 0xAA, 0xAA, 0xAA, 0xAA, 0xAA, 0xAA, 0xAA, 0xAA, 
0xAA, 0xAA, 0xAA, 0xAA, 0xAA, 0xAA, 0xAA, 0xAA, 0xAA, 0xAA, 0xA0, 
0xA, 0xAA, 0x0, 0x2, 0xA8, 0x0, 0xAA, 0xAA, 0xAA, 0xAA, 0xAA, 
0xAA, 0xAA, 0xAA, 0xA0, 0xA, 0x56, 0x0, 0x29, 0x55, 0x55, 0x0, 
0x2A, 0xAA, 0xAA, 0xAA, 0xAA, 0xAA, 0xAA, 0xAA, 0xAA, 0xAA, 0xAA, 
0xAA, 0xAA, 0xAA, 0xAA, 0xAA, 0xAA, 0xAA, 0xAA, 0xAA, 0xA0, 0x0, 
0x25, 0x55, 0x55, 0x55, 0x55, 0x55, 0x55, 0x55, 0x55, 0x55, 0x55, 
0x55, 0x55, 0x55, 0x55, 0x55, 0x55, 0x55, 0x55, 0x55, 0x55, 0x55, 
0x55, 0x55, 0x55, 0x55, 0x55, 0x55, 0x55, 0x55, 0x55, 0x55, 0x55, 
0x5A, 0xA0, 0x20, 0xA, 0xAA, 0xAA, 0xAA, 0xAA, 0xAA, 0xAA, 0xAA, 
0xAA, 0xAA, 0xAA, 0xAA, 0xAA, 0xAA, 0xAA, 0xAA, 0xAA, 0xAA, 0xAA, 
0xA8, 0x2, 0xAA, 0x80, 0x2, 0xA8, 0x0, 0xAA, 0xAA, 0xAA, 0xAA, 
0xAA, 0xAA, 0xAA, 0xAA, 0xA8, 0x2, 0x94, 0x0, 0x0, 0xA5, 0x55, 
0x0, 0x2A, 0xAA, 0xAA, 0xAA, 0xAA, 0xAA, 0xAA, 0xAA, 0xAA, 0xAA, 
0xAA, 0xAA, 0xAA, 0xAA, 0xAA, 0xAA, 0xAA, 0xAA, 0xAA, 0xAA, 0xA0, 
0x0, 0x5, 0x55, 0x55, 0x55, 0x55, 0x55, 0x55, 0x55, 0x55, 0x55, 
0x55, 0x55, 0x55, 0x55, 0x55, 0x55, 0x55, 0x55, 0x55, 0x55, 0x55, 
0x55, 0x55, 0x55, 0x55, 0x55, 0x55, 0x55, 0x55, 0x55, 0x55, 0x55, 
0x55, 0x55, 0xAA, 0x80, 0xAA, 0xAA, 0xAA, 0xAA, 0xAA, 0xAA, 0xAA, 
0xAA, 0xAA, 0xAA, 0xAA, 0xAA, 0xAA, 0xAA, 0xAA, 0xAA, 0xAA, 0xAA, 
0xAA, 0xAA, 0x80, 0xAA, 0x80, 0x2, 0xAA, 0x0, 0xAA, 0xAA, 0xAA, 
0xAA, 0xAA, 0xAA, 0xAA, 0xAA, 0xAA, 0x2, 0xA6, 0x0, 0x0, 0x2, 
0x55, 0x80, 0x2A, 0xAA, 0xAA, 0xAA, 0xAA, 0xAA, 0xAA, 0xAA, 0xAA, 
0xAA, 0xAA, 0xAA, 0xAA, 0xAA, 0xAA, 0xAA, 0xAA, 0xAA, 0xAA, 0xAA, 
0xA0, 0x0, 0x5, 0x55, 0x55, 0x55, 0x55, 0x55, 0x55, 0x55, 0x55, 
0x55, 0x55, 0x55, 0x55, 0x55, 0x55, 0x55, 0x55, 0x55, 0x55, 0x55, 
0x55, 0x55, 0x55, 0x55, 0x55, 0x55, 0x55, 0x55, 0x55, 0x55, 0x55, 
0x55, 0x55, 0x68, 0x2, 0xA, 0xAA, 0xAA, 0xAA, 0xAA, 0xAA, 0xAA, 
0xAA, 0xAA, 0xAA, 0xAA, 0xAA, 0xAA, 0xAA, 0xAA, 0xAA, 0xAA, 0xAA, 
0xAA, 0xAA, 0xAA, 0xA0, 0x2A, 0xA0, 0x2, 0xAA, 0x80, 0xAA, 0xAA, 
0xAA, 0xAA, 0xAA, 0xAA, 0xAA, 0xAA, 0xAA, 0x2, 0xA5, 0x80, 0x0, 
0x0, 0x25, 0x80, 0x2A, 0xAA, 0xAA, 0xAA, 0xAA, 0xAA, 0xAA, 0xAA, 
0xAA, 0xAA, 0xAA, 0xAA, 0xAA, 0xAA, 0xAA, 0xAA, 0xAA, 0xAA, 0xAA, 
0xAA, 0xA0, 0x0, 0x9, 0x55, 0x55, 0x55, 0x55, 0x55, 0x55, 0x55, 
0x55, 0x55, 0x55, 0x55, 0x55, 0x55, 0x55, 0x55, 0x55, 0x55, 0x55, 
0x55, 0x55, 0x55, 0x55, 0x55, 0x55, 0x55, 0x55, 0x55, 0x55, 0x55, 
0x55, 0x55, 0x56, 0x0, 0x0, 0xAA, 0xAA, 0xA2, 0xAA, 0xAA, 0xAA, 
0xAA, 0xAA, 0xAA, 0xAA, 0xAA, 0xAA, 0xAA, 0xAA, 0xAA, 0xAA, 0xAA, 
0xAA, 0xAA, 0xAA, 0xAA, 0xA8, 0xA, 0xA8, 0x2, 0xAA, 0x0, 0xAA, 
0xAA, 0xAA, 0xAA, 0xAA, 0xAA, 0xAA, 0xAA, 0xAA, 0x80, 0x99, 0x40, 
0x0, 0x0, 0x2, 0x80, 0x2A, 0xAA, 0xAA, 0xAA, 0xAA, 0xAA, 0xAA, 
0xAA, 0xAA, 0xAA, 0xAA, 0xAA, 0xAA, 0xAA, 0xAA, 0xAA, 0xAA, 0xAA, 
0xAA, 0xAA, 0xA0, 0x0, 0xA, 0x55, 0x55, 0x55, 0x55, 0x55, 0x55, 
0x55, 0x55, 0x55, 0x55, 0x55, 0x55, 0x55, 0x55, 0x55, 0x55, 0x55, 
0x55, 0x55, 0x55, 0x55, 0x55, 0x55, 0x55, 0x55, 0x55, 0x55, 0x55, 
0x55, 0x55, 0x55, 0x58, 0x0, 0x82, 0xAA, 0xAA, 0xA, 0xAA, 0xAA, 
0xAA, 0xAA, 0xAA, 0xAA, 0xAA, 0xAA, 0xAA, 0xAA, 0xAA, 0xAA, 0xAA, 
0xAA, 0xAA, 0xAA, 0xAA, 0xAA, 0xAA, 0x2, 0xAA, 0x2, 0xA8, 0x2, 
0xAA, 0xAA, 0xAA, 0xAA, 0xAA, 0xAA, 0xAA, 0xAA, 0xAA, 0x80, 0x95, 
0x50, 0x2, 0x80, 0x0, 0x0, 0xAA, 0xAA, 0xAA, 0xAA, 0xAA, 0xAA, 
0xAA, 0xAA, 0xAA, 0xAA, 0xAA, 0xAA, 0xAA, 0xAA, 0xAA, 0xAA, 0xAA, 
0xAA, 0xAA, 0xAA, 0xA0, 0x8, 0x2, 0x95, 0x55, 0x55, 0x55, 0x55, 
0x55, 0x55, 0x55, 0x55, 0x55, 0x55, 0x55, 0x55, 0x55, 0x55, 0x55, 
0x55, 0x55, 0x55, 0x55, 0x55, 0x55, 0x55, 0x55, 0x55, 0x55, 0x55, 
0x55, 0x55, 0x5F, 0xD5, 0x40, 0x0, 0xA, 0xAA, 0xA8, 0x2A, 0xAA, 
0xAA, 0xAA, 0xAA, 0xAA, 0xAA, 0xAA, 0xAA, 0xAA, 0xAA, 0xAA, 0xAA, 
0xAA, 0xAA, 0xAA, 0xAA, 0xAA, 0xAA, 0xAA, 0x80, 0xAA, 0x80, 0x8, 
0xA, 0xAA, 0xAA, 0xAA, 0xAA, 0xAA, 0xAA, 0xAA, 0xAA, 0xAA, 0x80, 
0x26, 0x54, 0x0, 0xA8, 0x0, 0x0, 0xAA, 0xAA, 0xAA, 0xAA, 0xAA, 
0xAA, 0xAA, 0xAA, 0xAA, 0xAA, 0xAA, 0xAA, 0xAA, 0xAA, 0xAA, 0xAA, 
0xAA, 0xAA, 0xAA, 0xAA, 0xAA, 0xA8, 0x2, 0x95, 0x55, 0x55, 0x55, 
0x55, 0x55, 0x55, 0x55, 0x55, 0x55, 0x55, 0x55, 0x55, 0x55, 0x55, 
0x55, 0x55, 0x55, 0x55, 0x55, 0x55, 0x55, 0x55, 0x55, 0x55, 0x55, 
0x55, 0x55, 0x55, 0x7F, 0xD5, 0x0, 0x0, 0xAA, 0xAA, 0xA0, 0xAA, 
0xAA, 0xAA, 0xAA, 0xAA, 0xAA, 0xAA, 0xAA, 0xAA, 0xAA, 0xAA, 0xAA, 
0xAA, 0xAA, 0xAA, 0xAA, 0xAA, 0xAA, 0xAA, 0xAA, 0xA0, 0x2A, 0xA0, 
0xA, 0xAA, 0xAA, 0xAA, 0xAA, 0xAA, 0xAA, 0xAA, 0xAA, 0xAA, 0xAA, 
0xA0, 0x25, 0x55, 0x0, 0x2A, 0x80, 0x0, 0xAA, 0xAA, 0xAA, 0xAA, 
0xAA, 0xAA, 0xAA, 0xAA, 0xAA, 0xAA, 0xAA, 0xAA, 0xAA, 0xAA, 0xAA, 
0xAA, 0xAA, 0xAA, 0xAA, 0xAA, 0xAA, 0xA8, 0x2, 0x95, 0x55, 0x55, 
0x55, 0x55, 0x55, 0x55, 0x55, 0x55, 0x55, 0x55, 0x55, 0x55, 0x55, 
0x55, 0x55, 0x55, 0x55, 0x55, 0x55, 0x55, 0x55, 0x55, 0x55, 0x55, 
0x55, 0x55, 0x55, 0x55, 0xFF, 0xD4, 0x2, 0xA, 0xAA, 0xAA, 0x80, 
0xAA, 0xAA, 0xA8, 0xAA, 0xAA, 0xAA, 0x2A, 0xAA, 0xAA, 0xAA, 0xAA, 
0xAA, 0xAA, 0xAA, 0xAA, 0xAA, 0xAA, 0xAA, 0xAA, 0xAA, 0xA8, 0xA, 
0xA8, 0x2, 0xAA, 0xAA, 0xAA, 0xAA, 0xAA, 0xAA, 0xAA, 0xAA, 0xAA, 
0xAA, 0xA0, 0x25, 0x55, 0x80, 0x2A, 0xA8, 0x0, 0xA, 0xAA, 0xAA, 
0xAA, 0xAA, 0xAA, 0xAA, 0xAA, 0xAA, 0xAA, 0xAA, 0xAA, 0xAA, 0xAA, 
0xAA, 0xAA, 0xAA, 0xAA, 0xAA, 0xAA, 0xAA, 0xA8, 0x2, 0x55, 0x55, 
0x55, 0x55, 0x55, 0x55, 0x55, 0x55, 0x55, 0x55, 0x55, 0x55, 0x55, 
0x55, 0x55, 0x55, 0x55, 0x55, 0x55, 0x55, 0x55, 0x55, 0x55, 0x55, 
0x55, 0x55, 0x55, 0x55, 0x55, 0xFF, 0x50, 0x8, 0x2A, 0xAA, 0xAA, 
0x2, 0xAA, 0xAA, 0xA2, 0xAA, 0xAA, 0xA8, 0x2A, 0xAA, 0xAA, 0xAA, 
0xAA, 0xAA, 0xAA, 0xAA, 0xAA, 0xAA, 0xAA, 0xAA, 0xAA, 0xAA, 0xAA, 
0x2, 0xAA, 0x0, 0xAA, 0xAA, 0xAA, 0xAA, 0xAA, 0xAA, 0xAA, 0xAA, 
0xAA, 0xAA, 0xA0, 0x27, 0xD5, 0x60, 0xA, 0xAA, 0x80, 0x2, 0xAA, 
0xAA, 0xAA, 0xAA, 0xAA, 0xAA, 0xAA, 0xAA, 0xAA, 0xAA, 0xAA, 0xAA, 
0xAA, 0xAA, 0xAA, 0xAA, 0xAA, 0xAA, 0xAA, 0xAA, 0xA8, 0x2, 0x55, 
0x55, 0x55, 0x55, 0x55, 0x55, 0x55, 0x55, 0x55, 0x55, 0x55, 0x55, 
0x55, 0x55, 0x55, 0x55, 0x55, 0x55, 0x55, 0x55, 0x55, 0x55, 0x55, 
0x55, 0x55, 0x55, 0x55, 0x55, 0x57, 0xFD, 0x60, 0x20, 0x2A, 0xAA, 
0xAA, 0xA, 0xAA, 0xAA, 0x82, 0xAA, 0xAA, 0xA0, 0x2A, 0xAA, 0xAA, 
0xAA, 0xAA, 0xAA, 0xAA, 0xAA, 0xAA, 0xAA, 0xAA, 0xAA, 0xAA, 0xAA, 
0xAA, 0x2, 0xAA, 0x80, 0x2A, 0xAA, 0xAA, 0xAA, 0xAA, 0xAA, 0xAA, 
0xAA, 0xAA, 0xAA, 0xA0, 0x7, 0xF5, 0x50, 0x2, 0xAA, 0xA0, 0x0, 
0xAA, 0xAA, 0xAA, 0xAA, 0xAA, 0xAA, 0xAA, 0xAA, 0xAA, 0xAA, 0xAA, 
0xAA, 0xAA, 0xAA, 0xAA, 0xAA, 0xAA, 0xAA, 0xAA, 0xAA, 0xA8, 0x2, 
0x55, 0x55, 0x55, 0x55, 0x55, 0x55, 0x55, 0x55, 0x55, 0x55, 0x55, 
0x55, 0x55, 0x55, 0x55, 0x55, 0x55, 0x55, 0x55, 0x55, 0x55, 0x55, 
0x55, 0x55, 0x55, 0x55, 0x55, 0x55, 0x57, 0xF5, 0x40, 0xA0, 0xAA, 
0xAA, 0xA8, 0xA, 0xAA, 0xAA, 0x8A, 0xAA, 0xAA, 0x80, 0xAA, 0xAA, 
0xAA, 0xAA, 0xAA, 0xAA, 0xAA, 0xAA, 0xAA, 0xAA, 0xAA, 0xAA, 0xAA, 
0xAA, 0xAA, 0x80, 0xAA, 0x80, 0x2A, 0xAA, 0xAA, 0xAA, 0xAA, 0xAA, 
0xAA, 0xAA, 0xAA, 0xAA, 0xA8, 0x7, 0xFD, 0x54, 0x0, 0xAA, 0xA8, 
0x0, 0x2A, 0xAA, 0xAA, 0xAA, 0xAA, 0xAA, 0xAA, 0xAA, 0xAA, 0xAA, 
0xAA, 0xAA, 0xAA, 0xAA, 0xAA, 0xAA, 0xAA, 0xAA, 0xAA, 0xAA, 0xA8, 
0x2, 0x55, 0x55, 0x55, 0x55, 0x55, 0x55, 0x55, 0x55, 0x55, 0x55, 
0x55, 0x55, 0x55, 0x55, 0x55, 0x55, 0x55, 0x55, 0x55, 0x55, 0x55, 
0x55, 0x55, 0x55, 0x55, 0x55, 0x55, 0x55, 0x5F, 0xD5, 0x82, 0x80, 
0xAA, 0xAA, 0xA8, 0x2A, 0xAA, 0xAA, 0xA, 0xAA, 0xAA, 0x80, 0xAA, 
0xAA, 0xAA, 0xAA, 0xAA, 0xAA, 0xAA, 0xAA, 0xAA, 0xAA, 0xAA, 0xAA, 
0xAA, 0xAA, 0xAA, 0xA0, 0x2A, 0xA0, 0xA, 0xAA, 0xAA, 0xAA, 0xAA, 
0xAA, 0xAA, 0xAA, 0xAA, 0xAA, 0xA8, 0xB, 0xFD, 0x56, 0x0, 0xAA, 
0xA8, 0x0, 0x2A, 0xAA, 0xAA, 0xAA, 0xAA, 0xAA, 0xAA, 0xAA, 0xAA, 
0xAA, 0xAA, 0xAA, 0xAA, 0xAA, 0xAA, 0xAA, 0xAA, 0xAA, 0xAA, 0xAA, 
0xA8, 0x1, 0x55, 0x55, 0x55, 0x55, 0x55, 0x55, 0x55, 0x55, 0x55, 
0x55, 0x55, 0x55, 0x55, 0x55, 0x55, 0x55, 0x55, 0x55, 0x55, 0x55, 
0x55, 0x55, 0x55, 0x55, 0x55, 0x55, 0x55, 0x55, 0x5F, 0xD5, 0x82, 
0x82, 0xAA, 0xAA, 0xA0, 0x2A, 0xAA, 0xA8, 0x2A, 0xAA, 0xAA, 0x2, 
0xAA, 0xAA, 0xAA, 0xAA, 0xAA, 0xAA, 0xAA, 0xAA, 0xAA, 0xA8, 0x2A, 
0xAA, 0xAA, 0xAA, 0xAA, 0xA8, 0x2A, 0xA8, 0x2, 0xAA, 0xAA, 0xAA, 
0xAA, 0xAA, 0xAA, 0xAA, 0xAA, 0xAA, 0xA8, 0xB, 0xFD, 0x55, 0x80, 
0x2A, 0xAA, 0x80, 0x2A, 0xAA, 0xAA, 0xAA, 0xAA, 0xAA, 0xAA, 0xAA, 
0xAA, 0xAA, 0xAA, 0xAA, 0xAA, 0xAA, 0xAA, 0xAA, 0xAA, 0xAA, 0xAA, 
0xAA, 0xA8, 0x1, 0x55, 0x55, 0x55, 0x55, 0x55, 0x55, 0x55, 0x55, 
0x55, 0x55, 0x55, 0x55, 0x55, 0x55, 0x55, 0x55, 0x55, 0x55, 0x55, 
0x55, 0x55, 0x55, 0x55, 0x55, 0x55, 0x55, 0x55, 0x55, 0x7F, 0xD5, 
0x82, 0x2, 0xAA, 0xAA, 0xA0, 0xAA, 0xAA, 0xA8, 0x2A, 0xAA, 0xAA, 
0x2, 0xAA, 0xAA, 0xAA, 0xAA, 0x80, 0xAA, 0xAA, 0xAA, 0xAA, 0x80, 
0xA, 0xAA, 0xAA, 0xAA, 0xAA, 0xAA, 0xA, 0xA8, 0x2, 0xAA, 0xAA, 
0xAA, 0xAA, 0xAA, 0xAA, 0xAA, 0xAA, 0xAA, 0xA8, 0xB, 0xFD, 0x55, 
0x40, 0xA, 0xAA, 0x20, 0x2A, 0xAA, 0xAA, 0xAA, 0xAA, 0xAA, 0xAA, 
0xAA, 0xAA, 0xAA, 0xAA, 0xAA, 0xAA, 0xAA, 0xAA, 0xAA, 0xAA, 0xAA, 
0xAA, 0xAA, 0xA8, 0x1, 0x55, 0x55, 0x55, 0x55, 0x55, 0x55, 0x55, 
0x55, 0x55, 0x55, 0x55, 0x55, 0x55, 0x55, 0x55, 0x55, 0x55, 0x55, 
0x55, 0x55, 0x55, 0x55, 0x55, 0x55, 0x55, 0x55, 0x55, 0x55, 0x7F, 
0x55, 0x82, 0xA, 0xAA, 0xAA, 0xA0, 0xAA, 0xAA, 0xA0, 0x2A, 0xAA, 
0x80, 0xA, 0xAA, 0xAA, 0xAA, 0xA8, 0x0, 0x2A, 0xAA, 0xAA, 0xAA, 
0x0, 0x2, 0xAA, 0xAA, 0xAA, 0xAA, 0xAA, 0x2, 0xAA, 0x0, 0xAA, 
0xAA, 0xAA, 0xAA, 0xAA, 0xAA, 0xAA, 0xAA, 0xAA, 0xA8, 0xB, 0xFD, 
0x55, 0x50, 0x2, 0xAA, 0xAA, 0xAA, 0xAA, 0xAA, 0xAA, 0xAA, 0xAA, 
0xAA, 0xAA, 0xAA, 0xAA, 0xAA, 0xAA, 0xAA, 0xAA, 0xAA, 0xAA, 0xAA, 
0xAA, 0xAA, 0xAA, 0xA8, 0x1, 0x55, 0x55, 0x55, 0x55, 0x55, 0x55, 
0x55, 0x55, 0x55, 0x55, 0x55, 0x55, 0x55, 0x55, 0x55, 0x55, 0x55, 
0x55, 0x55, 0x55, 0x55, 0x55, 0x55, 0x55, 0x55, 0x55, 0x55, 0x55, 
0x7F, 0x55, 0x82, 0xA, 0xAA, 0xAA, 0x80, 0xAA, 0xAA, 0xA0, 0x2A, 
0xAA, 0x80, 0xA, 0xAA, 0xAA, 0xAA, 0xA8, 0x0, 0x2, 0xAA, 0xAA, 
0xA8, 0x0, 0x2, 0xAA, 0xAA, 0xAA, 0xAA, 0xAA, 0x82, 0xAA, 0x0, 
0x2A, 0xAA, 0xAA, 0xAA, 0xAA, 0xAA, 0xAA, 0xAA, 0xAA, 0xA8, 0x7, 
0xFD, 0x55, 0x58, 0x2, 0xAA, 0xAA, 0xAA, 0xAA, 0xAA, 0xAA, 0xAA, 
0xAA, 0xAA, 0xAA, 0xAA, 0xAA, 0xAA, 0xAA, 0xAA, 0xAA, 0xAA, 0xAA, 
0xAA, 0xAA, 0xAA, 0xAA, 0xA8, 0x9, 0x55, 0x55, 0x55, 0x55, 0x55, 
0x55, 0x55, 0x55, 0x55, 0x55, 0x55, 0x55, 0x55, 0x55, 0x55, 0x55, 
0x55, 0x55, 0x55, 0x55, 0x55, 0x55, 0x55, 0x55, 0x55, 0x55, 0x55, 
0x55, 0x7F, 0x55, 0x80, 0x2A, 0xAA, 0xAA, 0x82, 0xAA, 0xAA, 0x80, 
0xAA, 0xAA, 0x80, 0x2A, 0xAA, 0xAA, 0xAA, 0xA8, 0x0, 0x0, 0xAA, 
0xAA, 0xA0, 0x0, 0x2, 0xAA, 0xAA, 0xAA, 0xAA, 0xAA, 0x80, 0xAA, 
0x80, 0x2A, 0xAA, 0xAA, 0xAA, 0xAA, 0xAA, 0xAA, 0xAA, 0xAA, 0xA8, 
0x7, 0xFD, 0x55, 0x56, 0x0, 0xAA, 0xAA, 0xAA, 0xAA, 0xAA, 0xAA, 
0xAA, 0xAA, 0xAA, 0xAA, 0xAA, 0xAA, 0xAA, 0xAA, 0xAA, 0xAA, 0xAA, 
0xAA, 0xAA, 0xAA, 0xAA, 0xAA, 0xA8, 0x9, 0x55, 0x55, 0x55, 0x55, 
0x55, 0x55, 0x55, 0x55, 0x55, 0x55, 0x55, 0x55, 0x55, 0x55, 0x55, 
0x55, 0x55, 0x55, 0x55, 0x55, 0x55, 0x55, 0x55, 0x55, 0x55, 0x55, 
0x55, 0x55, 0x7F, 0x55, 0x80, 0x2A, 0xAA, 0xAA, 0x82, 0xAA, 0xAA, 
0x80, 0xAA, 0xAA, 0x0, 0x2A, 0xAA, 0xAA, 0xAA, 0xAA, 0x0, 0x0, 
0x2A, 0xAA, 0x80, 0x0, 0x2, 0x0, 0x2, 0xAA, 0xAA, 0xAA, 0xA0, 
0xAA, 0x80, 0xA, 0xAA, 0xAA, 0xAA, 0xAA, 0xAA, 0xAA, 0xAA, 0xAA, 
0xA8, 0x7, 0xFD, 0x55, 0x55, 0x0, 0x2A, 0xAA, 0xAA, 0xAA, 0xAA, 
0xAA, 0xAA, 0xAA, 0xAA, 0xAA, 0xAA, 0xAA, 0xAA, 0xAA, 0xAA, 0xAA, 
0xAA, 0xAA, 0xAA, 0xAA, 0xAA, 0xAA, 0xA0, 0x9, 0x55, 0x55, 0x55, 
0x55, 0x55, 0x55, 0x55, 0x55, 0x55, 0x55, 0x55, 0x55, 0x55, 0x55, 
0x55, 0x55, 0x55, 0x55, 0x55, 0x55, 0x55, 0x55, 0x55, 0x55, 0x55, 
0x55, 0x55, 0x55, 0xFF, 0x55, 0x80, 0x2A, 0xAA, 0xAA, 0x82, 0xAA, 
0xAA, 0x0, 0xAA, 0xAA, 0x0, 0x2A, 0xAA, 0xAA, 0xAA, 0xAA, 0xA0, 
0x0, 0xA, 0xAA, 0x0, 0x0, 0x8, 0x2, 0x0, 0x2A, 0xAA, 0xAA, 
0xA0, 0xAA, 0xA0, 0xA, 0xAA, 0xAA, 0xAA, 0xAA, 0xAA, 0xAA, 0xAA, 
0xAA, 0xA0, 0x7, 0xFD, 0x55, 0x55, 0x40, 0xA, 0xAA, 0xAA, 0xAA, 
0xAA, 0xAA, 0xAA, 0xAA, 0xAA, 0xAA, 0xAA, 0xAA, 0xAA, 0xAA, 0xAA, 
0xAA, 0xAA, 0xAA, 0xAA, 0xAA, 0xAA, 0xAA, 0xA0, 0x5, 0x55, 0x55, 
0x55, 0x55, 0x55, 0x55, 0x55, 0x55, 0x55, 0x55, 0x55, 0x55, 0x55, 
0x55, 0x55, 0x55, 0x55, 0x55, 0x55, 0x55, 0x55, 0x55, 0x55, 0x55, 
0x55, 0x55, 0x55, 0x55, 0xFD, 0x55, 0x58, 0x2A, 0xAA, 0xAA, 0x2, 
0xAA, 0xAA, 0x0, 0xAA, 0xAA, 0x0, 0xAA, 0xAA, 0xAA, 0xAA, 0xAA, 
0xA8, 0x0, 0x2, 0xA8, 0x0, 0x0, 0xA0, 0xA, 0xA8, 0xA, 0xAA, 
0xAA, 0xA0, 0x2A, 0xA0, 0xA, 0xAA, 0xAA, 0xAA, 0xAA, 0xAA, 0xAA, 
0xAA, 0xAA, 0xA0, 0xF, 0xFD, 0x55, 0x55, 0x60, 0xA, 0xAA, 0xAA, 
0xAA, 0xAA, 0xAA, 0xAA, 0xAA, 0xAA, 0xAA, 0xAA, 0xAA, 0xAA, 0xAA, 
0xAA, 0xAA, 0xAA, 0xAA, 0xAA, 0xAA, 0xAA, 0xAA, 0xA0, 0x25, 0x55, 
0x55, 0x55, 0x55, 0x55, 0x55, 0x55, 0x55, 0x55, 0x55, 0x55, 0x55, 
0x55, 0x55, 0x55, 0x55, 0x55, 0x55, 0x55, 0x55, 0x55, 0x55, 0x55, 
0x55, 0x55, 0x55, 0x55, 0x55, 0xFD, 0x55, 0x58, 0xAA, 0xAA, 0xAA, 
0x2, 0xAA, 0xAA, 0x20, 0xAA, 0xA8, 0x0, 0xAA, 0xAA, 0xAA, 0xAA, 
0xAA, 0xAA, 0x80, 0x0, 0xA0, 0x0, 0x2, 0x80, 0x2A, 0xAA, 0x82, 
0xAA, 0xAA, 0xA8, 0x2A, 0xA0, 0x2, 0xAA, 0xAA, 0xAA, 0xAA, 0xAA, 
0xAA, 0xAA, 0xAA, 0xA0, 0xF, 0xFD, 0x55, 0x55, 0x58, 0x2, 0xAA, 
0xAA, 0xAA, 0xAA, 0xAA, 0xAA, 0xAA, 0xAA, 0xAA, 0xAA, 0xAA, 0xAA, 
0xAA, 0xAA, 0xAA, 0xAA, 0xAA, 0xAA, 0xAA, 0xAA, 0xAA, 0x80, 0x25, 
0x55, 0x55, 0x55, 0x55, 0x55, 0x55, 0x55, 0x55, 0x55, 0x55, 0x55, 
0x55, 0x55, 0x55, 0x55, 0x55, 0x55, 0x55, 0x55, 0x55, 0x55, 0x55, 
0x55, 0x55, 0x55, 0x55, 0x55, 0x55, 0xFD, 0x55, 0x50, 0xAA, 0xAA, 
0xAA, 0xA, 0xAA, 0xAA, 0x20, 0xAA, 0xA8, 0x20, 0xAA, 0xAA, 0xAA, 
0xAA, 0xAA, 0xAA, 0xA0, 0x0, 0x0, 0x0, 0xA, 0x0, 0xAA, 0xAA, 
0x80, 0xAA, 0xAA, 0xA8, 0x2A, 0xA0, 0x2, 0xAA, 0xAA, 0xAA, 0xAA, 
0xAA, 0xAA, 0xAA, 0xAA, 0xA0, 0x2F, 0xFD, 0x55, 0x55, 0x54, 0x0, 
0xAA, 0xAA, 0xAA, 0xAA, 0xAA, 0xAA, 0xAA, 0xAA, 0xAA, 0xAA, 0xAA, 
0xAA, 0xAA, 0xAA, 0xAA, 0xAA, 0xAA, 0xAA, 0xAA, 0xAA, 0xAA, 0x80, 
0x15, 0x55, 0x55, 0x55, 0x55, 0x55, 0x55, 0x55, 0x55, 0x55, 0x55, 
0x55, 0x55, 0x55, 0x55, 0x55, 0x55, 0x55, 0x55, 0x55, 0x55, 0x55, 
0x55, 0x55, 0x55, 0x55, 0x55, 0x55, 0x55, 0xFF, 0x55, 0x50, 0xAA, 
0xAA, 0xAA, 0xA, 0xAA, 0xA8, 0x20, 0xAA, 0xA8, 0xA0, 0xAA, 0xAA, 
0xAA, 0xAA, 0xAA, 0xAA, 0xA8, 0x0, 0x0, 0x0, 0x2A, 0x0, 0xAA, 
0xAA, 0xA0, 0x2A, 0xAA, 0xA8, 0xA, 0xA8, 0x2, 0xAA, 0xAA, 0xAA, 
0xAA, 0xAA, 0xAA, 0xAA, 0xAA, 0xA0, 0x1F, 0xF5, 0x55, 0x55, 0x55, 
0x0, 0x2A, 0xAA, 0xAA, 0xAA, 0xAA, 0xAA, 0xAA, 0xAA, 0xAA, 0xAA, 
0xAA, 0xAA, 0xAA, 0xAA, 0xAA, 0xAA, 0xAA, 0xAA, 0xAA, 0xAA, 0xAA, 
0x0, 0x95, 0x55, 0x55, 0x55, 0x55, 0x55, 0x55, 0x55, 0x55, 0x55, 
0x55, 0x55, 0x55, 0x55, 0x55, 0x55, 0x55, 0x55, 0x55, 0x55, 0x55, 
0x55, 0x55, 0x55, 0x55, 0x55, 0x55, 0x55, 0x55, 0x7F, 0x55, 0x50, 
0xAA, 0xAA, 0xAA, 0xA, 0xAA, 0xA8, 0x20, 0xAA, 0xA0, 0xA0, 0xAA, 
0xAA, 0xAA, 0xAA, 0xAA, 0xAA, 0xAA, 0x0, 0x0, 0x0, 0xA8, 0x2, 
0xAA, 0xAA, 0xA8, 0x2A, 0xAA, 0xA8, 0xA, 0xA8, 0x0, 0xAA, 0xAA, 
0xAA, 0xAA, 0xAA, 0xAA, 0xAA, 0xAA, 0x80, 0x3F, 0xF5, 0x55, 0x55, 
0x55, 0x80, 0xA, 0xAA, 0xAA, 0xAA, 0xAA, 0xAA, 0xAA, 0xAA, 0xAA, 
0xAA, 0xAA, 0xAA, 0xAA, 0xAA, 0xAA, 0xAA, 0xAA, 0xAA, 0xAA, 0xAA, 
0xAA, 0x0, 0x55, 0x55, 0x55, 0x55, 0x55, 0x55, 0x55, 0x55, 0x55, 
0x55, 0x55, 0x55, 0x55, 0x55, 0x55, 0x55, 0x55, 0x55, 0x55, 0x55, 
0x55, 0x55, 0x55, 0x55, 0x55, 0x55, 0x55, 0x55, 0x55, 0x7F, 0x55, 
0x60, 0xAA, 0xAA, 0xAA, 0xA, 0xAA, 0xA8, 0x20, 0xAA, 0xA0, 0x60, 
0xAA, 0xAA, 0xAA, 0xAA, 0xAA, 0xAA, 0xAA, 0x80, 0x0, 0x2, 0xA8, 
0x0, 0x2A, 0xAA, 0xA8, 0xA, 0xAA, 0xAA, 0xA, 0xA8, 0x0, 0xAA, 
0xAA, 0xAA, 0xAA, 0xAA, 0xAA, 0xAA, 0xAA, 0x80, 0xBF, 0xF5, 0x55, 
0x55, 0x55, 0x60, 0xA, 0xAA, 0xAA, 0xAA, 0xAA, 0xAA, 0xAA, 0xAA, 
0xAA, 0xAA, 0xAA, 0xAA, 0xAA, 0xAA, 0xAA, 0xAA, 0xAA, 0xAA, 0xAA, 
0xAA, 0xA8, 0x2, 0x55, 0x55, 0x55, 0x55, 0x55, 0x55, 0x55, 0x55, 
0x55, 0x55, 0x55, 0x55, 0x55, 0x55, 0x55, 0x55, 0x55, 0x55, 0x55, 
0x55, 0x55, 0x55, 0x55, 0x55, 0x55, 0x55, 0x55, 0x55, 0x55, 0x7F, 
0x55, 0x60, 0xAA, 0xAA, 0xAA, 0xA, 0xAA, 0xA8, 0x10, 0xAA, 0xA0, 
0x60, 0xAA, 0xAA, 0xAA, 0xAA, 0xAA, 0xAA, 0xAA, 0x0, 0x0, 0xA, 
0xA0, 0x0, 0xA, 0xAA, 0xAA, 0xA, 0xAA, 0xAA, 0xA, 0xA8, 0x0, 
0xAA, 0xAA, 0xAA, 0xAA, 0xAA, 0xAA, 0xAA, 0xAA, 0x80, 0x7F, 0xF5, 
0x55, 0x55, 0x55, 0x58, 0xA, 0xAA, 0xAA, 0xAA, 0xAA, 0xAA, 0x80, 
0x0, 0x0, 0x0, 0x0, 0xAA, 0xAA, 0xAA, 0xAA, 0xAA, 0xAA, 0xAA, 
0xAA, 0xAA, 0xA8, 0x1, 0x55, 0x55, 0x55, 0x55, 0x55, 0x55, 0x55, 
0x55, 0x55, 0x55, 0x55, 0x55, 0x55, 0x55, 0x55, 0x55, 0x55, 0x55, 
0x55, 0x55, 0x55, 0x55, 0x55, 0x55, 0x55, 0x55, 0x55, 0x55, 0x55, 
0x7F, 0xD5, 0x60, 0xAA, 0xAA, 0xAA, 0xA, 0xAA, 0xA8, 0x90, 0xAA, 
0xA0, 0xE0, 0xAA, 0xAA, 0xAA, 0xAA, 0xAA, 0xAA, 0xA8, 0x0, 0x0, 
0xA, 0xA8, 0x2, 0x82, 0xAA, 0xAA, 0x2, 0xAA, 0xAA, 0xA, 0xAA, 
0x0, 0xAA, 0xAA, 0xAA, 0xAA, 0xAA, 0xAA, 0xAA, 0xAA, 0x0, 0xFF, 
0xD5, 0x55, 0x55, 0x55, 0x54, 0x2, 0xAA, 0xAA, 0xAA, 0xAA, 0x80, 
0x0, 0x0, 0x0, 0x0, 0x0, 0x0, 0x2A, 0xAA, 0xAA, 0xAA, 0xAA, 
0xAA, 0xAA, 0xAA, 0xA0, 0x9, 0x55, 0x55, 0x55, 0x55, 0x55, 0x55, 
0x55, 0x55, 0x55, 0x55, 0x55, 0x55, 0x55, 0x55, 0x55, 0x55, 0x55, 
0x55, 0x55, 0x55, 0x55, 0x55, 0x55, 0x55, 0x55, 0x55, 0x55, 0x55, 
0x55, 0x5F, 0xD5, 0x60, 0xAA, 0xAA, 0xAA, 0xA, 0xAA, 0xA0, 0x98, 
0xAA, 0xA2, 0xE0, 0xAA, 0xAA, 0xAA, 0xAA, 0xAA, 0xAA, 0xA0, 0x0, 
0x0, 0x2, 0xA8, 0x2, 0x80, 0xAA, 0xAA, 0x2, 0xAA, 0xAA, 0xA, 
0xAA, 0x0, 0xAA, 0xAA, 0xAA, 0xAA, 0xAA, 0xAA, 0xAA, 0xAA, 0x1, 
0xFF, 0xD5, 0x55, 0x55, 0x55, 0x55, 0x0, 0xAA, 0xAA, 0xAA, 0xA0, 
0x0, 0x0, 0x0, 0x0, 0x0, 0x0, 0x0, 0x0, 0xAA, 0xAA, 0xAA, 
0xAA, 0xAA, 0xAA, 0xAA, 0x80, 0x5, 0x55, 0x55, 0x55, 0x55, 0x55, 
0x55, 0x55, 0x55, 0x55, 0x55, 0x55, 0x55, 0x55, 0x55, 0x55, 0x55, 
0x55, 0x55, 0x55, 0x55, 0x55, 0x55, 0x55, 0x55, 0x55, 0x55, 0x55, 
0x55, 0x55, 0x5F, 0xD5, 0x60, 0xAA, 0xAA, 0xAA, 0xA, 0xAA, 0xA0, 
0x98, 0x2A, 0x82, 0xD0, 0xAA, 0xA8, 0x2A, 0xAA, 0xAA, 0xAA, 0x80, 
0x0, 0x0, 0x0, 0xAA, 0xA, 0xA0, 0x2A, 0xA8, 0x2, 0xAA, 0xAA, 
0xA, 0xAA, 0x0, 0xAA, 0xAA, 0xAA, 0xAA, 0xAA, 0xAA, 0xAA, 0xA8, 
0x3, 0xFF, 0x55, 0x55, 0x55, 0x55, 0x55, 0x80, 0x2A, 0xAA, 0xA0, 
0x0, 0x0, 0x0, 0x0, 0x0, 0x0, 0x0, 0x0, 0x0, 0x2A, 0xAA, 
0xAA, 0xAA, 0xAA, 0xAA, 0xAA, 0x0, 0x25, 0x55, 0x55, 0x55, 0x55, 
0x55, 0x55, 0x55, 0x55, 0x55, 0x55, 0x55, 0x55, 0x55, 0x55, 0x55, 
0x55, 0x55, 0x55, 0x55, 0x55, 0x55, 0x55, 0x55, 0x55, 0x55, 0x55, 
0x55, 0x55, 0x55, 0x57, 0xF5, 0x50, 0xAA, 0xAA, 0xAA, 0xA, 0xAA, 
0xA0, 0x78, 0x2A, 0x81, 0xD0, 0xAA, 0xA0, 0x2A, 0xAA, 0xAA, 0xA8, 
0x0, 0x0, 0x20, 0x0, 0xA, 0x0, 0xA8, 0x2A, 0xA8, 0x2, 0xAA, 
0xAA, 0xA, 0xAA, 0x0, 0xAA, 0xAA, 0xAA, 0xAA, 0xAA, 0xAA, 0xAA, 
0xA0, 0x7, 0xFF, 0x55, 0x55, 0x55, 0x55, 0x55, 0x60, 0xA, 0xAA, 
0x0, 0x0, 0x0, 0x0, 0x0, 0x0, 0x0, 0x0, 0x0, 0x0, 0xA, 
0xAA, 0xAA, 0xAA, 0xAA, 0xAA, 0xAA, 0x0, 0x95, 0x55, 0x55, 0x55, 
0x55, 0x55, 0x55, 0x55, 0x55, 0x55, 0x55, 0x55, 0x55, 0x55, 0x55, 
0x55, 0x55, 0x55, 0x55, 0x55, 0x55, 0x55, 0x55, 0x55, 0x55, 0x55, 
0x55, 0x55, 0x55, 0x55, 0x57, 0xF5, 0x50, 0x2A, 0xAA, 0xAA, 0xA, 
0xAA, 0xA0, 0x7A, 0xA, 0x82, 0xA0, 0xAA, 0xA0, 0x2A, 0xAA, 0xAA, 
0xA0, 0x0, 0x0, 0xA8, 0x0, 0xA, 0x0, 0xA8, 0xA, 0xA0, 0x22, 
0xAA, 0xAA, 0xA, 0xAA, 0x0, 0xAA, 0xAA, 0xAA, 0xAA, 0xAA, 0xAA, 
0xAA, 0x80, 0x2F, 0xFD, 0x55, 0x55, 0x55, 0x55, 0x55, 0x58, 0xA, 
0xA8, 0x0, 0x0, 0x0, 0x0, 0x0, 0x0, 0x0, 0x0, 0x0, 0x0, 
0x0, 0xAA, 0xAA, 0xAA, 0xAA, 0xAA, 0xA8, 0x0, 0x55, 0x55, 0x55, 
0x55, 0x55, 0x55, 0x55, 0x55, 0x55, 0x55, 0x55, 0x55, 0x55, 0x55, 
0x55, 0x55, 0x55, 0x55, 0x55, 0x55, 0x55, 0x55, 0x55, 0x55, 0x55, 
0x55, 0x55, 0x55, 0x55, 0x55, 0x55, 0xF5, 0x50, 0x2A, 0xAA, 0xAA, 
0xA, 0xAA, 0xA0, 0x7A, 0xA, 0x80, 0x0, 0xAA, 0xA0, 0xA, 0xAA, 
0xAA, 0x80, 0x0, 0x2, 0xAA, 0x0, 0x0, 0x0, 0x0, 0x28, 0x80, 
0xA2, 0xAA, 0xAA, 0xA, 0xAA, 0x0, 0xAA, 0xAA, 0xAA, 0xAA, 0xAA, 
0xAA, 0xAA, 0x80, 0x3F, 0xFD, 0x55, 0x55, 0x55, 0x55, 0x55, 0x54, 
0x2, 0x0, 0x0, 0x0, 0x0, 0x0, 0x0, 0x0, 0x0, 0x0, 0x0, 
0x0, 0x0, 0xA, 0xAA, 0xAA, 0xAA, 0xAA, 0xA0, 0x2, 0x55, 0x55, 
0x55, 0x55, 0x55, 0x55, 0x55, 0x55, 0x55, 0x55, 0x55, 0x55, 0x55, 
0x55, 0x55, 0x55, 0x55, 0x55, 0x55, 0x55, 0x55, 0x55, 0x55, 0x55, 
0x55, 0x55, 0x55, 0x55, 0x55, 0x55, 0x55, 0x55, 0x58, 0x2A, 0xAA, 
0xAA, 0xA, 0xAA, 0xA0, 0x7A, 0xA, 0x80, 0x0, 0x2A, 0xA0, 0xA, 
0xAA, 0xAA, 0x0, 0x0, 0xA, 0xAA, 0x80, 0x0, 0x0, 0x0, 0xA0, 
0x2, 0x82, 0xAA, 0xAA, 0xA, 0xAA, 0x0, 0xAA, 0xAA, 0xAA, 0xAA, 
0xAA, 0xAA, 0xAA, 0x0, 0xBF, 0xF5, 0x55, 0x55, 0x55, 0x55, 0x55, 
0x56, 0x0, 0x0, 0x0, 0x0, 0x0, 0x0, 0x0, 0x0, 0x0, 0x0, 
0x0, 0x0, 0x0, 0x0, 0x2A, 0xAA, 0xAA, 0xAA, 0x80, 0x9, 0x55, 
0x55, 0x55, 0x55, 0x55, 0x55, 0x55, 0x55, 0x55, 0x55, 0x55, 0x55, 
0x55, 0x55, 0x55, 0x55, 0x55, 0x55, 0x55, 0x55, 0x55, 0x55, 0x55, 
0x55, 0x55, 0x55, 0x55, 0x55, 0x55, 0x55, 0x55, 0x55, 0x58, 0xA, 
0xAA, 0xAA, 0xA, 0xAA, 0xA0, 0xA0, 0x2, 0x81, 0x74, 0x2A, 0xA0, 
0xA, 0xAA, 0xA8, 0x0, 0x0, 0x0, 0x0, 0x0, 0x0, 0x0, 0x2, 
0x82, 0x20, 0x2, 0xAA, 0xAA, 0xA, 0xAA, 0x0, 0xAA, 0xAA, 0xAA, 
0xAA, 0xAA, 0xAA, 0xA8, 0x0, 0x7F, 0xD5, 0x55, 0x55, 0x55, 0x55, 
0x55, 0x5A, 0x0, 0x0, 0x0, 0x0, 0xAA, 0xAA, 0xAA, 0xAA, 0xAA, 
0xAA, 0xAA, 0xA0, 0x0, 0x0, 0x0, 0x2A, 0xAA, 0xAA, 0x0, 0x25, 
0x55, 0x55, 0x55, 0x55, 0x55, 0x55, 0x55, 0x55, 0x55, 0x55, 0x55, 
0x55, 0x55, 0x55, 0x55, 0x55, 0x55, 0x55, 0x55, 0x55, 0x55, 0x55, 
0x55, 0x55, 0x55, 0x55, 0x55, 0x55, 0x55, 0x55, 0x55, 0x5F, 0x54, 
0xA, 0xAA, 0xAA, 0x2, 0xAA, 0xA0, 0x0, 0x82, 0x81, 0x5C, 0x2A, 
0xA0, 0x82, 0xAA, 0x0, 0x0, 0x0, 0x0, 0x0, 0x0, 0x0, 0x2, 
0x82, 0x80, 0x20, 0x2A, 0xAA, 0xAA, 0x2A, 0xAA, 0x0, 0xAA, 0xAA, 
0xAA, 0xAA, 0xAA, 0xAA, 0xA0, 0x1, 0x55, 0x55, 0x55, 0x55, 0x5A, 
0xAA, 0x80, 0x0, 0x0, 0x0, 0x0, 0x0, 0x0, 0xA, 0xAA, 0xAA, 
0xAA, 0xAA, 0xAA, 0xAA, 0xA8, 0x0, 0x0, 0x0, 0xAA, 0xA8, 0x0, 
0x95, 0x55, 0x55, 0x55, 0x55, 0x55, 0x55, 0x55, 0x55, 0x55, 0x55, 
0x55, 0x55, 0x55, 0x55, 0x55, 0x55, 0x55, 0x55, 0x55, 0x55, 0x55, 
0x55, 0x55, 0x55, 0x55, 0x55, 0x55, 0x55, 0x55, 0x55, 0x55, 0x5F, 
0xD6, 0x2, 0xAA, 0xAA, 0x2, 0xAA, 0xA0, 0xB, 0xA0, 0x82, 0xFE, 
0x2A, 0xA0, 0x42, 0x0, 0x0, 0x0, 0x0, 0x26, 0x0, 0x0, 0x0, 
0x0, 0x82, 0xAA, 0xA8, 0xAA, 0xAA, 0xAA, 0x2A, 0xAA, 0x0, 0xAA, 
0xAA, 0xAA, 0xAA, 0xAA, 0xAA, 0x80, 0x25, 0x55, 0x55, 0x56, 0xA8, 
0x0, 0x0, 0x0, 0x0, 0x0, 0x0, 0x0, 0x0, 0x0, 0x0, 0x0, 
0xAA, 0xAA, 0xAA, 0xAA, 0xAA, 0xAA, 0xA0, 0x0, 0x0, 0xA, 0x0, 
0x2, 0x55, 0x55, 0x55, 0x55, 0x55, 0x55, 0x55, 0x55, 0x55, 0x55, 
0x55, 0x55, 0x55, 0x55, 0x55, 0x55, 0x55, 0x55, 0x55, 0x55, 0x55, 
0x55, 0x55, 0x55, 0x55, 0x55, 0x55, 0x55, 0x55, 0x55, 0x55, 0x55, 
0x5F, 0xD5, 0x2, 0xAA, 0xAA, 0x2, 0xAA, 0x80, 0x3A, 0x0, 0x0, 
0x1F, 0xA, 0xA0, 0xC0, 0x0, 0x29, 0x7F, 0x62, 0xD0, 0x0, 0x28, 
0x0, 0x0, 0x2, 0xAA, 0xA8, 0xAA, 0xAA, 0xAA, 0xAA, 0xAA, 0x2, 
0xAA, 0xAA, 0xAA, 0xAA, 0xAA, 0xAA, 0x0, 0x95, 0x57, 0x55, 0xA0, 
0x0, 0x0, 0x2A, 0xAA, 0xAA, 0xA0, 0x0, 0x0, 0x0, 0x0, 0x0, 
0x0, 0x0, 0xAA, 0xAA, 0xAA, 0xAA, 0xAA, 0xAA, 0x80, 0x0, 0x0, 
0x0, 0x9, 0x55, 0x55, 0x55, 0x55, 0x55, 0x55, 0x55, 0x55, 0x55, 
0x55, 0x55, 0x55, 0x55, 0x55, 0x55, 0x55, 0x55, 0x55, 0x55, 0x55, 
0x55, 0x55, 0x55, 0x55, 0x55, 0x55, 0x55, 0x55, 0x55, 0x55, 0x55, 
0x55, 0x5F, 0xF5, 0x0, 0xAA, 0xAA, 0x82, 0xAA, 0x80, 0x90, 0x28, 
0x8, 0x7, 0x8A, 0xA0, 0xE0, 0xB, 0xFF, 0xFF, 0xD7, 0x80, 0xAA, 
0xAA, 0x80, 0x0, 0x2, 0xAA, 0xA8, 0x2A, 0xAA, 0xAA, 0xAA, 0xA8, 
0xA, 0xAA, 0xAA, 0xAA, 0xAA, 0xAA, 0xA8, 0x9, 0x7F, 0xFF, 0xE0, 
0x0, 0x0, 0xAA, 0xAA, 0xAA, 0xAA, 0xAA, 0xAA, 0xAA, 0xAA, 0x80, 
0x0, 0x0, 0x0, 0x0, 0xAA, 0xAA, 0xAA, 0xAA, 0xAA, 0xAA, 0x80, 
0x0, 0x0, 0x15, 0x55, 0x55, 0x55, 0x55, 0x55, 0x55, 0x55, 0x55, 
0x55, 0x55, 0x55, 0x55, 0x55, 0x55, 0x55, 0x55, 0x55, 0x55, 0x55, 
0x55, 0x55, 0x55, 0x55, 0x55, 0x55, 0x55, 0x55, 0x55, 0x55, 0x55, 
0x55, 0x55, 0x5F, 0xF5, 0x48, 0xAA, 0xAA, 0x82, 0xAA, 0xA0, 0xA2, 
0xAA, 0xA, 0x82, 0xC2, 0xA0, 0xD9, 0xFF, 0xFF, 0xFF, 0xFC, 0xA, 
0xAA, 0xAA, 0xAA, 0x0, 0x0, 0x2, 0x8A, 0x2A, 0xAA, 0xAA, 0xAA, 
0xA8, 0xA, 0xAA, 0xAA, 0xAA, 0xAA, 0xAA, 0xA2, 0xFF, 0xFF, 0xE8, 
0x0, 0x0, 0xAA, 0xAA, 0xAA, 0xAA, 0xAA, 0xAA, 0xAA, 0xAA, 0xAA, 
0xAA, 0xAA, 0xA8, 0x0, 0x0, 0xA, 0xAA, 0xAA, 0xAA, 0xAA, 0xAA, 
0xAA, 0x0, 0x0, 0x25, 0x55, 0x55, 0x55, 0x55, 0x55, 0x55, 0x56, 
0x55, 0x55, 0x55, 0x55, 0x55, 0x55, 0x55, 0x55, 0x55, 0x55, 0x55, 
0x55, 0x55, 0x55, 0x55, 0x55, 0x55, 0x55, 0x55, 0x55, 0x55, 0x55, 
0x55, 0x55, 0x55, 0x57, 0xFD, 0x62, 0x2A, 0xAA, 0x80, 0xAA, 0xA8, 
0xA, 0xAA, 0x2, 0xA0, 0x50, 0x0, 0xFF, 0xFF, 0xFF, 0xFF, 0xF0, 
0x2A, 0xAA, 0xAA, 0xAA, 0xA0, 0x0, 0x0, 0x0, 0x2A, 0xAA, 0xAA, 
0xA8, 0xA8, 0x2, 0xAA, 0xAA, 0xAA, 0xAA, 0xAA, 0x97, 0xFF, 0xD8, 
0x0, 0x2, 0xAA, 0xAA, 0xAA, 0xAA, 0xAA, 0xAA, 0xAA, 0xAA, 0xAA, 
0xAA, 0xAA, 0xAA, 0xAA, 0xAA, 0x0, 0x0, 0xAA, 0xAA, 0xAA, 0xAA, 
0xAA, 0xAA, 0xA0, 0x0, 0x1, 0x55, 0x55, 0x55, 0x55, 0x55, 0x55, 
0x58, 0x55, 0x55, 0x55, 0x55, 0x55, 0x55, 0x55, 0x55, 0x55, 0x55, 
0x55, 0x55, 0x55, 0x55, 0x55, 0x55, 0x55, 0x55, 0x55, 0x55, 0x55, 
0x55, 0x55, 0x55, 0x55, 0x57, 0xFD, 0x52, 0xA, 0xAA, 0xA0, 0xAA, 
0xA8, 0x2A, 0xAA, 0x82, 0xA8, 0x18, 0xB, 0xFF, 0xFF, 0xFF, 0xFF, 
0xE0, 0xAA, 0xAA, 0xAA, 0xAA, 0xA8, 0x0, 0x0, 0x0, 0xAA, 0xAA, 
0xAA, 0xA0, 0xA8, 0x0, 0x2A, 0xAA, 0xAA, 0xAA, 0xA5, 0xFF, 0xFA, 
0x0, 0x2, 0xAA, 0xAA, 0xAA, 0xAA, 0xAA, 0xAA, 0xAA, 0xAA, 0xAA, 
0xAA, 0xAA, 0xAA, 0xAA, 0xAA, 0xAA, 0xA8, 0x0, 0x2, 0xAA, 0xAA, 
0xAA, 0xAA, 0xAA, 0xAA, 0x80, 0x0, 0x95, 0x55, 0x55, 0x55, 0x55, 
0x55, 0x50, 0x55, 0x55, 0x55, 0x55, 0x55, 0x55, 0x55, 0x55, 0x55, 
0x55, 0x55, 0x55, 0x55, 0x55, 0x55, 0x55, 0x55, 0x55, 0x55, 0x55, 
0x55, 0x55, 0x55, 0x55, 0x55, 0x55, 0xFF, 0x58, 0x82, 0xAA, 0xA0, 
0x28, 0x0, 0x2A, 0xAA, 0xAA, 0xAA, 0x2E, 0x9F, 0xFF, 0xFF, 0xFF, 
0xFF, 0x42, 0xAA, 0xAA, 0xAA, 0xAA, 0xAA, 0x82, 0x82, 0xAA, 0xAA, 
0xAA, 0xAA, 0x80, 0xA0, 0x80, 0x2, 0xAA, 0xAA, 0xAA, 0x7F, 0xFE, 
0x80, 0x0, 0xAA, 0xAA, 0xAA, 0xAA, 0xAA, 0xAA, 0xAA, 0xAA, 0xAA, 
0xAA, 0xAA, 0xAA, 0xAA, 0xAA, 0xAA, 0xAA, 0xAA, 0xA0, 0x0, 0x2A, 
0xAA, 0xAA, 0xAA, 0xAA, 0xAA, 0xA8, 0x0, 0x9, 0x55, 0x55, 0x55, 
0x55, 0x55, 0x60, 0x55, 0x55, 0x55, 0x55, 0x55, 0x55, 0x55, 0x55, 
0x55, 0x55, 0x55, 0x55, 0x55, 0x55, 0x55, 0x55, 0x55, 0x55, 0x55, 
0x55, 0x55, 0x55, 0x55, 0x55, 0x55, 0x55, 0x7F, 0x56, 0x20, 0xAA, 
0xA8, 0x20, 0x0, 0xAA, 0xAA, 0xAA, 0xAA, 0x7, 0xFF, 0xFF, 0xFF, 
0xFF, 0xFF, 0xA, 0xAA, 0xAA, 0xAA, 0xAA, 0xAA, 0x80, 0x82, 0xAA, 
0xAA, 0x8A, 0xAA, 0x0, 0x0, 0xA0, 0x0, 0x2A, 0xAA, 0xA7, 0xFF, 
0x60, 0x0, 0xAA, 0xAA, 0xAA, 0xAA, 0xAA, 0xAA, 0xAA, 0xAA, 0xAA, 
0xAA, 0xAA, 0xAA, 0xAA, 0xAA, 0xAA, 0xAA, 0xAA, 0xAA, 0xAA, 0x80, 
0x2, 0xAA, 0xAA, 0xAA, 0xAA, 0xAA, 0xAA, 0x0, 0x2, 0x55, 0x55, 
0x55, 0x55, 0x55, 0x40, 0x55, 0x55, 0x55, 0x55, 0x55, 0x55, 0x55, 
0x55, 0x55, 0x55, 0x55, 0x55, 0x55, 0x55, 0x55, 0x55, 0x55, 0x55, 
0x55, 0x55, 0x55, 0x55, 0x55, 0x55, 0x55, 0x55, 0x7F, 0xD5, 0x88, 
0x2A, 0xA8, 0x0, 0x8, 0x2A, 0xAA, 0xAA, 0xAA, 0x83, 0xFD, 0xFF, 
0xFF, 0xFF, 0xFE, 0xA, 0xAA, 0xAA, 0xAA, 0xAA, 0xAA, 0xA0, 0x2, 
0xAA, 0xAA, 0x8A, 0xAA, 0x0, 0x0, 0xA8, 0x0, 0x0, 0x2A, 0x7F, 
0xF4, 0x0, 0xA, 0xAA, 0xAA, 0xAA, 0xAA, 0xAA, 0xAA, 0xAA, 0xAA, 
0xAA, 0xAA, 0xAA, 0xAA, 0xAA, 0xAA, 0xAA, 0xAA, 0xAA, 0xAA, 0xAA, 
0xA8, 0x0, 0x2A, 0xAA, 0xAA, 0xAA, 0xAA, 0xAA, 0xA0, 0x0, 0x25, 
0x55, 0x55, 0x55, 0x55, 0x0, 0x55, 0x55, 0x55, 0x55, 0x55, 0x55, 
0x55, 0x55, 0x55, 0x55, 0x55, 0x55, 0x55, 0x55, 0x55, 0x55, 0x55, 
0x55, 0x55, 0x55, 0x55, 0x55, 0x55, 0x55, 0x55, 0x55, 0x5F, 0xF5, 
0x62, 0xA, 0xA8, 0x8, 0x0, 0x0, 0x0, 0x2A, 0xAA, 0x81, 0xFF, 
0xFF, 0xFF, 0xFF, 0x2C, 0x2A, 0xAA, 0xAA, 0xAA, 0xAA, 0xAA, 0xA8, 
0xA, 0xAA, 0xAA, 0x8A, 0xA8, 0x0, 0x2, 0xAA, 0x0, 0x0, 0xB, 
0xFF, 0x80, 0x2, 0xAA, 0xAA, 0xAA, 0xAA, 0xAA, 0xAA, 0xAA, 0xAA, 
0xAA, 0xAA, 0xAA, 0xAA, 0xAA, 0xAA, 0xAA, 0xAA, 0xAA, 0xAA, 0xAA, 
0xAA, 0xAA, 0x80, 0x2, 0xAA, 0xAA, 0xAA, 0xAA, 0xAA, 0xA8, 0x0, 
0x9, 0x55, 0x55, 0x55, 0x56, 0x0, 0x55, 0x55, 0x55, 0x55, 0x55, 
0x55, 0x55, 0x55, 0x55, 0x55, 0x55, 0x55, 0x55, 0x55, 0x55, 0x55, 
0x55, 0x55, 0x55, 0x55, 0x55, 0x55, 0x55, 0x55, 0x55, 0x55, 0x57, 
0xFD, 0x50, 0x82, 0xA0, 0x8, 0x0, 0x0, 0x0, 0x0, 0x0, 0x82, 
0xFF, 0xFF, 0xFF, 0xFE, 0x24, 0x2A, 0xAA, 0xAA, 0xAA, 0xAA, 0xAA, 
0xAA, 0xA, 0xAA, 0xAA, 0x8A, 0xA8, 0x0, 0x6, 0xAA, 0x80, 0xA0, 
0x1F, 0xFE, 0x0, 0x2A, 0xAA, 0xAA, 0xAA, 0xAA, 0xAA, 0xAA, 0xAA, 
0xAA, 0xAA, 0xAA, 0xAA, 0xAA, 0xAA, 0xAA, 0xAA, 0xAA, 0xAA, 0xAA, 
0xAA, 0xAA, 0xAA, 0xAA, 0x0, 0xA, 0xAA, 0xAA, 0xAA, 0xAA, 0xAA, 
0x80, 0x2, 0x55, 0x55, 0x55, 0x58, 0x0, 0x55, 0x55, 0x55, 0x55, 
0x55, 0x55, 0x55, 0x55, 0x55, 0x55, 0x55, 0x55, 0x55, 0x55, 0x55, 
0x55, 0x55, 0x55, 0x55, 0x55, 0x55, 0x55, 0x55, 0x55, 0x55, 0x55, 
0x55, 0xFD, 0x54, 0x20, 0x80, 0x80, 0x0, 0x0, 0x0, 0x0, 0x0, 
0x1, 0xFF, 0xFF, 0xFF, 0xFE, 0x24, 0x80, 0x0, 0x0, 0x0, 0x0, 
0x0, 0x0, 0xA, 0xAA, 0xAA, 0x8A, 0xA0, 0x0, 0xF, 0xAA, 0xA0, 
0x27, 0xFF, 0xF8, 0x2, 0xAA, 0xAA, 0xAA, 0xAA, 0xAA, 0xAA, 0xAA, 
0xAA, 0xAA, 0xAA, 0xAA, 0xAA, 0xAA, 0xAA, 0xAA, 0xAA, 0xAA, 0xAA, 
0xAA, 0xAA, 0xAA, 0xAA, 0xAA, 0xA0, 0x0, 0xAA, 0xAA, 0xAA, 0xAA, 
0xAA, 0xA0, 0x0, 0x15, 0x55, 0x55, 0x50, 0x2, 0x55, 0x55, 0x55, 
0x55, 0x55, 0x55, 0x55, 0x55, 0x55, 0x55, 0x55, 0x55, 0x55, 0x55, 
0x55, 0x55, 0x55, 0x55, 0x55, 0x55, 0x55, 0x55, 0x55, 0x55, 0x55, 
0x55, 0x55, 0xFD, 0x55, 0x80, 0x2, 0xAA, 0x2, 0x6A, 0x80, 0x0, 
0x0, 0x0, 0x9F, 0xFF, 0xFF, 0xFE, 0x0, 0x0, 0x0, 0x0, 0x0, 
0x0, 0x0, 0x0, 0xA, 0xAA, 0xAA, 0xA, 0x80, 0x0, 0x2F, 0xDA, 
0xA8, 0xF, 0xFF, 0x60, 0xAA, 0xAA, 0xAA, 0xAA, 0xAA, 0xAA, 0xAA, 
0xAA, 0xAA, 0xAA, 0xAA, 0xAA, 0xAA, 0xAA, 0xAA, 0xAA, 0xAA, 0xAA, 
0xAA, 0xAA, 0xAA, 0xAA, 0xAA, 0xAA, 0xAA, 0x0, 0x2A, 0xAA, 0xAA, 
0xAA, 0xAA, 0xA8, 0x0, 0x5, 0x55, 0x55, 0x40, 0xA, 0x55, 0x55, 
0x55, 0x55, 0x55, 0x55, 0x55, 0x55, 0x55, 0x55, 0x55, 0x55, 0x55, 
0x55, 0x55, 0x55, 0x55, 0x55, 0x55, 0x55, 0x55, 0x55, 0x55, 0x55, 
0x55, 0x55, 0x55, 0x55, 0x55, 0x68, 0x2, 0xAA, 0x83, 0xFF, 0xFF, 
0xF5, 0x42, 0x0, 0xA7, 0xFF, 0xFF, 0xFE, 0x0, 0x0, 0x0, 0x0, 
0x0, 0x0, 0x0, 0x0, 0xA, 0xAA, 0xAA, 0x0, 0x0, 0x80, 0x2F, 
0xF6, 0xA8, 0xBF, 0xF6, 0x2, 0xAA, 0xAA, 0xAA, 0xAA, 0xAA, 0xAA, 
0xAA, 0xAA, 0xAA, 0xAA, 0xAA, 0xAA, 0xAA, 0xAA, 0xAA, 0xAA, 0xAA, 
0xAA, 0xAA, 0xAA, 0xAA, 0xAA, 0xAA, 0xAA, 0xAA, 0x80, 0x2, 0xAA, 
0xAA, 0xAA, 0xAA, 0xAA, 0x0, 0x1, 0x55, 0x55, 0x80, 0x2A, 0x55, 
0x55, 0x55, 0x55, 0x55, 0x55, 0x55, 0x55, 0x55, 0x55, 0x55, 0x55, 
0x55, 0x55, 0x55, 0x55, 0x55, 0x55, 0x55, 0x55, 0x55, 0x55, 0x55, 
0x55, 0x55, 0x55, 0x55, 0x55, 0x55, 0x56, 0xAA, 0xAA, 0x82, 0xFF, 
0xFF, 0xFF, 0xE2, 0x0, 0xBF, 0xFF, 0xFF, 0xFF, 0x60, 0x0, 0x0, 
0x0, 0x0, 0x0, 0x0, 0x0, 0xA, 0xAA, 0xAA, 0xA, 0xA0, 0x80, 
0x1F, 0xFF, 0x6A, 0xFF, 0xE0, 0x2A, 0xAA, 0xAA, 0xAA, 0xAA, 0xAA, 
0xAA, 0xAA, 0xAA, 0xAA, 0xAA, 0xAA, 0xAA, 0xAA, 0xAA, 0xAA, 0xAA, 
0xAA, 0xAA, 0xAA, 0xAA, 0xAA, 0xAA, 0xAA, 0xAA, 0xAA, 0xA8, 0x0, 
0x2A, 0xAA, 0xAA, 0xAA, 0xAA, 0x80, 0x0, 0x55, 0x55, 0x0, 0x2A, 
0x55, 0x55, 0x55, 0x55, 0x55, 0x55, 0x55, 0x55, 0x55, 0x55, 0x55, 
0x55, 0x55, 0x55, 0x55, 0x55, 0x55, 0x55, 0x55, 0x55, 0x55, 0x55, 
0x55, 0x55, 0x55, 0x55, 0x55, 0x55, 0x55, 0x56, 0xAA, 0xAA, 0x80, 
0xFF, 0xFF, 0xFF, 0xD2, 0x0, 0xFF, 0xFF, 0xFF, 0xFF, 0xF6, 0xF, 
0xF5, 0x5A, 0xA8, 0x20, 0x0, 0x0, 0x2A, 0xAA, 0xAA, 0x7, 0xD0, 
0x0, 0x15, 0xFF, 0xF7, 0xFD, 0x0, 0xAA, 0xAA, 0xAA, 0xAA, 0xAA, 
0xAA, 0xAA, 0xAA, 0xAA, 0xAA, 0xAA, 0xAA, 0xAA, 0xAA, 0xAA, 0xAA, 
0xAA, 0xAA, 0xAA, 0xAA, 0xAA, 0xAA, 0xAA, 0xAA, 0xAA, 0xAA, 0xAA, 
0x80, 0xA, 0xAA, 0xAA, 0xAA, 0xAA, 0xA0, 0x0, 0x15, 0x56, 0x0, 
0xAA, 0x55, 0x55, 0x55, 0x55, 0x55, 0x55, 0x55, 0x55, 0x55, 0x55, 
0x55, 0x55, 0x55, 0x55, 0x55, 0x55, 0x55, 0x55, 0x55, 0x55, 0x55, 
0x55, 0x55, 0x55, 0x55, 0x55, 0x55, 0x55, 0x55, 0x5A, 0xAA, 0xAA, 
0x80, 0xFF, 0xFF, 0xFF, 0xD2, 0x82, 0xFF, 0xFF, 0xFF, 0xFF, 0xFD, 
0xF, 0xFF, 0xFF, 0xFC, 0x20, 0x7, 0xD4, 0x2A, 0xAA, 0xAA, 0xF, 
0x58, 0x0, 0x15, 0x7F, 0xFF, 0xF8, 0xA, 0xAA, 0xAA, 0xAA, 0xAA, 
0xAA, 0xAA, 0xAA, 0xAA, 0xAA, 0xAA, 0xAA, 0xAA, 0xAA, 0xAA, 0xAA, 
0xAA, 0xAA, 0xAA, 0xAA, 0xAA, 0xAA, 0xAA, 0xAA, 0xAA, 0xAA, 0xAA, 
0xAA, 0xA0, 0x0, 0xAA, 0xAA, 0xAA, 0xAA, 0xAA, 0x0, 0x25, 0x54, 
0x2, 0xAA, 0x55, 0x55, 0x55, 0x55, 0x55, 0x55, 0x55, 0x55, 0x55, 
0x55, 0x55, 0x55, 0x55, 0x55, 0x55, 0x55, 0x55, 0x55, 0x55, 0x55, 
0x55, 0x55, 0x55, 0x55, 0x55, 0x55, 0x55, 0x55, 0x55, 0x5A, 0xAA, 
0xAA, 0x80, 0xFF, 0xFF, 0xFF, 0xF0, 0x2, 0xFF, 0xFF, 0xFF, 0xFF, 
0xFD, 0x7, 0xFF, 0xFF, 0xFE, 0x28, 0x7, 0xF4, 0x2A, 0xAA, 0xAA, 
0x6, 0x2F, 0xA8, 0x15, 0x55, 0xFF, 0x40, 0x2A, 0xAA, 0xAA, 0xAA, 
0xAA, 0xAA, 0xAA, 0xAA, 0xAA, 0xAA, 0xAA, 0xAA, 0xAA, 0xAA, 0xAA, 
0xAA, 0xAA, 0xAA, 0xAA, 0xAA, 0xAA, 0xAA, 0xAA, 0xAA, 0xAA, 0xAA, 
0xAA, 0xAA, 0xAA, 0x0, 0x2A, 0xAA, 0xAA, 0xAA, 0xAA, 0x80, 0x9, 
0x58, 0x2, 0xAA, 0x55, 0x55, 0x55, 0x55, 0x55, 0x55, 0x55, 0x55, 
0x55, 0x55, 0x55, 0x55, 0x55, 0x55, 0x55, 0x55, 0x55, 0x55, 0x55, 
0x55, 0x55, 0x55, 0x55, 0x55, 0x55, 0x55, 0x55, 0x55, 0x55, 0x62, 
0xAA, 0xAA, 0x80, 0x3F, 0xFF, 0xFF, 0xFD, 0x63, 0xFF, 0xFF, 0xFF, 
0xFF, 0xFF, 0x83, 0xFF, 0xFF, 0xFD, 0x0, 0x2F, 0xF8, 0xAA, 0xAA, 
0xAA, 0x0, 0x2F, 0xFC, 0x15, 0x81, 0xFE, 0x2, 0xAA, 0xAA, 0xAA, 
0xAA, 0xAA, 0xAA, 0xAA, 0xAA, 0xAA, 0xAA, 0xAA, 0xAA, 0xAA, 0xAA, 
0xAA, 0xAA, 0xAA, 0xAA, 0xAA, 0xAA, 0xAA, 0xAA, 0xAA, 0xAA, 0xAA, 
0xAA, 0xAA, 0xAA, 0xAA, 0x80, 0x2, 0xAA, 0xAA, 0xAA, 0xAA, 0x80, 
0x2, 0x50, 0xA, 0xAA, 0x55, 0x55, 0x55, 0x55, 0x55, 0x55, 0x55, 
0x55, 0x55, 0x55, 0x55, 0x55, 0x55, 0x55, 0x55, 0x55, 0x55, 0x55, 
0x55, 0x55, 0x55, 0x55, 0x55, 0x55, 0x55, 0x55, 0x55, 0x55, 0x5D, 
0x4A, 0xAA, 0xAA, 0x80, 0x1F, 0xFF, 0xFF, 0xFF, 0xF7, 0xFF, 0x9F, 
0xFF, 0xFF, 0xFF, 0xC2, 0xFF, 0xFF, 0xFF, 0x80, 0x1F, 0xF8, 0xAA, 
0xAA, 0xAA, 0x1, 0xFF, 0xF4, 0x0, 0x7, 0xF8, 0xA, 0xAA, 0xAA, 
0xAA, 0xAA, 0xAA, 0xAA, 0xAA, 0xAA, 0xAA, 0xAA, 0xAA, 0xAA, 0xAA, 
0xAA, 0xAA, 0xAA, 0xAA, 0xAA, 0xAA, 0xAA, 0xAA, 0xAA, 0xAA, 0xAA, 
0xAA, 0xAA, 0xAA, 0xAA, 0xAA, 0xA8, 0x0, 0xAA, 0xAA, 0xAA, 0xAA, 
0xA0, 0x0, 0xA0, 0xA, 0xAA, 0x55, 0x55, 0x55, 0x55, 0x55, 0x55, 
0x55, 0x55, 0x55, 0x55, 0x55, 0x55, 0x55, 0x55, 0x55, 0x55, 0x55, 
0x55, 0x55, 0x55, 0x55, 0x55, 0x55, 0x55, 0x55, 0x55, 0x55, 0x55, 
0x7D, 0xAA, 0xAA, 0xAA, 0x89, 0xF, 0xFF, 0xFF, 0xFF, 0xDF, 0xF6, 
0x8B, 0xFF, 0xFF, 0xFF, 0xD0, 0xBF, 0xFF, 0xFF, 0xFF, 0xFF, 0xD0, 
0xAA, 0xAA, 0xA2, 0x7, 0xF6, 0x0, 0x2, 0x2F, 0x60, 0x2A, 0xAA, 
0xAA, 0xAA, 0xAA, 0xAA, 0xAA, 0xAA, 0xAA, 0xAA, 0xAA, 0xAA, 0xAA, 
0xAA, 0xAA, 0xAA, 0xAA, 0xAA, 0xAA, 0xAA, 0xAA, 0xAA, 0xAA, 0xAA, 
0xAA, 0xAA, 0xAA, 0xAA, 0xAA, 0xAA, 0xAA, 0x0, 0x2A, 0xAA, 0xAA, 
0xAA, 0xA8, 0x0, 0x0, 0x2A, 0xAA, 0x55, 0x55, 0x55, 0x55, 0x55, 
0x55, 0x55, 0x55, 0x55, 0x55, 0x55, 0x55, 0x55, 0x55, 0x55, 0x55, 
0x55, 0x55, 0x55, 0x55, 0x55, 0x55, 0x55, 0x55, 0x55, 0x55, 0x55, 
0x55, 0x7D, 0x2A, 0xAA, 0xAA, 0x0, 0x83, 0xFF, 0xFF, 0xFF, 0x9F, 
0xD2, 0xD2, 0xFF, 0xFF, 0xFF, 0xF8, 0x2F, 0xFF, 0xFF, 0xFF, 0xFF, 
0x80, 0xAA, 0xAA, 0x82, 0x7, 0xF8, 0x2A, 0xA0, 0x3D, 0xA2, 0xAA, 
0xAA, 0xAA, 0xAA, 0xAA, 0xAA, 0xAA, 0xAA, 0xAA, 0xAA, 0xAA, 0xAA, 
0xAA, 0xAA, 0xAA, 0xAA, 0xAA, 0xAA, 0xAA, 0xAA, 0xAA, 0xAA, 0xAA, 
0xAA, 0xAA, 0xAA, 0xAA, 0xAA, 0xAA, 0xAA, 0xAA, 0x80, 0xA, 0xAA, 
0xAA, 0xAA, 0xAA, 0x0, 0x0, 0x2A, 0xAA, 0x55, 0x55, 0x55, 0x55, 
0x55, 0x55, 0x55, 0x55, 0x55, 0x55, 0x55, 0x55, 0x55, 0x55, 0x55, 
0x55, 0x55, 0x55, 0x55, 0x55, 0x55, 0x55, 0x55, 0x55, 0x55, 0x55, 
0x55, 0x55, 0xFC, 0xAA, 0xAA, 0xAA, 0x29, 0xE0, 0xBF, 0xFF, 0xE8, 
0xBF, 0x4B, 0xF4, 0xBF, 0xFF, 0xFF, 0xFD, 0x1, 0xFF, 0xFF, 0xFF, 
0xD8, 0x2, 0xAA, 0xAA, 0x82, 0x7, 0xF4, 0x2A, 0x0, 0x7A, 0x8A, 
0xAA, 0xAA, 0xAA, 0xAA, 0xAA, 0xAA, 0xAA, 0xAA, 0xAA, 0xAA, 0xAA, 
0xAA, 0xAA, 0xAA, 0xAA, 0xAA, 0xAA, 0xAA, 0xAA, 0xAA, 0xAA, 0xAA, 
0xAA, 0xAA, 0xAA, 0xAA, 0xAA, 0xAA, 0xAA, 0xAA, 0xAA, 0xA8, 0x2, 
0xAA, 0xAA, 0xAA, 0xAA, 0x0, 0x0, 0x2A, 0xAA, 0x55, 0x55, 0x55, 
0x55, 0x55, 0x55, 0x55, 0x55, 0x55, 0x55, 0x55, 0x55, 0x55, 0x55, 
0x55, 0x55, 0x55, 0x55, 0x55, 0x55, 0x55, 0x55, 0x55, 0x55, 0x55, 
0x55, 0x55, 0x55, 0xF6, 0xAA, 0xAA, 0xAA, 0x1F, 0xE0, 0x2, 0xA8, 
0x2, 0xFF, 0x29, 0x7D, 0x1F, 0xFF, 0xFF, 0xFD, 0x40, 0x27, 0xFF, 
0xFE, 0x0, 0x2, 0xAA, 0xAA, 0x82, 0x7, 0xF4, 0x20, 0x2, 0xE0, 
0xAA, 0xAA, 0xAA, 0xAA, 0xAA, 0xAA, 0xAA, 0xAA, 0xAA, 0xAA, 0xAA, 
0xAA, 0xAA, 0xAA, 0xAA, 0xAA, 0xAA, 0xAA, 0xAA, 0xAA, 0xAA, 0xAA, 
0xAA, 0xAA, 0xAA, 0xAA, 0xAA, 0xAA, 0xAA, 0xAA, 0xAA, 0xAA, 0xAA, 
0x0, 0xAA, 0xAA, 0xAA, 0xAA, 0x80, 0x0, 0x2A, 0xAA, 0x55, 0x55, 
0x55, 0x55, 0x55, 0x55, 0x55, 0x55, 0x55, 0x55, 0x55, 0x55, 0x55, 
0x55, 0x55, 0x55, 0x55, 0x55, 0x55, 0x55, 0x55, 0x55, 0x55, 0x55, 
0x55, 0x55, 0x55, 0x57, 0xF2, 0xAA, 0xAA, 0xA8, 0x3D, 0x1, 0x80, 
0x0, 0x27, 0xFF, 0xBF, 0xD6, 0xAF, 0xFF, 0xFF, 0xD0, 0xB8, 0x0, 
0x0, 0x0, 0x0, 0x8A, 0xAA, 0xAA, 0x82, 0x7, 0xFC, 0x20, 0x3, 
0xC2, 0xA8, 0xAA, 0xAA, 0xAA, 0xAA, 0xAA, 0xAA, 0xAA, 0xAA, 0xAA, 
0xAA, 0xAA, 0xAA, 0xAA, 0xAA, 0xAA, 0xAA, 0xAA, 0xAA, 0xAA, 0xAA, 
0xAA, 0xAA, 0xAA, 0xAA, 0xAA, 0xAA, 0xAA, 0xAA, 0xAA, 0xAA, 0xAA, 
0xAA, 0x80, 0x2A, 0xAA, 0xAA, 0xAA, 0xA0, 0x0, 0xAA, 0xAA, 0x55, 
0x55, 0x55, 0x55, 0x55, 0x55, 0x55, 0x55, 0x55, 0x55, 0x55, 0x55, 
0x55, 0x55, 0x55, 0x55, 0x55, 0x55, 0x55, 0x55, 0x55, 0x55, 0x55, 
0x55, 0x55, 0x55, 0x55, 0x5F, 0xEA, 0xAA, 0xAA, 0xA8, 0x3E, 0x7, 
0xB6, 0x29, 0xFF, 0xFF, 0xFF, 0xFF, 0xFF, 0xFF, 0xFF, 0x0, 0xFF, 
0xE0, 0x0, 0x0, 0xA0, 0xA, 0xAA, 0xAA, 0xA, 0x7, 0xFE, 0x90, 
0x8F, 0x82, 0xA2, 0xAA, 0xAA, 0xAA, 0xAA, 0xAA, 0xAA, 0xAA, 0xAA, 
0xAA, 0xAA, 0xAA, 0xAA, 0xAA, 0xAA, 0xAA, 0xAA, 0xAA, 0xAA, 0xAA, 
0xAA, 0xAA, 0xAA, 0xAA, 0xAA, 0xAA, 0xAA, 0xAA, 0xAA, 0xAA, 0xAA, 
0xAA, 0xAA, 0xA0, 0xA, 0xAA, 0xAA, 0xAA, 0xA8, 0x0, 0xAA, 0xAA, 
0x55, 0x55, 0x55, 0x55, 0x55, 0x55, 0x55, 0x55, 0x55, 0x55, 0x55, 
0x55, 0x55, 0x55, 0x55, 0x55, 0x55, 0x55, 0x55, 0x55, 0x55, 0x55, 
0x55, 0x55, 0x55, 0x55, 0x55, 0x7F, 0x4A, 0xAA, 0xAA, 0xA8, 0x3F, 
0xFD, 0x74, 0x1F, 0xFF, 0xFF, 0xFF, 0xFF, 0xFF, 0xFF, 0xFF, 0xB, 
0xFF, 0xD1, 0xD5, 0xD8, 0x98, 0xA, 0xAA, 0xAA, 0xA, 0x86, 0xAF, 
0xC2, 0x5D, 0xA, 0x82, 0xAA, 0xAA, 0xA2, 0xAA, 0xAA, 0xAA, 0xAA, 
0xAA, 0xAA, 0xAA, 0xAA, 0xAA, 0xAA, 0xAA, 0xAA, 0xAA, 0xAA, 0xAA, 
0xAA, 0xAA, 0xAA, 0xAA, 0xAA, 0xAA, 0xAA, 0xAA, 0xAA, 0xAA, 0xAA, 
0xAA, 0xAA, 0xAA, 0xA8, 0x2, 0xAA, 0xAA, 0xAA, 0xA8, 0x0, 0xAA, 
0xAA, 0x55, 0x55, 0x55, 0x55, 0x55, 0x55, 0x55, 0x55, 0x55, 0x55, 
0x55, 0x55, 0x55, 0x55, 0x55, 0x55, 0x55, 0x55, 0x55, 0x55, 0x55, 
0x55, 0x55, 0x55, 0x55, 0x55, 0x55, 0xFF, 0x2A, 0xAA, 0xAA, 0xA8, 
0x3F, 0xFE, 0xF4, 0x3F, 0xFF, 0xFF, 0xFF, 0xFF, 0xFF, 0xFF, 0xFF, 
0xFF, 0xFF, 0xC2, 0xFF, 0xE4, 0x28, 0xA, 0xAA, 0xAA, 0xA, 0x80, 
0xB, 0x82, 0x7C, 0xA, 0x2, 0xAA, 0xAA, 0xA, 0xAA, 0xAA, 0xAA, 
0xAA, 0xAA, 0xAA, 0xA2, 0xAA, 0xAA, 0xAA, 0xAA, 0xAA, 0xAA, 0xAA, 
0xAA, 0xAA, 0xAA, 0xAA, 0xAA, 0xAA, 0xAA, 0xAA, 0xAA, 0xAA, 0xAA, 
0xAA, 0xAA, 0xAA, 0xAA, 0xAA, 0x0, 0xAA, 0xAA, 0xAA, 0xA8, 0x0, 
0xAA, 0xAA, 0x55, 0x55, 0x55, 0x55, 0x55, 0x55, 0x55, 0x55, 0x55, 
0x55, 0x55, 0x55, 0x55, 0x55, 0x55, 0x55, 0x55, 0x55, 0x55, 0x55, 
0x55, 0x55, 0x55, 0x55, 0x55, 0x55, 0x57, 0xFE, 0xAA, 0xAA, 0xAA, 
0xA8, 0x1F, 0xFD, 0xF6, 0xFF, 0xFF, 0xFF, 0xFF, 0xFF, 0xFF, 0xFF, 
0xFF, 0xFF, 0xFF, 0xC1, 0xFF, 0xE5, 0x8, 0x2A, 0xAA, 0xAA, 0xA, 
0x82, 0x83, 0x1, 0xF4, 0x2A, 0xA, 0xAA, 0xA8, 0xA, 0xAA, 0xAA, 
0xAA, 0xAA, 0xAA, 0xAA, 0x8A, 0xAA, 0xAA, 0xAA, 0xAA, 0xAA, 0xAA, 
0xAA, 0xAA, 0xAA, 0xAA, 0xAA, 0xAA, 0xAA, 0xAA, 0xAA, 0xAA, 0xAA, 
0xAA, 0xAA, 0xAA, 0xAA, 0xAA, 0xAA, 0x80, 0x2A, 0xAA, 0xAA, 0xA8, 
0x0, 0xAA, 0xAA, 0x55, 0x55, 0x55, 0x55, 0x55, 0x55, 0x55, 0x55, 
0x55, 0x55, 0x55, 0x55, 0x55, 0x55, 0x55, 0x55, 0x55, 0x55, 0x55, 
0x55, 0x55, 0x55, 0x55, 0x55, 0x55, 0x55, 0x5F, 0xF8, 0xAA, 0xAA, 
0xAA, 0xAA, 0x2F, 0xF9, 0xFF, 0xFF, 0xFF, 0xFF, 0xFF, 0xFF, 0xFF, 
0xFF, 0xFF, 0xFF, 0xFF, 0xD7, 0xFF, 0xDB, 0x50, 0x2A, 0xAA, 0xAA, 
0xA, 0x82, 0x82, 0x9, 0xF0, 0xA8, 0xA, 0xAA, 0xA8, 0x2A, 0xAA, 
0xAA, 0xAA, 0xAA, 0xAA, 0xAA, 0xA, 0xAA, 0xAA, 0xAA, 0xAA, 0xAA, 
0xAA, 0xAA, 0xAA, 0xAA, 0xAA, 0xAA, 0xAA, 0xAA, 0xAA, 0xAA, 0xAA, 
0xAA, 0xAA, 0xAA, 0xAA, 0xAA, 0xAA, 0xAA, 0xA0, 0xA, 0xAA, 0xAA, 
0xA8, 0x2, 0xAA, 0xAA, 0x55, 0x55, 0x55, 0x55, 0x55, 0x55, 0x55, 
0x55, 0x55, 0x55, 0x55, 0x55, 0x55, 0x55, 0x55, 0x55, 0x55, 0x55, 
0x55, 0x55, 0x55, 0x55, 0x55, 0x55, 0x55, 0x55, 0xFF, 0xE2, 0xAA, 
0xAA, 0xAA, 0xAA, 0xF, 0xFB, 0xFF, 0xFF, 0xFF, 0xFF, 0xFF, 0xFF, 
0xFF, 0xFF, 0xFF, 0xFF, 0xFF, 0xFF, 0xFF, 0xFB, 0xD0, 0xAA, 0xAA, 
0xA8, 0xA, 0x80, 0x80, 0x27, 0xE0, 0xA8, 0x2A, 0xAA, 0xA0, 0x2A, 
0xAA, 0xAA, 0xAA, 0xAA, 0xAA, 0xAA, 0x2A, 0xAA, 0xAA, 0xAA, 0xAA, 
0xAA, 0xAA, 0xAA, 0xAA, 0xAA, 0xAA, 0xAA, 0xAA, 0xAA, 0xAA, 0xAA, 
0xAA, 0xAA, 0xAA, 0xAA, 0xAA, 0xAA, 0xAA, 0xAA, 0xA8, 0xA, 0xAA, 
0xAA, 0xA8, 0x2, 0xAA, 0xAA, 0x55, 0x55, 0x55, 0x55, 0x55, 0x55, 
0x55, 0x55, 0x55, 0x55, 0x55, 0x55, 0x55, 0x55, 0x55, 0x55, 0x55, 
0x55, 0x55, 0x55, 0x55, 0x55, 0x55, 0x55, 0x55, 0x57, 0xFD, 0x8A, 
0xAA, 0xAA, 0xAA, 0xAA, 0xF, 0xFB, 0xFF, 0xFF, 0xFF, 0xFF, 0xFF, 
0xFF, 0xFF, 0xFF, 0xFF, 0xFF, 0xFF, 0xFF, 0xFF, 0xF9, 0xE0, 0xAA, 
0xAA, 0xA8, 0xA, 0x80, 0x80, 0x17, 0xC2, 0xA0, 0x2A, 0xAA, 0x80, 
0xAA, 0xAA, 0xAA, 0xAA, 0xAA, 0xAA, 0xA8, 0xAA, 0xAA, 0xAA, 0xAA, 
0xAA, 0xAA, 0xAA, 0xAA, 0xAA, 0xAA, 0xAA, 0xAA, 0xAA, 0xAA, 0xAA, 
0xAA, 0xAA, 0xAA, 0xAA, 0xAA, 0xAA, 0xAA, 0xAA, 0xAA, 0xAA, 0x2, 
0xAA, 0xAA, 0xA8, 0x2, 0xAA, 0xAA, 0x55, 0x55, 0x55, 0x55, 0x55, 
0x55, 0x55, 0x55, 0x55, 0x55, 0x55, 0x55, 0x55, 0x55, 0x55, 0x55, 
0x55, 0x55, 0x55, 0x55, 0x55, 0x55, 0x55, 0x55, 0x55, 0x7F, 0xF4, 
0xA, 0xAA, 0xAA, 0xAA, 0xAA, 0x8B, 0xF7, 0xFF, 0xFF, 0xFF, 0xFF, 
0xFF, 0xFF, 0xFF, 0xFF, 0xFF, 0xFF, 0xFF, 0xFF, 0xFF, 0xF9, 0xC0, 
0xAA, 0xAA, 0xA8, 0xA, 0x80, 0xA0, 0x1F, 0x42, 0xA0, 0x2A, 0xAA, 
0x80, 0xAA, 0xAA, 0xAA, 0xAA, 0xAA, 0xAA, 0xA0, 0xAA, 0xAA, 0xAA, 
0xAA, 0xAA, 0xAA, 0xAA, 0xAA, 0xAA, 0xAA, 0xAA, 0xAA, 0xAA, 0xAA, 
0xAA, 0xAA, 0xAA, 0xAA, 0xAA, 0xAA, 0xAA, 0xAA, 0xAA, 0xAA, 0xAA, 
0x80, 0xAA, 0xAA, 0xA8, 0x2, 0xAA, 0xAA, 0x55, 0x55, 0x55, 0x55, 
0x55, 0x55, 0x55, 0x55, 0x55, 0x55, 0x55, 0x55, 0x55, 0x55, 0x55, 
0x55, 0x55, 0x55, 0x55, 0x55, 0x55, 0x55, 0x57, 0x55, 0xFF, 0xFF, 
0x60, 0x2A, 0xAA, 0xAA, 0xAA, 0xAA, 0x83, 0xF7, 0xFF, 0xFF, 0xFF, 
0xFF, 0xFF, 0xFF, 0xFF, 0xFF, 0xFF, 0xFF, 0xFF, 0xFF, 0xFF, 0xF9, 
0x42, 0xAA, 0xAA, 0xA8, 0xA, 0x80, 0xA0, 0x9F, 0x8A, 0x80, 0xAA, 
0xAA, 0x2, 0xAA, 0xAA, 0xAA, 0xAA, 0xAA, 0xAA, 0x82, 0xAA, 0xAA, 
0xAA, 0xAA, 0xAA, 0xAA, 0xAA, 0xAA, 0xAA, 0xAA, 0xAA, 0xAA, 0xAA, 
0xAA, 0xAA, 0xAA, 0xAA, 0xAA, 0xAA, 0xAA, 0xAA, 0xAA, 0xAA, 0xAA, 
0xAA, 0xA2, 0xAA, 0xAA, 0xA8, 0x2, 0xAA, 0xAA, 0x55, 0x55, 0x55, 
0x55, 0x55, 0x55, 0x55, 0x55, 0x55, 0x55, 0x55, 0x55, 0x55, 0x55, 
0x55, 0x55, 0x55, 0x55, 0x55, 0x55, 0x55, 0x55, 0x5F, 0xFF, 0xFF, 
0xF6, 0x0, 0xAA, 0xAA, 0xAA, 0xAA, 0xAA, 0xA0, 0xF7, 0xFF, 0xFF, 
0xFF, 0xFF, 0xFF, 0xFF, 0xFF, 0xFF, 0xFF, 0xFF, 0xFF, 0xFF, 0xFF, 
0xD9, 0x82, 0xAA, 0xAA, 0xA8, 0xA, 0x80, 0x20, 0x9F, 0xA, 0x80, 
0xAA, 0xAA, 0x2, 0xAA, 0xAA, 0xAA, 0xAA, 0xAA, 0xAA, 0x8A, 0xAA, 
0xAA, 0xAA, 0xAA, 0xAA, 0xAA, 0xAA, 0xAA, 0xAA, 0xAA, 0xAA, 0xAA, 
0xAA, 0xAA, 0xAA, 0xAA, 0xAA, 0xAA, 0xAA, 0xAA, 0xAA, 0xAA, 0xAA, 
0xAA, 0xAA, 0xAA, 0xAA, 0xAA, 0xA8, 0x2, 0xAA, 0xAA, 0x55, 0x55, 
0x55, 0x55, 0x55, 0x55, 0x55, 0x55, 0x55, 0x55, 0x55, 0x55, 0x55, 
0x55, 0x55, 0x55, 0x55, 0x55, 0x55, 0x55, 0x55, 0x55, 0x5F, 0xFF, 
0xFD, 0x60, 0x0, 0xAA, 0xAA, 0xAA, 0xAA, 0xAA, 0xA8, 0xB7, 0xFF, 
0xFF, 0xFF, 0xFF, 0xFF, 0xFF, 0xFF, 0xFF, 0xFF, 0xFF, 0xFF, 0xFF, 
0xFF, 0xF9, 0x82, 0xAA, 0xAA, 0xA0, 0xA, 0x80, 0x20, 0xBE, 0xA, 
0x2, 0xAA, 0xA8, 0x2, 0xAA, 0xAA, 0xAA, 0xAA, 0xAA, 0xAA, 0xA, 
0xAA, 0xAA, 0xAA, 0xAA, 0xAA, 0xAA, 0xAA, 0xAA, 0xAA, 0xAA, 0xAA, 
0xAA, 0xAA, 0xAA, 0xAA, 0xAA, 0xAA, 0xAA, 0xAA, 0xAA, 0xAA, 0xAA, 
0xAA, 0xAA, 0xAA, 0xAA, 0xAA, 0xAA, 0xA8, 0xA, 0xAA, 0xAA, 0x55, 
0x55, 0x55, 0x55, 0x55, 0x55, 0x55, 0x55, 0x55, 0x55, 0x55, 0x55, 
0x55, 0x55, 0x55, 0x55, 0x55, 0x55, 0x55, 0x55, 0x55, 0x55, 0x55, 
0x55, 0x58, 0x0, 0xA, 0xAA, 0xAA, 0xAA, 0xAA, 0xAA, 0xA8, 0x7, 
0xFF, 0xFF, 0xFF, 0xFF, 0x6A, 0xA, 0xBF, 0xFF, 0xFF, 0xFF, 0xFF, 
0xFF, 0xFF, 0xF9, 0xA, 0xAA, 0xAA, 0xA0, 0x82, 0x80, 0x0, 0xBE, 
0x2A, 0x2, 0xAA, 0xA8, 0xA, 0xAA, 0xAA, 0xAA, 0xAA, 0xAA, 0xAA, 
0x2A, 0xAA, 0xAA, 0xAA, 0xAA, 0xAA, 0xAA, 0xAA, 0xAA, 0xAA, 0xAA, 
0xAA, 0xAA, 0xAA, 0xAA, 0xAA, 0xAA, 0xAA, 0xAA, 0xAA, 0xAA, 0xAA, 
0xAA, 0xAA, 0xAA, 0xAA, 0xAA, 0xAA, 0xAA, 0xA8, 0xA, 0xAA, 0xAA, 
0x55, 0x55, 0x55, 0x55, 0x55, 0x55, 0x55, 0x55, 0x55, 0x55, 0x55, 
0x55, 0x55, 0x55, 0x55, 0x55, 0x55, 0x55, 0x55, 0x55, 0x55, 0xAA, 
0xAA, 0xA8, 0x2, 0x0, 0x2A, 0xAA, 0xAA, 0xAA, 0xAA, 0xAA, 0xAA, 
0x1, 0xFF, 0xFF, 0xFF, 0xFA, 0x25, 0x5A, 0xB, 0xFF, 0xFF, 0xFF, 
0xFF, 0xFF, 0xFF, 0xFA, 0xA, 0xAA, 0xAA, 0xA0, 0x82, 0xA0, 0x0, 
0x3C, 0x2A, 0x2, 0xAA, 0xA8, 0xA, 0xAA, 0xAA, 0xAA, 0x82, 0xAA, 
0xA8, 0x2A, 0xAA, 0xAA, 0xAA, 0xAA, 0xAA, 0xAA, 0xAA, 0xAA, 0xAA, 
0xAA, 0xAA, 0xAA, 0xAA, 0xAA, 0xAA, 0xAA, 0xAA, 0xAA, 0xAA, 0xAA, 
0xAA, 0xAA, 0xAA, 0xAA, 0xAA, 0xAA, 0xAA, 0xAA, 0xA8, 0xA, 0xAA, 
0xAA, 0x55, 0x55, 0x55, 0x55, 0x55, 0x55, 0x55, 0x55, 0x55, 0x55, 
0x55, 0x55, 0x55, 0x55, 0x55, 0x55, 0x55, 0x55, 0x55, 0x55, 0x55, 
0x80, 0x0, 0x0, 0x0, 0x2, 0xAA, 0xAA, 0xAA, 0xAA, 0xAA, 0xAA, 
0xA8, 0x20, 0x7F, 0xFF, 0xFF, 0xE2, 0x6F, 0xFA, 0xD8, 0xBF, 0xFF, 
0xFF, 0xFF, 0xFF, 0xFF, 0xF8, 0x2A, 0xAA, 0xAA, 0xA0, 0x62, 0xA0, 
0x80, 0x34, 0x28, 0xA, 0xAA, 0xA0, 0xA, 0xAA, 0xAA, 0xAA, 0x82, 
0xAA, 0xA8, 0xAA, 0xAA, 0xAA, 0xAA, 0xAA, 0xAA, 0xAA, 0xAA, 0xAA, 
0xAA, 0xAA, 0xAA, 0xAA, 0xAA, 0xAA, 0xAA, 0xAA, 0xAA, 0xAA, 0xAA, 
0xAA, 0xAA, 0xAA, 0xAA, 0xAA, 0xAA, 0xAA, 0xAA, 0xAA, 0xAA, 0xA, 
0xAA, 0xAA, 0x55, 0x55, 0x55, 0x55, 0x55, 0x55, 0x55, 0x55, 0x55, 
0x55, 0x55, 0x55, 0x55, 0x55, 0x55, 0x55, 0x55, 0x55, 0x55, 0x55, 
0x55, 0x56, 0xAA, 0xA0, 0xAA, 0xA, 0xAA, 0xAA, 0xAA, 0xAA, 0xAA, 
0xAA, 0xA8, 0x18, 0x2F, 0xFF, 0xFF, 0xEB, 0xC7, 0xFC, 0x7E, 0x2F, 
0xFF, 0xFF, 0xFF, 0xFF, 0xFF, 0xF8, 0x2A, 0xAA, 0xAA, 0xA0, 0x62, 
0xA0, 0xA8, 0xB8, 0x28, 0xA, 0xAA, 0xA0, 0x2A, 0xAA, 0xAA, 0xAA, 
0xA, 0xAA, 0xA0, 0xAA, 0xAA, 0xAA, 0xAA, 0xAA, 0xAA, 0xAA, 0xAA, 
0xAA, 0xAA, 0xAA, 0xAA, 0xAA, 0xAA, 0xAA, 0xAA, 0xAA, 0xAA, 0xAA, 
0xAA, 0xAA, 0xAA, 0xAA, 0xAA, 0xAA, 0xAA, 0xAA, 0xAA, 0xAA, 0xAA, 
0xA, 0xAA, 0xAA, 0x55, 0x55, 0x55, 0x55, 0x55, 0x55, 0x55, 0x55, 
0x55, 0x55, 0x55, 0x55, 0x55, 0x55, 0x55, 0x55, 0x55, 0x55, 0x55, 
0x55, 0x55, 0x55, 0x55, 0x55, 0x58, 0x2A, 0xAA, 0xAA, 0xAA, 0xAA, 
0xAA, 0xAA, 0xA8, 0x96, 0xB, 0xFF, 0xFF, 0xE7, 0xEB, 0xFE, 0xBF, 
0xB, 0xFF, 0xFF, 0xFF, 0xFF, 0xFF, 0xF0, 0xAA, 0xAA, 0xAA, 0xA2, 
0x50, 0xA0, 0x96, 0x78, 0x28, 0x2A, 0xAA, 0xA0, 0x2A, 0xAA, 0xAA, 
0xAA, 0xA, 0xAA, 0xA2, 0xAA, 0xAA, 0xAA, 0xAA, 0xAA, 0xAA, 0xAA, 
0xAA, 0xAA, 0xAA, 0xAA, 0xAA, 0xAA, 0xAA, 0xAA, 0xAA, 0xAA, 0xAA, 
0xAA, 0xAA, 0xAA, 0xAA, 0xAA, 0xAA, 0xAA, 0xAA, 0xAA, 0xAA, 0xAA, 
0xAA, 0xA, 0xAA, 0xAA, 0x55, 0x55, 0x55, 0x55, 0x55, 0x55, 0x55, 
0x55, 0x55, 0x55, 0x55, 0x55, 0x55, 0x55, 0x55, 0x55, 0x55, 0x55, 
0x55, 0x55, 0x55, 0x55, 0x55, 0x55, 0x50, 0xAA, 0xAA, 0xAA, 0xAA, 
0xAA, 0xAA, 0xAA, 0xA0, 0x55, 0x80, 0x7F, 0xFF, 0xE1, 0xE9, 0xFE, 
0xBF, 0x82, 0xFF, 0xFF, 0xFF, 0xFF, 0xFF, 0xE0, 0xAA, 0xAA, 0xAA, 
0xA2, 0x50, 0xA0, 0x95, 0x78, 0x28, 0x2A, 0xAA, 0x80, 0x2A, 0xAA, 
0xAA, 0xA8, 0xA, 0xAA, 0xA2, 0xAA, 0xAA, 0xAA, 0xAA, 0xAA, 0xAA, 
0xAA, 0xAA, 0xAA, 0xAA, 0xAA, 0xAA, 0xAA, 0xAA, 0xAA, 0xAA, 0xAA, 
0xAA, 0xAA, 0xAA, 0xAA, 0xAA, 0xAA, 0x80, 0x2A, 0xAA, 0xAA, 0xAA, 
0xAA, 0xAA, 0xA, 0xAA, 0xAA, 0x55, 0x55, 0x55, 0x55, 0x55, 0x55, 
0x55, 0x55, 0x55, 0x55, 0x55, 0x55, 0x55, 0x55, 0x55, 0x55, 0x55, 
0x55, 0x55, 0x55, 0x55, 0x55, 0x55, 0x55, 0x42, 0xAA, 0xAA, 0xAA, 
0xAA, 0xAA, 0xAA, 0xAA, 0xA0, 0x55, 0x50, 0x1F, 0xFF, 0xF9, 0xDA, 
0x9, 0x2F, 0xC8, 0x7F, 0xFF, 0xFF, 0xFF, 0xFF, 0xC2, 0xAA, 0xAA, 
0xAA, 0xA2, 0x58, 0xA8, 0x95, 0xF8, 0xA0, 0x2A, 0xAA, 0x80, 0xAA, 
0xAA, 0xAA, 0xA8, 0x2A, 0xAA, 0x82, 0xAA, 0xAA, 0xAA, 0xAA, 0xAA, 
0xAA, 0xAA, 0xAA, 0xAA, 0xAA, 0xAA, 0xAA, 0xAA, 0xAA, 0xAA, 0xAA, 
0xAA, 0xAA, 0xAA, 0xAA, 0xAA, 0xAA, 0xA0, 0x0, 0x0, 0xAA, 0xAA, 
0xAA, 0xAA, 0xAA, 0xA, 0xAA, 0xAA, 0x55, 0x55, 0x55, 0x55, 0x55, 
0x55, 0x55, 0x55, 0x55, 0x55, 0x55, 0x55, 0x55, 0x55, 0x55, 0x55, 
0x55, 0x55, 0x55, 0x55, 0x55, 0x55, 0x55, 0x55, 0xA, 0xAA, 0xAA, 
0xAA, 0xAA, 0xAA, 0xAA, 0xAA, 0xA0, 0x55, 0x56, 0xB, 0xFF, 0xFF, 
0xFF, 0xE8, 0x27, 0xEA, 0xBF, 0xFF, 0xFF, 0xFF, 0xFF, 0xC2, 0xAA, 
0xAA, 0xAA, 0xA2, 0x54, 0x28, 0x95, 0xF0, 0xA0, 0x2A, 0xAA, 0x80, 
0xAA, 0xAA, 0xAA, 0xA0, 0x2A, 0xAA, 0x8A, 0xAA, 0xAA, 0xAA, 0xA8, 
0xAA, 0xAA, 0xAA, 0xAA, 0xAA, 0xAA, 0xAA, 0xAA, 0xAA, 0xAA, 0xAA, 
0xAA, 0xAA, 0xAA, 0xAA, 0xAA, 0xAA, 0xA8, 0x0, 0x0, 0x0, 0xA, 
0xAA, 0xAA, 0xAA, 0xAA, 0xA, 0xAA, 0xAA, 0x55, 0x55, 0x55, 0x55, 
0x55, 0x55, 0x55, 0x55, 0x55, 0x55, 0x55, 0x55, 0x55, 0x55, 0x55, 
0x55, 0x55, 0x55, 0x55, 0x55, 0x55, 0x55, 0x55, 0x54, 0x2A, 0xAA, 
0xAA, 0xAA, 0xAA, 0xAA, 0x8A, 0xAA, 0xA0, 0x55, 0x55, 0x82, 0x7F, 
0xFF, 0xFF, 0xFD, 0x60, 0xA9, 0x1F, 0xFF, 0xFF, 0xFF, 0xFD, 0xA, 
0xAA, 0xAA, 0xAA, 0x82, 0x56, 0x8, 0x15, 0xF0, 0x20, 0x2A, 0xAA, 
0x80, 0xAA, 0xAA, 0xAA, 0xA0, 0xAA, 0xAA, 0xA, 0xAA, 0xAA, 0xAA, 
0xAA, 0xAA, 0xAA, 0xAA, 0xAA, 0xAA, 0xAA, 0xAA, 0xAA, 0xAA, 0xAA, 
0xAA, 0xAA, 0xAA, 0xAA, 0xAA, 0xAA, 0xAA, 0x80, 0x0, 0x0, 0x0, 
0x0, 0xAA, 0xAA, 0xAA, 0xAA, 0xA, 0xAA, 0xAA, 0x55, 0x55, 0x55, 
0x55, 0x55, 0x55, 0x55, 0x55, 0x55, 0x55, 0x55, 0x55, 0x55, 0x55, 
0x55, 0x55, 0x55, 0x55, 0x55, 0x55, 0x55, 0x55, 0x55, 0x50, 0xAA, 
0xAA, 0xAA, 0xAA, 0xAA, 0xAA, 0xA, 0xAA, 0xA2, 0x55, 0x55, 0x60, 
0x1F, 0xFF, 0xFF, 0xFF, 0xFD, 0xA0, 0xBF, 0xFF, 0xFF, 0xFF, 0xD8, 
0xA, 0xAA, 0xAA, 0xAA, 0x81, 0x55, 0x8, 0x15, 0xF0, 0x20, 0x2A, 
0xAA, 0x80, 0xAA, 0xAA, 0xAA, 0x80, 0xAA, 0xAA, 0xA, 0xAA, 0xAA, 
0xAA, 0xAA, 0xAA, 0xAA, 0xAA, 0xAA, 0xAA, 0xAA, 0xAA, 0xAA, 0xAA, 
0xAA, 0xAA, 0xAA, 0xAA, 0xAA, 0xAA, 0xAA, 0xA8, 0x0, 0x0, 0xA, 
0x80, 0x0, 0x2A, 0xAA, 0xAA, 0xAA, 0xA, 0xAA, 0xAA, 0x55, 0x55, 
0x55, 0x55, 0x55, 0x55, 0x55, 0x55, 0x55, 0x55, 0x55, 0x55, 0x55, 
0x55, 0x55, 0x55, 0x55, 0x55, 0x55, 0x55, 0x55, 0x55, 0x55, 0x62, 
0xAA, 0xAA, 0xAA, 0xAA, 0xAA, 0xAA, 0x2A, 0xAA, 0x81, 0x55, 0x55, 
0x58, 0x7, 0xFF, 0xFF, 0xFF, 0xFF, 0xFD, 0xFF, 0xFF, 0xFF, 0xF6, 
0x80, 0xA, 0xAA, 0xAA, 0xAA, 0x81, 0x55, 0x40, 0x25, 0xF8, 0x20, 
0xAA, 0xAA, 0x80, 0xAA, 0xAA, 0xAA, 0x80, 0xAA, 0xAA, 0x2A, 0xAA, 
0xAA, 0xAA, 0xA2, 0xAA, 0xAA, 0xAA, 0xAA, 0xA2, 0xAA, 0xAA, 0xAA, 
0xAA, 0xAA, 0x80, 0x2A, 0xAA, 0xAA, 0xAA, 0xAA, 0xA0, 0x0, 0x2A, 
0xAA, 0xA8, 0x0, 0xA, 0xAA, 0xAA, 0xAA, 0xA, 0xAA, 0xAA, 0x55, 
0x55, 0x55, 0x55, 0x55, 0x55, 0x55, 0x55, 0x55, 0x55, 0x55, 0x55, 
0x55, 0x55, 0x55, 0x55, 0x55, 0x55, 0x55, 0x55, 0x55, 0x55, 0x55, 
0x8A, 0xAA, 0xAA, 0xAA, 0xAA, 0xAA, 0xA8, 0x2A, 0xAA, 0x81, 0x55, 
0x55, 0x55, 0x82, 0xFF, 0xFF, 0xFF, 0xFF, 0xFF, 0xFF, 0xFF, 0xFF, 
0x60, 0x0, 0x2A, 0xAA, 0xAA, 0xAA, 0x81, 0x55, 0x60, 0x25, 0xF4, 
0x0, 0xAA, 0xAA, 0x82, 0xAA, 0xAA, 0xAA, 0x82, 0xAA, 0xA8, 0x2A, 
0xAA, 0xAA, 0xAA, 0xAA, 0xAA, 0xAA, 0xAA, 0xAA, 0x80, 0x2A, 0xAA, 
0xAA, 0xAA, 0xAA, 0x0, 0x2A, 0xAA, 0xAA, 0xAA, 0xAA, 0x80, 0xA, 
0xAA, 0xAA, 0xAA, 0x80, 0x2, 0xAA, 0xAA, 0xAA, 0x2, 0xAA, 0xAA, 
0x55, 0x55, 0x55, 0x55, 0x55, 0x55, 0x55, 0x55, 0x55, 0x55, 0x55, 
0x55, 0x55, 0x55, 0x55, 0x55, 0x55, 0x55, 0x55, 0x55, 0x55, 0x55, 
0x55, 0xA, 0xAA, 0xAA, 0xAA, 0xAA, 0xAA, 0xA2, 0xAA, 0xAA, 0x81, 
0x55, 0x55, 0x55, 0x60, 0x1F, 0xFF, 0xFF, 0xFF, 0xFF, 0xFF, 0xFF, 
0x58, 0x0, 0xA8, 0x2A, 0xAA, 0xAA, 0xAA, 0x81, 0x55, 0x58, 0x5, 
0xF4, 0x0, 0xAA, 0xAA, 0x2, 0xAA, 0xAA, 0xAA, 0x2, 0xAA, 0xA8, 
0x2A, 0xAA, 0xAA, 0xAA, 0xA9, 0xAA, 0xAA, 0xAA, 0xAA, 0x80, 0x2, 
0xAA, 0xAA, 0xAA, 0xA8, 0x0, 0xA, 0xAA, 0xAA, 0xAA, 0xAA, 0x0, 
0x2A, 0xAA, 0xAA, 0xAA, 0xA0, 0x2, 0xAA, 0x8A, 0xAA, 0x82, 0xAA, 
0xAA, 0x55, 0x55, 0x55, 0x55, 0x55, 0x55, 0x55, 0x55, 0x55, 0x55, 
0x55, 0x55, 0x55, 0x55, 0x55, 0x55, 0x55, 0x55, 0x55, 0x55, 0x55, 
0x55, 0x54, 0x2A, 0xAA, 0xAA, 0xAA, 0xAA, 0xAA, 0x81, 0x2A, 0xAA, 
0x81, 0x55, 0x55, 0x55, 0x58, 0x9, 0xFF, 0xFF, 0xFF, 0xFF, 0xFF, 
0xD4, 0x0, 0x9, 0x58, 0xAA, 0xAA, 0xAA, 0xAA, 0x81, 0x55, 0x56, 
0x9, 0x7E, 0x0, 0xAA, 0xAA, 0x2, 0xAA, 0xAA, 0xAA, 0x2, 0xAA, 
0xA0, 0x2A, 0xAA, 0xAA, 0xAA, 0xA9, 0xAA, 0xAA, 0xAA, 0xAA, 0x80, 
0x0, 0xAA, 0xAA, 0xAA, 0xA0, 0x0, 0x2, 0xAA, 0xAA, 0xAA, 0xA8, 
0x0, 0xAA, 0xAA, 0xAA, 0xAA, 0xAA, 0x0, 0xAA, 0x8A, 0xAA, 0x82, 
0xAA, 0xAA, 0x55, 0x55, 0x55, 0x55, 0x55, 0x55, 0x55, 0x55, 0x55, 
0x55, 0x55, 0x55, 0x55, 0x55, 0x55, 0x55, 0x55, 0x55, 0x55, 0x55, 
0x55, 0x55, 0x58, 0xAA, 0xAA, 0xAA, 0xAA, 0xAA, 0xAA, 0x8A, 0xAA, 
0xAA, 0x89, 0x55, 0x55, 0x55, 0x54, 0x0, 0x7F, 0xFF, 0xFF, 0xFF, 
0xF6, 0x0, 0x0, 0x25, 0x50, 0xAA, 0xAA, 0xAA, 0xAA, 0x81, 0x55, 
0x55, 0x45, 0x7E, 0x0, 0xAA, 0xAA, 0x2, 0xAA, 0xAA, 0xAA, 0xA, 
0xAA, 0xA0, 0x2A, 0xAA, 0xAA, 0xAA, 0x89, 0x6A, 0xAA, 0xAA, 0xAA, 
0xA0, 0x0, 0x2A, 0xAA, 0xAA, 0x80, 0x0, 0x2, 0xAA, 0xAA, 0xAA, 
0xA0, 0x2, 0xAA, 0xAA, 0xAA, 0xAA, 0xAA, 0x0, 0xAA, 0x82, 0xAA, 
0x82, 0xAA, 0xAA, 0x55, 0x55, 0x55, 0x55, 0x55, 0x55, 0x55, 0x55, 
0x55, 0x55, 0x55, 0x55, 0x55, 0x55, 0x55, 0x55, 0x55, 0x55, 0x55, 
0x55, 0x55, 0x55, 0x60, 0xAA, 0xAA, 0xAA, 0xAA, 0xAA, 0xAA, 0x26, 
0xAA, 0xAA, 0x89, 0x55, 0x55, 0x55, 0x55, 0x0, 0x7, 0xFF, 0xFF, 
0xFD, 0x80, 0x0, 0x0, 0x55, 0x62, 0xAA, 0xAA, 0xAA, 0xAA, 0x81, 
0x55, 0x55, 0x55, 0x7E, 0x0, 0xAA, 0xAA, 0x2, 0xAA, 0xAA, 0xAA, 
0xA, 0xAA, 0xA0, 0x2A, 0xAA, 0xAA, 0xAA, 0x85, 0x6A, 0xAA, 0xAA, 
0xAA, 0xA8, 0x0, 0xA, 0xAA, 0xAA, 0x0, 0x0, 0xA, 0xAA, 0xAA, 
0xAA, 0xA0, 0x2A, 0xAA, 0xAA, 0xAA, 0xAA, 0xAA, 0x80, 0x2A, 0xA2, 
0xAA, 0x82, 0xAA, 0xAA, 0x55, 0x55, 0x55, 0x55, 0x55, 0x55, 0x55, 
0x55, 0x55, 0x55, 0x55, 0x55, 0x55, 0x55, 0x55, 0x55, 0x55, 0x55, 
0x55, 0x55, 0x55, 0x55, 0x42, 0xAA, 0xAA, 0xAA, 0xAA, 0xAA, 0xAA, 
0x14, 0xAA, 0xAA, 0x89, 0x55, 0x55, 0x55, 0x55, 0x40, 0x0, 0x7F, 
0xFF, 0x80, 0x0, 0xA, 0x9, 0x55, 0x42, 0xAA, 0xAA, 0xAA, 0xAA, 
0x82, 0x55, 0x55, 0x55, 0x7D, 0x0, 0xAA, 0xAA, 0x2, 0xAA, 0xAA, 
0xA8, 0xA, 0xAA, 0x80, 0x2A, 0xAA, 0xAA, 0xAA, 0xA5, 0x6A, 0xAA, 
0xAA, 0xAA, 0xAA, 0x0, 0x2, 0xAA, 0xA8, 0x0, 0x0, 0xA, 0xAA, 
0x2A, 0xAA, 0x80, 0x2A, 0xAA, 0xAA, 0xAA, 0xAA, 0xAA, 0xA0, 0x2A, 
0xA0, 0xAA, 0x82, 0xAA, 0xAA, 0x55, 0x55, 0x55, 0x55, 0x55, 0x55, 
0x55, 0x55, 0x55, 0x55, 0x55, 0x55, 0x55, 0x55, 0x55, 0x55, 0x55, 
0x55, 0x55, 0x55, 0x55, 0x55, 0x8A, 0xAA, 0xAA, 0xAA, 0xAA, 0xAA, 
0xA8, 0x94, 0xAA, 0xAA, 0x89, 0x55, 0x55, 0x55, 0x55, 0x60, 0x80, 
0x2A, 0xA0, 0x0, 0x0, 0x28, 0x25, 0x55, 0x82, 0xAA, 0xAA, 0xAA, 
0xAA, 0xA2, 0x55, 0x55, 0x55, 0x7F, 0x80, 0xAA, 0xAA, 0x2, 0xAA, 
0xAA, 0xA8, 0xA, 0xAA, 0x80, 0xAA, 0xAA, 0xAA, 0xAA, 0x25, 0x68, 
0xAA, 0xAA, 0xAA, 0xAA, 0x0, 0x0, 0xAA, 0xA8, 0x0, 0x0, 0x2A, 
0xAA, 0x2A, 0xAA, 0x0, 0xAA, 0xAA, 0xAA, 0xAA, 0xAA, 0xAA, 0xA0, 
0xA, 0xA0, 0xAA, 0x80, 0xAA, 0xAA, 0x55, 0x55, 0x55, 0x55, 0x55, 
0x55, 0x55, 0x55, 0x55, 0x55, 0x55, 0x55, 0x55, 0x55, 0x55, 0x55, 
0x55, 0x55, 0x55, 0x55, 0x55, 0x55, 0xA, 0xAA, 0xAA, 0xAA, 0xAA, 
0xAA, 0xAA, 0x58, 0xAA, 0xA0, 0x1, 0x55, 0x55, 0x55, 0x55, 0x58, 
0x20, 0x0, 0x0, 0x0, 0x0, 0xA0, 0x95, 0x55, 0xA, 0xAA, 0xAA, 
0xAA, 0xAA, 0xA2, 0x55, 0x55, 0x55, 0x7F, 0x40, 0xAA, 0xAA, 0x2, 
0xAA, 0xAA, 0xA8, 0x2A, 0xAA, 0x80, 0xAA, 0xAA, 0xAA, 0xAA, 0x25, 
0x68, 0xAA, 0xAA, 0xAA, 0xAA, 0x80, 0x0, 0xA, 0xA0, 0x0, 0x0, 
0xAA, 0xAA, 0x2A, 0xAA, 0x0, 0xAA, 0xAA, 0xAA, 0xAA, 0xAA, 0xAA, 
0xA0, 0xA, 0xA0, 0xAA, 0x80, 0xAA, 0xAA, 0x55, 0x55, 0x55, 0x55, 
0x55, 0x55, 0x55, 0x55, 0x55, 0x55, 0x55, 0x55, 0x55, 0x55, 0x55, 
0x55, 0x55, 0x55, 0x55, 0x55, 0x55, 0x56, 0x2A, 0xAA, 0xAA, 0xAA, 
0xAA, 0xAA, 0xAA, 0x58, 0x0, 0x0, 0x29, 0x55, 0x55, 0x55, 0x55, 
0x56, 0x8, 0x0, 0x0, 0x0, 0x0, 0x82, 0x55, 0x56, 0xA, 0xAA, 
0xAA, 0xAA, 0xAA, 0xA2, 0x55, 0x55, 0x55, 0x5F, 0xC0, 0xAA, 0xAA, 
0x2, 0xAA, 0xAA, 0xA8, 0x2A, 0xAA, 0x0, 0xAA, 0xAA, 0xAA, 0xA8, 
0x15, 0x68, 0xAA, 0xAA, 0xAA, 0xAA, 0xA0, 0x0, 0x2, 0x80, 0x0, 
0x0, 0xAA, 0xAA, 0xA, 0xAA, 0x0, 0xAA, 0xAA, 0xAA, 0xAA, 0xAA, 
0xAA, 0xA8, 0x2, 0xA0, 0x2A, 0xA0, 0xAA, 0xAA, 0x55, 0x55, 0x55, 
0x55, 0x55, 0x55, 0x55, 0x55, 0x55, 0x55, 0x55, 0x55, 0x55, 0x55, 
0x55, 0x55, 0x55, 0x55, 0x55, 0x55, 0x55, 0x54, 0x2A, 0xAA, 0xAA, 
0x2, 0xAA, 0xAA, 0xA9, 0x50, 0x0, 0xA5, 0x55, 0x55, 0x55, 0x55, 
0x55, 0x55, 0x8, 0x0, 0x0, 0x8, 0x0, 0x9, 0x55, 0x54, 0x2A, 
0xAA, 0xAA, 0xAA, 0xAA, 0xA2, 0x55, 0x55, 0x55, 0x5F, 0xE0, 0xAA, 
0xAA, 0x2, 0xAA, 0xAA, 0xA8, 0x2A, 0xAA, 0x0, 0xAA, 0xAA, 0xAA, 
0xA8, 0x95, 0xE8, 0xAA, 0xAA, 0xAA, 0xAA, 0xA8, 0x0, 0x0, 0x0, 
0x0, 0x2, 0xAA, 0xA8, 0xA, 0xAA, 0x2, 0xAA, 0xAA, 0xAA, 0xAA, 
0xAA, 0xAA, 0xA8, 0x2, 0xA8, 0x2A, 0xA0, 0xAA, 0xAA, 0x55, 0x55, 
0x55, 0x55, 0x55, 0x55, 0x55, 0x55, 0x55, 0x55, 0x55, 0x55, 0x55, 
0x55, 0x55, 0x55, 0x55, 0x55, 0x55, 0x55, 0x55, 0x58, 0xAA, 0xAA, 
0xA8, 0x2, 0xAA, 0xAA, 0x9, 0x50, 0x29, 0x55, 0x55, 0x55, 0x55, 
0x55, 0x55, 0x55, 0x80, 0x0, 0x0, 0x94, 0x0, 0x25, 0x55, 0x58, 
0x2A, 0xAA, 0xAA, 0xAA, 0xAA, 0xA0, 0x55, 0x55, 0x55, 0x5F, 0x60, 
0xAA, 0xAA, 0x2, 0xAA, 0xAA, 0xA8, 0x2A, 0xAA, 0x20, 0xAA, 0xAA, 
0xAA, 0xA0, 0x95, 0xE8, 0x2A, 0xAA, 0xAA, 0xAA, 0xAA, 0x0, 0x0, 
0x0, 0x0, 0xA, 0xAA, 0xA8, 0x2, 0xAA, 0x0, 0xAA, 0xAA, 0xAA, 
0xAA, 0xAA, 0xAA, 0xA8, 0x2, 0xA8, 0x2A, 0xA0, 0xAA, 0xAA, 0x55, 
0x55, 0x55, 0x55, 0x55, 0x55, 0x55, 0x55, 0x55, 0x55, 0x55, 0x55, 
0x55, 0x55, 0x55, 0x55, 0x55, 0x55, 0x55, 0x55, 0x55, 0x50, 0xAA, 
0xAA, 0xA0, 0xA, 0xAA, 0xA0, 0x5, 0x5A, 0x55, 0x55, 0x55, 0x55, 
0x55, 0x55, 0x55, 0x55, 0x60, 0x0, 0x9, 0x58, 0x0, 0x95, 0x55, 
0x50, 0xAA, 0xAA, 0xAA, 0xAA, 0xAA, 0xA0, 0x55, 0x55, 0x55, 0x5F, 
0x50, 0xAA, 0xAA, 0x2, 0xAA, 0xAA, 0xA8, 0x2A, 0xA8, 0x20, 0xAA, 
0xAA, 0xAA, 0xA0, 0x95, 0xD8, 0x2A, 0xAA, 0xAA, 0xAA, 0xAA, 0x0, 
0x0, 0x0, 0x0, 0xA, 0xAA, 0xA8, 0x2, 0xAA, 0x0, 0xAA, 0xAA, 
0xAA, 0xAA, 0xAA, 0xAA, 0xAA, 0x2, 0xA8, 0xA, 0xA0, 0x2A, 0xAA, 
0x55, 0x55, 0x55, 0x55, 0x55, 0x55, 0x55, 0x55, 0x55, 0x55, 0x55, 
0x55, 0x55, 0x55, 0x55, 0x55, 0x55, 0x55, 0x55, 0x55, 0x55, 0x62, 
0xAA, 0xAA, 0x0, 0xA, 0xAA, 0x1, 0xFF, 0xFD, 0x55, 0x55, 0x55, 
0x55, 0x55, 0x55, 0x55, 0x55, 0x60, 0x0, 0x95, 0x50, 0x0, 0x55, 
0x55, 0x40, 0xAA, 0xAA, 0xAA, 0xAA, 0xAA, 0xA8, 0x55, 0x55, 0x55, 
0x57, 0xD0, 0x2A, 0xAA, 0x2, 0xAA, 0xAA, 0xA8, 0x2A, 0xA8, 0x20, 
0xAA, 0xAA, 0xAA, 0xA0, 0x95, 0xF8, 0x2A, 0xAA, 0xAA, 0xAA, 0xAA, 
0x80, 0x0, 0x0, 0x0, 0x2A, 0xAA, 0xA8, 0x2, 0xAA, 0x80, 0x0, 
0x2A, 0xAA, 0xAA, 0xAA, 0xAA, 0xAA, 0x2, 0xA8, 0xA, 0xA8, 0x2A, 
0xAA, 0x55, 0x55, 0x55, 0x55, 0x55, 0x55, 0x55, 0x55, 0x55, 0x55, 
0x55, 0x55, 0x55, 0x55, 0x55, 0x55, 0x55, 0x55, 0x55, 0x55, 0x55, 
0x42, 0xAA, 0xA8, 0x0, 0x2A, 0xA8, 0x26, 0xFF, 0xFF, 0xFD, 0x55, 
0x55, 0x55, 0x55, 0x55, 0x55, 0x55, 0x50, 0x2, 0x55, 0x60, 0x1, 
0x55, 0x55, 0x82, 0xAA, 0xAA, 0xAA, 0xAA, 0xAA, 0xA8, 0x95, 0x55, 
0x55, 0x57, 0xD8, 0x2A, 0xAA, 0x2, 0xAA, 0xAA, 0xA8, 0x2A, 0xA8, 
0x10, 0x2A, 0xAA, 0xAA, 0xA0, 0x57, 0xFA, 0x2A, 0xAA, 0xAA, 0xAA, 
0xAA, 0xA0, 0x0, 0x0, 0x0, 0xAA, 0xAA, 0xA8, 0x2, 0xAA, 0x80, 
0x0, 0xA, 0xAA, 0xAA, 0xAA, 0xAA, 0xAA, 0x2, 0xA8, 0xA, 0xA8, 
0x2A, 0xAA, 0x55, 0x55, 0x55, 0x55, 0x55, 0x55, 0x55, 0x55, 0x55, 
0x55, 0x55, 0x55, 0x55, 0x55, 0x55, 0x55, 0x55, 0x55, 0x55, 0x55, 
0x55, 0x42, 0xAA, 0xA0, 0x28, 0x2A, 0xA0, 0x50, 0x9F, 0xFF, 0xFF, 
0xF5, 0x55, 0x55, 0x55, 0x55, 0x55, 0x55, 0x60, 0x0, 0x0, 0x0, 
0x9, 0x55, 0x55, 0xA, 0xAA, 0xAA, 0xAA, 0xAA, 0xAA, 0xA0, 0x95, 
0x55, 0x55, 0x57, 0xF4, 0x2A, 0xAA, 0x2, 0xAA, 0xAA, 0xA8, 0x2A, 
0xA8, 0x18, 0x2A, 0xAA, 0xAA, 0x82, 0x57, 0xFA, 0x2A, 0xAA, 0xAA, 
0xAA, 0xAA, 0xA8, 0x0, 0x0, 0x0, 0xAA, 0xAA, 0xA0, 0x2, 0xAA, 
0x80, 0x0, 0x2, 0xAA, 0xAA, 0xAA, 0xAA, 0xAA, 0x2, 0xA8, 0x2, 
0xA8, 0xA, 0xAA, 0x55, 0x55, 0x55, 0x55, 0x55, 0x55, 0x55, 0x55, 
0x55, 0x55, 0x55, 0x55, 0x55, 0x55, 0x55, 0x55, 0x55, 0x55, 0x55, 
0x55, 0x55, 0x8A, 0xAA, 0x82, 0x50, 0xAA, 0x1, 0x80, 0x0, 0xAB, 
0xFF, 0xFF, 0x55, 0x55, 0x55, 0x55, 0x55, 0x55, 0x60, 0x0, 0x0, 
0x0, 0x9, 0x55, 0x54, 0xA, 0xAA, 0xAA, 0x8A, 0xAA, 0xAA, 0x1, 
0x55, 0x55, 0x55, 0x55, 0xF4, 0xA, 0xAA, 0x2, 0xAA, 0xAA, 0xA8, 
0x2A, 0xA8, 0x98, 0x2A, 0xAA, 0xAA, 0x82, 0x57, 0xFA, 0x2A, 0xAA, 
0xAA, 0xAA, 0xAA, 0xAA, 0x0, 0x0, 0x2, 0xAA, 0xAA, 0xA0, 0x2, 
0xAA, 0xA0, 0x0, 0x0, 0xAA, 0xAA, 0xAA, 0xAA, 0xAA, 0x2, 0xAA, 
0x2, 0xAA, 0x2, 0xAA, 0x55, 0x55, 0x55, 0x55, 0x55, 0x55, 0x55, 
0x55, 0x55, 0x55, 0x55, 0x55, 0x55, 0x55, 0x55, 0x55, 0x55, 0x55, 
0x55, 0x55, 0x55, 0xA, 0xAA, 0x9, 0x60, 0xA8, 0x2E, 0x0, 0x0, 
0x0, 0x27, 0xFF, 0xFD, 0x55, 0x55, 0x55, 0x55, 0x55, 0x42, 0x0, 
0x0, 0x0, 0x9, 0x55, 0x58, 0x2A, 0xAA, 0xAA, 0xA, 0xAA, 0x80, 
0x95, 0x55, 0x55, 0x55, 0x55, 0xFE, 0xA, 0xAA, 0x2, 0xAA, 0xAA, 
0xA8, 0x2A, 0xA0, 0x98, 0xA, 0xAA, 0xAA, 0x82, 0x57, 0xFA, 0xA, 
0xAA, 0xAA, 0xAA, 0xAA, 0xAA, 0x0, 0x0, 0x2, 0xAA, 0xAA, 0xA0, 
0x2, 0xAA, 0xA0, 0x0, 0x0, 0xAA, 0xAA, 0xAA, 0xAA, 0x80, 0x2, 
0xAA, 0x2, 0xAA, 0x2, 0xAA, 0x55, 0x55, 0x55, 0x55, 0x55, 0x55, 
0x55, 0x55, 0x55, 0x55, 0x55, 0x55, 0x55, 0x55, 0x55, 0x55, 0x55, 
0x55, 0x55, 0x55, 0x55, 0x2A, 0xA8, 0x25, 0x60, 0xA0, 0xB8, 0xA, 
0xA8, 0x0, 0x0, 0x9F, 0xFF, 0xD5, 0x55, 0x55, 0x55, 0x55, 0x8A, 
0x68, 0x0, 0x0, 0x5, 0x55, 0x60, 0x2A, 0xAA, 0xAA, 0xA, 0xA0, 
0x25, 0x55, 0x55, 0x55, 0x55, 0x55, 0x7D, 0x2, 0xAA, 0x0, 0xAA, 
0xAA, 0xA8, 0x2A, 0xA0, 0x94, 0xA, 0xAA, 0xAA, 0x82, 0x5F, 0xFE, 
0xA, 0xAA, 0xAA, 0xAA, 0xAA, 0xA8, 0x0, 0x0, 0x0, 0xAA, 0xAA, 
0xA0, 0x0, 0xAA, 0xA0, 0x0, 0x0, 0x2A, 0xAA, 0xAA, 0xA8, 0x0, 
0x2, 0xAA, 0x0, 0xAA, 0x0, 0xAA, 0x55, 0x55, 0x55, 0x55, 0x55, 
0x55, 0x55, 0x55, 0x55, 0x55, 0x55, 0x55, 0x55, 0x55, 0x55, 0x55, 
0x55, 0x55, 0x55, 0x55, 0x56, 0x2A, 0xA0, 0x55, 0x42, 0x81, 0xE0, 
0xA, 0xAA, 0xA0, 0x0, 0x2, 0xFF, 0xF5, 0x55, 0x55, 0x55, 0x55, 
0x85, 0x55, 0x56, 0x80, 0x5, 0x55, 0x40, 0xAA, 0xAA, 0xA8, 0xA, 
0x2, 0x55, 0x55, 0x55, 0x55, 0x55, 0x55, 0x5F, 0x82, 0xAA, 0x80, 
0xAA, 0xAA, 0xA8, 0x2A, 0xA0, 0x94, 0xA, 0xAA, 0xAA, 0x81, 0x5F, 
0xFE, 0xA, 0xAA, 0xAA, 0xAA, 0xAA, 0xA0, 0x0, 0x0, 0x0, 0x2A, 
0xAA, 0xA0, 0x0, 0xAA, 0xA8, 0x0, 0x0, 0xA, 0xAA, 0xAA, 0xA0, 
0x0, 0x2, 0xAA, 0x0, 0xAA, 0x80, 0x2A, 0x55, 0x55, 0x55, 0x55, 
0x55, 0x55, 0x55, 0x55, 0x55, 0x55, 0x55, 0x55, 0x55, 0x55, 0x55, 
0x55, 0x55, 0x55, 0x55, 0x55, 0x54, 0x2A, 0x81, 0x55, 0x40, 0x7, 
0x0, 0x2A, 0xAA, 0xAA, 0x80, 0x0, 0x2F, 0xF5, 0x55, 0x55, 0x55, 
0x56, 0x25, 0x55, 0x55, 0x58, 0x9, 0x55, 0x2, 0xAA, 0xAA, 0xA0, 
0x28, 0x25, 0x55, 0x55, 0x55, 0x55, 0x55, 0x55, 0x5F, 0x80, 0xAA, 
0x80, 0xAA, 0xAA, 0xA8, 0xA, 0xA0, 0x96, 0xA, 0xAA, 0xAA, 0x9, 
0x5F, 0xFE, 0x8A, 0xAA, 0xAA, 0xAA, 0xAA, 0xA0, 0x0, 0x0, 0x0, 
0xA, 0xAA, 0xA0, 0x0, 0xAA, 0xA8, 0x0, 0x0, 0xA, 0xAA, 0xAA, 
0x80, 0x0, 0x2, 0xAA, 0x0, 0xAA, 0x80, 0x2A, 0x55, 0x55, 0x55, 
0x55, 0x55, 0x55, 0x55, 0x55, 0x55, 0x55, 0x55, 0x55, 0x55, 0x55, 
0x55, 0x55, 0x55, 0x55, 0x55, 0x55, 0x54, 0xAA, 0x5, 0x55, 0x80, 
0x3E, 0x0, 0xAA, 0xAA, 0xAA, 0xAA, 0x0, 0x0, 0xFD, 0x55, 0x55, 
0x55, 0x54, 0x15, 0x55, 0x55, 0x58, 0x9, 0x54, 0xA, 0xAA, 0xAA, 
0xA2, 0x2, 0x55, 0x55, 0x55, 0x55, 0x55, 0x55, 0x55, 0x57, 0xE0, 
0xAA, 0x80, 0xAA, 0xAA, 0xA8, 0x0, 0x0, 0x56, 0x2, 0xAA, 0xAA, 
0x9, 0x5F, 0xFD, 0x82, 0xAA, 0xAA, 0xAA, 0xAA, 0x80, 0x0, 0x0, 
0x0, 0x2, 0xAA, 0xA0, 0x20, 0xAA, 0xA8, 0x0, 0x0, 0x2, 0xA0, 
0xAA, 0x0, 0x0, 0xA, 0xAA, 0x0, 0xAA, 0x80, 0xA, 0x55, 0x55, 
0x55, 0x55, 0x55, 0x55, 0x55, 0x55, 0x55, 0x55, 0x55, 0x55, 0x55, 
0x55, 0x55, 0x55, 0x55, 0x55, 0x55, 0x55, 0x54, 0xA8, 0x15, 0x55, 
0x0, 0xF8, 0x2, 0xAA, 0xAA, 0xAA, 0xAA, 0xA8, 0x0, 0x3D, 0x55, 
0x55, 0x55, 0x60, 0xA5, 0x55, 0x55, 0x58, 0x1, 0x58, 0x2A, 0xAA, 
0xAA, 0x82, 0x5, 0x55, 0x60, 0x95, 0x55, 0x55, 0x55, 0x55, 0x55, 
0xF0, 0x2A, 0x80, 0x2A, 0xAA, 0xA0, 0x0, 0x0, 0x0, 0x2, 0xAA, 
0xAA, 0x9, 0x6F, 0xFF, 0x82, 0xAA, 0xAA, 0xAA, 0xAA, 0x0, 0x0, 
0x0, 0x0, 0x0, 0xAA, 0xA0, 0x20, 0xAA, 0xA0, 0x0, 0x0, 0x2, 
0xA0, 0xA0, 0x0, 0x0, 0x2A, 0xAA, 0x0, 0xAA, 0x80, 0x2, 0x55, 
0x55, 0x55, 0x55, 0x55, 0x55, 0x55, 0x55, 0x55, 0x55, 0x55, 0x55, 
0x55, 0x55, 0x55, 0x55, 0x55, 0x55, 0x55, 0x55, 0x58, 0xA0, 0x95, 
0x55, 0x3, 0xE0, 0xA, 0xAA, 0xAA, 0xAA, 0xAA, 0xAA, 0x80, 0x3F, 
0xFF, 0xFF, 0xD5, 0x2, 0x55, 0x55, 0x55, 0x54, 0x1, 0x60, 0xAA, 
0xAA, 0xA0, 0x9, 0x55, 0x58, 0x0, 0x25, 0x55, 0x55, 0x55, 0x55, 
0x55, 0xF4, 0xA, 0xA0, 0x2A, 0xAA, 0xA0, 0x0, 0x0, 0x0, 0x0, 
0x0, 0xA8, 0xA, 0x3, 0xFF, 0x42, 0xAA, 0xAA, 0xAA, 0xAA, 0x0, 
0x0, 0x0, 0x0, 0x0, 0x2A, 0x80, 0x20, 0xAA, 0xA8, 0x0, 0x0, 
0x2, 0x80, 0x20, 0x0, 0x0, 0xAA, 0xAA, 0x0, 0x2A, 0xA0, 0x0, 
0x55, 0x55, 0x55, 0x55, 0x55, 0x55, 0x55, 0x55, 0x55, 0x55, 0x55, 
0x55, 0x55, 0x55, 0x55, 0x55, 0x55, 0x55, 0x55, 0x55, 0x58, 0x82, 
0x55, 0x56, 0x7, 0x80, 0x2A, 0xAA, 0xAA, 0xAA, 0xAA, 0xAA, 0x80, 
0x1F, 0xFF, 0xFF, 0xD8, 0x9, 0x55, 0x55, 0x55, 0x54, 0x2, 0x82, 
0xAA, 0xA8, 0x2A, 0x95, 0x56, 0x80, 0x0, 0x9, 0x55, 0x55, 0x55, 
0x55, 0x55, 0x7E, 0x2, 0xA0, 0xA, 0xAA, 0xA0, 0xA, 0x0, 0x0, 
0x0, 0x0, 0x0, 0x0, 0x3, 0xFF, 0xE0, 0x2A, 0xAA, 0xAA, 0xA8, 
0x0, 0x0, 0x0, 0x0, 0x0, 0x2A, 0x80, 0x10, 0x2A, 0xAA, 0x0, 
0x28, 0xA, 0x80, 0x20, 0x0, 0x0, 0xAA, 0xAA, 0x80, 0x2A, 0xA0, 
0x0, 0x55, 0x55, 0x55, 0x55, 0x55, 0x55, 0x55, 0x55, 0x55, 0x55, 
0x55, 0x55, 0x55, 0x55, 0x55, 0x55, 0x55, 0x55, 0x55, 0x55, 0x58, 
0x9, 0x55, 0x56, 0x1D, 0x0, 0xAA, 0xAA, 0xAA, 0xAA, 0xAA, 0xA8, 
0x0, 0xA, 0xAA, 0xAA, 0x80, 0x95, 0x55, 0x55, 0x55, 0x56, 0x2, 
0x2, 0xAA, 0x2A, 0x95, 0x56, 0xA0, 0x0, 0x0, 0x2, 0x55, 0x55, 
0x55, 0x55, 0x55, 0x5F, 0x80, 0xA8, 0xA, 0xAA, 0xA0, 0x2, 0x82, 
0xA8, 0x0, 0x0, 0x0, 0x0, 0xB, 0xFF, 0xD0, 0xA, 0xAA, 0xAA, 
0xA0, 0x0, 0x0, 0x20, 0x0, 0x0, 0xA, 0x80, 0x90, 0x2A, 0xAA, 
0x80, 0x2A, 0xAA, 0x80, 0x28, 0x0, 0x0, 0xAA, 0xAA, 0x80, 0x2A, 
0xA8, 0x0, 0x55, 0x55, 0x55, 0x55, 0x55, 0x55, 0x55, 0x55, 0x55, 
0x55, 0x55, 0x55, 0x55, 0x55, 0x55, 0x55, 0x55, 0x55, 0x55, 0x55, 
0x54, 0x25, 0x55, 0x54, 0x7C, 0x2, 0xAA, 0xAA, 0xAA, 0xAA, 0xAA, 
0xA0, 0x0, 0xA8, 0x0, 0x0, 0x9, 0x55, 0x55, 0x55, 0x55, 0x56, 
0x0, 0xA, 0x8A, 0x95, 0x56, 0xA0, 0x0, 0x0, 0x8, 0x0, 0x95, 
0x55, 0x55, 0x55, 0x55, 0x57, 0xE0, 0x28, 0x2, 0xAA, 0xA0, 0x2, 
0x82, 0x7F, 0xE0, 0x20, 0x0, 0x0, 0x7, 0xFF, 0xD0, 0xA, 0xAA, 
0xAA, 0xA0, 0x0, 0x0, 0x28, 0x0, 0x0, 0x2, 0x80, 0x90, 0x2A, 
0xAA, 0xA8, 0xA, 0xAA, 0x80, 0x28, 0x0, 0x0, 0xAA, 0xAA, 0x80, 
0x2A, 0xAA, 0x0, 0x55, 0x55, 0x55, 0x55, 0x55, 0x55, 0x55, 0x55, 
0x55, 0x55, 0x55, 0x55, 0x55, 0x55, 0x55, 0x55, 0x55, 0x55, 0x55, 
0x55, 0x55, 0x55, 0x55, 0x56, 0xF4, 0x2, 0xAA, 0xAA, 0xAA, 0xAA, 
0xAA, 0xA0, 0xA, 0xA0, 0x0, 0x2, 0xA9, 0x55, 0x55, 0x55, 0x55, 
0x55, 0x80, 0x20, 0xA5, 0x55, 0x68, 0x0, 0x0, 0x2A, 0xAA, 0x0, 
0x25, 0x55, 0x55, 0x55, 0x55, 0x55, 0xF8, 0xA, 0x2, 0xAA, 0xA0, 
0x80, 0x82, 0xA5, 0xF0, 0x2A, 0xA0, 0x26, 0x9F, 0xFF, 0xF8, 0x2, 
0xAA, 0xAA, 0x80, 0x0, 0x0, 0xAA, 0x0, 0x0, 0x0, 0x80, 0x98, 
0x2A, 0xAA, 0xA8, 0x2A, 0xAA, 0x80, 0xA, 0x0, 0x0, 0xAA, 0xAA, 
0x80, 0x2A, 0xAA, 0x0, 0x55, 0x55, 0x55, 0x55, 0x55, 0x55, 0x55, 
0x55, 0x55, 0x55, 0x55, 0x55, 0x55, 0x55, 0x55, 0x55, 0x55, 0x55, 
0x55, 0x55, 0x55, 0x55, 0x55, 0x57, 0xFC, 0x2, 0xAA, 0xAA, 0xAA, 
0xAA, 0xAA, 0x80, 0x2A, 0x80, 0x0, 0x9F, 0xDA, 0xA5, 0x55, 0x55, 
0x55, 0x5E, 0x0, 0x2, 0x55, 0x56, 0x0, 0x0, 0xA, 0xAA, 0xAA, 
0x80, 0x5, 0x55, 0x55, 0x55, 0x55, 0x55, 0x7C, 0x2, 0x0, 0xAA, 
0xA0, 0x80, 0x2, 0x82, 0x74, 0x2A, 0xA0, 0x15, 0xFF, 0xFF, 0xF4, 
0x2, 0xAA, 0xAA, 0x0, 0x0, 0x2, 0xAA, 0x0, 0x0, 0x0, 0x0, 
0x54, 0x2A, 0xAA, 0xA0, 0x2A, 0xAA, 0xA0, 0x28, 0x0, 0x0, 0xAA, 
0xAA, 0x80, 0x2A, 0xAA, 0x80, 0x55, 0x55, 0x55, 0x55, 0x55, 0x55, 
0x55, 0x55, 0x55, 0x55, 0x55, 0x55, 0x55, 0x55, 0x55, 0x55, 0x55, 
0x55, 0x55, 0x55, 0x55, 0x55, 0x55, 0x57, 0xFC, 0x2, 0xAA, 0xAA, 
0xAA, 0xAA, 0xAA, 0x0, 0xA8, 0x0, 0x9, 0x7F, 0xFD, 0xAA, 0x55, 
0x55, 0x55, 0x58, 0x0, 0x9, 0x55, 0x60, 0x0, 0x0, 0xAA, 0xAA, 
0xAA, 0xA0, 0x1, 0x55, 0x55, 0x55, 0x55, 0x55, 0x7F, 0x0, 0x0, 
0x2A, 0xA0, 0x90, 0x2, 0xA0, 0x9E, 0xA, 0xA0, 0x15, 0xFF, 0xFF, 
0xFC, 0x20, 0xAA, 0xAA, 0x0, 0x0, 0x2, 0xAA, 0x80, 0x0, 0x0, 
0x0, 0x54, 0xA, 0xAA, 0x80, 0xAA, 0xAA, 0xAA, 0xA8, 0x0, 0x2, 
0xAA, 0xAA, 0x80, 0x2A, 0xAA, 0xA0, 0x55, 0x55, 0x55, 0x55, 0x55, 
0x55, 0x55, 0x55, 0x55, 0x55, 0x55, 0x55, 0x55, 0x55, 0x55, 0x55, 
0x55, 0x55, 0x55, 0x55, 0x55, 0x55, 0x55, 0x55, 0xFC, 0x2, 0xAA, 
0xAA, 0xAA, 0xAA, 0xA8, 0x0, 0x20, 0x0, 0x97, 0xFF, 0xFD, 0x6A, 
0x55, 0x55, 0x55, 0x60, 0x20, 0x0, 0x95, 0x0, 0x0, 0xA, 0xAA, 
0xAA, 0xAA, 0xA8, 0x0, 0x55, 0x55, 0x55, 0x55, 0x55, 0x5F, 0xE0, 
0x0, 0x2A, 0xA0, 0x0, 0x2, 0xA8, 0x1D, 0xA, 0xA0, 0x15, 0xFF, 
0xFF, 0xFE, 0x20, 0x2A, 0xA8, 0x0, 0x0, 0xA, 0xAA, 0xA0, 0x0, 
0x0, 0x2, 0x54, 0xA, 0xAA, 0x80, 0xAA, 0xAA, 0xAA, 0xA8, 0x2, 
0xAA, 0xAA, 0xAA, 0x80, 0x2A, 0xAA, 0xA8, 0x55, 0x55, 0x55, 0x55, 
0x55, 0x55, 0x55, 0x55, 0x55, 0x55, 0x55, 0x55, 0x55, 0x55, 0x55, 
0x55, 0x55, 0x55, 0x55, 0x55, 0x55, 0x55, 0x55, 0x55, 0xFC, 0x2, 
0x2A, 0xAA, 0xAA, 0xAA, 0xA0, 0x0, 0x0, 0xA, 0x7F, 0xFF, 0xFD, 
0x69, 0x55, 0xAA, 0xAA, 0xA8, 0xA0, 0x0, 0x0, 0x0, 0x2, 0xAA, 
0xAA, 0xAA, 0xAA, 0xAA, 0x0, 0x15, 0x55, 0x55, 0x55, 0x55, 0x57, 
0xF4, 0x0, 0xA, 0xA0, 0x0, 0x2, 0xAA, 0x27, 0x82, 0xA0, 0x95, 
0xFF, 0xFF, 0xFD, 0x8, 0x2A, 0xA0, 0x0, 0x0, 0xA, 0xAA, 0xA8, 
0x0, 0x0, 0x2, 0x55, 0xA, 0xAA, 0x2, 0xAA, 0xAA, 0xAA, 0xA8, 
0x2, 0xAA, 0xAA, 0xAA, 0x80, 0x2A, 0xAA, 0xAA, 0x55, 0x55, 0x55, 
0x55, 0x55, 0x55, 0x55, 0x55, 0x55, 0x55, 0x55, 0x55, 0x55, 0x55, 
0x55, 0x55, 0x55, 0x55, 0x55, 0x55, 0x55, 0x55, 0x55, 0x55, 0xFC, 
0x0, 0x2A, 0xAA, 0xAA, 0xAA, 0x80, 0x0, 0x0, 0x25, 0xFF, 0xFF, 
0xFF, 0xD5, 0x56, 0xAA, 0xAA, 0xA8, 0x0, 0x0, 0x0, 0x0, 0xAA, 
0xAA, 0xAA, 0xAA, 0xAA, 0xAA, 0x80, 0x25, 0x55, 0x55, 0x55, 0x55, 
0x55, 0xF4, 0x0, 0x2, 0xA0, 0x2A, 0x2, 0xAA, 0x8B, 0xC2, 0xA0, 
0x57, 0xFF, 0xFF, 0xFF, 0x8A, 0xA, 0xA0, 0x0, 0x0, 0x2A, 0xAA, 
0xA8, 0x0, 0x0, 0x2, 0x55, 0xA, 0xAA, 0x2, 0xAA, 0xAA, 0xAA, 
0xA8, 0x2, 0xAA, 0xAA, 0xAA, 0x80, 0x2A, 0xAA, 0xAA, 0x55, 0x55, 
0x55, 0x55, 0x55, 0x55, 0x55, 0x55, 0x55, 0x55, 0x55, 0x55, 0x55, 
0x55, 0x55, 0x55, 0x55, 0x55, 0x55, 0x55, 0x55, 0x55, 0x55, 0x55, 
0xFC, 0x0, 0xA, 0xAA, 0xAA, 0xAA, 0x0, 0x0, 0x2, 0x5F, 0xFF, 
0xFF, 0xFF, 0xFF, 0xF5, 0x5F, 0x5A, 0xAA, 0x0, 0x0, 0x0, 0x2, 
0xAA, 0xAA, 0xAA, 0xAA, 0xAA, 0xAA, 0xA0, 0x25, 0x55, 0x55, 0x55, 
0x55, 0x57, 0xD8, 0xA, 0x2, 0xA0, 0x2A, 0x2, 0xAA, 0xA9, 0xE0, 
0x80, 0x57, 0xFF, 0xFF, 0xFF, 0xC2, 0x2, 0x80, 0x0, 0x0, 0x2A, 
0xAA, 0xAA, 0x0, 0x0, 0x1, 0x55, 0x2, 0xAA, 0x0, 0x80, 0x2A, 
0xAA, 0xA8, 0x2, 0xAA, 0xAA, 0xAA, 0x80, 0x2A, 0xAA, 0xAA, 0x55, 
0x55, 0x55, 0x55, 0x55, 0x55, 0x55, 0x55, 0x55, 0x55, 0x55, 0x55, 
0x55, 0x55, 0x55, 0x55, 0x55, 0x55, 0x55, 0x55, 0x55, 0x55, 0x55, 
0x55, 0xFC, 0x0, 0xA, 0xAA, 0xAA, 0xA8, 0x0, 0x0, 0x27, 0xFF, 
0xFF, 0xFF, 0xFF, 0xFF, 0xFD, 0xFF, 0xFF, 0xF4, 0x0, 0xA, 0x80, 
0x2, 0xAA, 0xAA, 0xAA, 0xAA, 0xAA, 0xAA, 0xA8, 0x25, 0x55, 0x55, 
0x55, 0x55, 0x5F, 0xE0, 0xA, 0x80, 0xA0, 0x2A, 0xAA, 0xAA, 0xAA, 
0xF8, 0x80, 0x57, 0xFF, 0xFF, 0xFF, 0xE0, 0x82, 0x80, 0x0, 0x0, 
0x2A, 0xAA, 0xAA, 0x80, 0x0, 0x1, 0x55, 0x42, 0xAA, 0x0, 0x0, 
0x2A, 0xA2, 0xAA, 0x0, 0xAA, 0xAA, 0xAA, 0x80, 0x2A, 0xAA, 0xAA, 
0x55, 0x55, 0x55, 0x55, 0x55, 0x55, 0x55, 0x55, 0x55, 0x55, 0x55, 
0x55, 0x55, 0x55, 0x55, 0x55, 0x55, 0x55, 0x55, 0x55, 0x55, 0x55, 
0x55, 0x55, 0xFC, 0x0, 0xA, 0xAA, 0xAA, 0xA8, 0x0, 0x0, 0x5F, 
0xFF, 0xFF, 0xFF, 0xFF, 0xFF, 0xFF, 0xFF, 0xFF, 0xF8, 0x0, 0xA, 
0x80, 0x2, 0xAA, 0xAA, 0xAA, 0xAA, 0xAA, 0xAA, 0xA8, 0x5, 0x55, 
0x55, 0x55, 0x55, 0x5F, 0x40, 0x2A, 0x8, 0xA0, 0xAA, 0xAA, 0xAA, 
0xA8, 0x78, 0x82, 0x57, 0xFF, 0xFF, 0xFF, 0xF0, 0xA0, 0x80, 0x0, 
0x0, 0xA, 0xAA, 0xAA, 0xA0, 0x0, 0x1, 0x55, 0x40, 0xAA, 0x80, 
0x0, 0x2A, 0x80, 0x28, 0x0, 0xAA, 0xAA, 0xAA, 0x80, 0x2A, 0xAA, 
0xAA, 0x55, 0x55, 0x55, 0x55, 0x55, 0x55, 0x55, 0x55, 0x55, 0x55, 
0x55, 0x55, 0x55, 0x55, 0x55, 0x55, 0x55, 0x55, 0x55, 0x55, 0x55, 
0x55, 0x55, 0x55, 0xFC, 0x0, 0xA, 0xAA, 0xAA, 0xA0, 0x0, 0x9, 
0x7F, 0xFF, 0xFF, 0xFF, 0xFF, 0xFF, 0xFF, 0xFF, 0xFF, 0xE0, 0x0, 
0x2A, 0x80, 0x2, 0xAA, 0xAA, 0xAA, 0xAA, 0xAA, 0xAA, 0xA8, 0x5, 
0x55, 0x55, 0x55, 0x55, 0x7D, 0x0, 0x28, 0xA, 0x82, 0xAA, 0xAA, 
0xAA, 0xAA, 0xBE, 0x82, 0x57, 0xFF, 0xFF, 0xFF, 0xF4, 0x20, 0x0, 
0x0, 0x0, 0x0, 0xAA, 0x0, 0x0, 0x0, 0x1, 0x55, 0x60, 0xAA, 
0x88, 0x8, 0x0, 0x0, 0x8, 0x0, 0xAA, 0xAA, 0xAA, 0x80, 0xAA, 
0xAA, 0xAA, 0x55, 0x55, 0x55, 0x55, 0x55, 0x55, 0x55, 0x55, 0x55, 
0x55, 0x55, 0x55, 0x55, 0x55, 0x55, 0x55, 0x55, 0x55, 0x55, 0x55, 
0x55, 0x55, 0x55, 0x55, 0xFE, 0x0, 0x2A, 0xAA, 0xAA, 0x80, 0x0, 
0x17, 0xFF, 0xFF, 0xFF, 0xFF, 0xFF, 0xD7, 0xFF, 0xFF, 0xFF, 0x40, 
0x0, 0x2A, 0x80, 0x0, 0xAA, 0xAA, 0xAA, 0xAA, 0xAA, 0xAA, 0xA8, 
0x5, 0x55, 0x55, 0x55, 0x55, 0xFC, 0x0, 0xA8, 0xA, 0x82, 0xAA, 
0xAA, 0xAA, 0xAA, 0x1F, 0x81, 0x57, 0xFF, 0xFF, 0xFF, 0xFE, 0x8, 
0x0, 0x0, 0x0, 0x0, 0x0, 0x0, 0xA, 0x80, 0x1, 0x55, 0x50, 
0x2A, 0x8A, 0xAA, 0x0, 0x0, 0x0, 0x0, 0xAA, 0xAA, 0xAA, 0x0, 
0xAA, 0xAA, 0xAA, 0x55, 0x55, 0x55, 0x55, 0x55, 0x55, 0x55, 0x55, 
0x55, 0x55, 0x55, 0x55, 0x55, 0x55, 0x55, 0x55, 0x55, 0x55, 0x55, 
0x55, 0x55, 0x55, 0x55, 0x55, 0xFE, 0x0, 0x2A, 0xAA, 0xAA, 0x0, 
0x0, 0x7F, 0xFF, 0xFF, 0xFF, 0xFF, 0xFF, 0xFF, 0xFF, 0xFF, 0xFF, 
0x0, 0x0, 0x2A, 0x0, 0x0, 0xAA, 0xAA, 0xAA, 0xAA, 0xAA, 0xAA, 
0xAA, 0x9, 0x55, 0x55, 0x55, 0x57, 0xF8, 0x2, 0xA8, 0x2, 0x2, 
0xAA, 0xAA, 0xAA, 0xAA, 0xA7, 0x81, 0x57, 0xFF, 0xFF, 0xFF, 0xFF, 
0x8A, 0x0, 0x0, 0x0, 0x0, 0x0, 0x25, 0x55, 0x62, 0x55, 0x5F, 
0x58, 0x2A, 0xAA, 0xAA, 0x80, 0x2A, 0x0, 0x0, 0xAA, 0xAA, 0xAA, 
0x0, 0xAA, 0xAA, 0xAA, 0x55, 0x55, 0x55, 0x55, 0x55, 0x55, 0x55, 
0x55, 0x55, 0x55, 0x55, 0x55, 0x55, 0x55, 0x55, 0x55, 0x55, 0x55, 
0x55, 0x55, 0x55, 0x55, 0x55, 0x55, 0xFE, 0x0, 0xAA, 0xAA, 0xAA, 
0x0, 0x9, 0xFF, 0xFF, 0xFF, 0xFF, 0xFF, 0xFF, 0xFF, 0xFF, 0xFF, 
0xFE, 0x0, 0x20, 0xAA, 0x2, 0x0, 0xAA, 0xAA, 0xAA, 0xAA, 0xAA, 
0xAA, 0xAA, 0x9, 0x55, 0x55, 0x55, 0x5F, 0xE0, 0xA, 0xAA, 0x2, 
0xA2, 0xAA, 0xAA, 0xAA, 0xAA, 0x8B, 0x81, 0x57, 0xFF, 0xFF, 0xFF, 
0xFF, 0x42, 0x0, 0x0, 0x0, 0x2A, 0x0, 0x9, 0x55, 0x55, 0x55, 
0xFF, 0x54, 0xA, 0xAA, 0xAA, 0x82, 0xAA, 0x80, 0x2, 0xAA, 0xAA, 
0xAA, 0x0, 0xAA, 0xAA, 0xAA, 0x55, 0x55, 0x55, 0x55, 0x55, 0x55, 
0x55, 0x55, 0x55, 0x55, 0x55, 0x55, 0x55, 0x55, 0x55, 0x55, 0x55, 
0x55, 0x55, 0x55, 0x55, 0x55, 0x55, 0x55, 0xFD, 0x2, 0xAA, 0xAA, 
0xA8, 0x0, 0x9F, 0xFF, 0xFF, 0xFF, 0xFF, 0xFF, 0xFF, 0xFF, 0xFF, 
0xFF, 0xD8, 0x0, 0x20, 0xAA, 0x2, 0x0, 0xAA, 0xAA, 0xAA, 0xAA, 
0xAA, 0xAA, 0xAA, 0x1, 0x55, 0x55, 0x55, 0x7F, 0x40, 0x2A, 0xAA, 
0x0, 0x2, 0xAA, 0xAA, 0xAA, 0xAA, 0x81, 0x49, 0x57, 0xFF, 0xFF, 
0xFF, 0xFF, 0xD0, 0x0, 0x0, 0x9, 0x55, 0x60, 0x0, 0xA5, 0x55, 
0x7F, 0xFF, 0xD6, 0xA, 0xAA, 0xAA, 0x2, 0xAA, 0xAA, 0xAA, 0xAA, 
0xAA, 0xAA, 0x0, 0xAA, 0xAA, 0xAA, 0x55, 0x55, 0x55, 0x55, 0x55, 
0x55, 0x55, 0x55, 0x55, 0x55, 0x55, 0x55, 0x55, 0x55, 0x55, 0x55, 
0x55, 0x55, 0x55, 0x55, 0x55, 0x55, 0x55, 0x55, 0x7F, 0x82, 0xA8, 
0x2, 0x80, 0x2, 0xFF, 0xFF, 0xFF, 0xFF, 0xFF, 0xFF, 0xFF, 0xFF, 
0xFF, 0xFF, 0xD0, 0x0, 0x50, 0xAA, 0x0, 0x0, 0xAA, 0xAA, 0xAA, 
0xAA, 0xAA, 0xAA, 0xAA, 0x1, 0x55, 0x55, 0x55, 0xFD, 0x0, 0xAA, 
0xAA, 0x0, 0x2, 0xAA, 0xAA, 0xAA, 0xAA, 0xA1, 0x49, 0x57, 0xFF, 
0xFF, 0xFF, 0xFF, 0xF8, 0x0, 0xA, 0x55, 0x55, 0x56, 0x0, 0x9, 
0x7F, 0xFF, 0xFF, 0xD5, 0x2, 0xAA, 0xAA, 0xA, 0xAA, 0xAA, 0xAA, 
0xAA, 0xAA, 0xAA, 0x0, 0xAA, 0xAA, 0xAA, 0x55, 0x55, 0x55, 0x55, 
0x55, 0x55, 0x55, 0x55, 0x55, 0x55, 0x55, 0x55, 0x55, 0x55, 0x55, 
0x55, 0x55, 0x55, 0x55, 0x55, 0x55, 0x55, 0x55, 0x55, 0x7F, 0xE0, 
0x0, 0x2, 0x0, 0x5, 0xFF, 0xFF, 0xFF, 0xFF, 0xFF, 0xFF, 0xFF, 
0xFF, 0xFF, 0xFF, 0xC0, 0x2, 0xE0, 0xAA, 0x0, 0x0, 0xAA, 0xAA, 
0xAA, 0xAA, 0xAA, 0xAA, 0xAA, 0x82, 0x55, 0x55, 0x57, 0xFC, 0x2, 
0xAA, 0xAA, 0xA0, 0x0, 0x2A, 0xAA, 0xAA, 0xAA, 0xA2, 0x69, 0x57, 
0xFF, 0xFF, 0xFF, 0xFF, 0xFE, 0x0, 0x9F, 0x55, 0x55, 0x55, 0x68, 
0x0, 0x27, 0xFF, 0xFF, 0xF5, 0x82, 0xAA, 0xA8, 0xA, 0xAA, 0xAA, 
0xAA, 0xAA, 0xAA, 0xAA, 0x2, 0xAA, 0xAA, 0xAA, 0x55, 0x55, 0x55, 
0x55, 0x55, 0x55, 0x55, 0x55, 0x55, 0x55, 0x55, 0x55, 0x55, 0x55, 
0x55, 0x55, 0x55, 0x55, 0x55, 0x55, 0x55, 0x55, 0x55, 0x55, 0xFF, 
0xE0, 0x0, 0x0, 0x0, 0x1F, 0xFF, 0xFF, 0xFF, 0xFF, 0xFF, 0xFF, 
0xFF, 0xFF, 0xFF, 0xFF, 0x80, 0x9, 0xE0, 0xAA, 0x0, 0x0, 0xAA, 
0xAA, 0xAA, 0xAA, 0xAA, 0xAA, 0xAA, 0x82, 0x55, 0x55, 0x5F, 0xF0, 
0x2, 0xAA, 0xAA, 0xA8, 0x0, 0x2, 0xAA, 0xAA, 0xAA, 0xA0, 0x65, 
0x5F, 0xFF, 0xFF, 0xFF, 0xFF, 0xFF, 0xD7, 0xFF, 0xD5, 0x55, 0x55, 
0xFD, 0x80, 0x0, 0x5F, 0xFF, 0xF5, 0x40, 0xAA, 0xA8, 0xA, 0xAA, 
0xAA, 0xAA, 0xAA, 0xAA, 0xAA, 0x2, 0xAA, 0xAA, 0xAA, 0x55, 0x55, 
0x55, 0x55, 0x55, 0x55, 0x55, 0x55, 0x55, 0x55, 0x55, 0x55, 0x55, 
0x55, 0x55, 0x55, 0x55, 0x55, 0x55, 0x55, 0x55, 0x55, 0x55, 0x57, 
0xFF, 0x40, 0x0, 0x0, 0x0, 0xBF, 0xFF, 0xFF, 0xFF, 0xFF, 0xFF, 
0xFF, 0xFF, 0xFF, 0xFF, 0xFD, 0x0, 0x1F, 0xE0, 0xAA, 0x0, 0x0, 
0xAA, 0xAA, 0xAA, 0xAA, 0xAA, 0xAA, 0xAA, 0xA0, 0x55, 0x55, 0x5F, 
0xE0, 0xA, 0xAA, 0xAA, 0xAA, 0x0, 0x0, 0xA, 0xAA, 0xAA, 0xA8, 
0xAF, 0x7F, 0xFF, 0xFF, 0xFF, 0xFF, 0xFF, 0xFF, 0xFF, 0xF5, 0x80, 
0x29, 0xFF, 0xF8, 0x0, 0x9, 0xFF, 0xFD, 0x60, 0x2A, 0xA8, 0x2A, 
0xAA, 0xAA, 0xAA, 0xAA, 0xAA, 0xAA, 0x2, 0xAA, 0x2A, 0xAA, 0x55, 
0x55, 0x55, 0x55, 0x55, 0x55, 0x55, 0x55, 0x55, 0x55, 0x55, 0x55, 
0x55, 0x55, 0x55, 0x55, 0x55, 0x55, 0x55, 0x55, 0x55, 0x55, 0x55, 
0x7F, 0xF8, 0x2, 0x80, 0x0, 0x0, 0x1F, 0xFF, 0xFF, 0xFF, 0xFF, 
0xFF, 0xD5, 0xFF, 0xFF, 0xFF, 0xFC, 0x0, 0xBF, 0xE0, 0xAA, 0x0, 
0x0, 0xAA, 0xAA, 0xAA, 0xAA, 0xAA, 0xAA, 0xAA, 0xA0, 0x15, 0x55, 
0x7F, 0x40, 0x2A, 0xAA, 0xAA, 0xAA, 0x2, 0x0, 0x0, 0x2A, 0xAA, 
0xA8, 0xAF, 0xFF, 0xFF, 0xFF, 0xFF, 0xFF, 0xFF, 0xFF, 0xFF, 0xA0, 
0x0, 0x0, 0x29, 0xFF, 0x60, 0x0, 0x2F, 0xFD, 0x50, 0x2A, 0xA0, 
0x2A, 0xAA, 0xAA, 0xAA, 0xAA, 0xAA, 0xA8, 0xA, 0xA8, 0xA, 0xAA, 
0x55, 0x55, 0x55, 0x55, 0x55, 0x55, 0x55, 0x55, 0x55, 0x55, 0x55, 
0x55, 0x55, 0x55, 0x55, 0x55, 0x55, 0x55, 0x55, 0x55, 0x55, 0x55, 
0x55, 0xFF, 0xD0, 0xA8, 0x0, 0x0, 0x0, 0x1F, 0xFF, 0xFF, 0xFF, 
0xFF, 0xFE, 0xA9, 0xFF, 0xFF, 0xFF, 0xF8, 0x0, 0x7F, 0xE0, 0xAA, 
0x0, 0x0, 0xAA, 0xAA, 0xAA, 0xAA, 0xA8, 0xA, 0xAA, 0xA8, 0x25, 
0x55, 0xFF, 0x0, 0xAA, 0xAA, 0xAA, 0xAA, 0x80, 0x60, 0x0, 0x0, 
0xAA, 0xAA, 0xAF, 0xFF, 0xFF, 0xFF, 0xFF, 0xFF, 0xFF, 0xFF, 0xF8, 
0x0, 0xAA, 0xAA, 0x80, 0xAF, 0xF6, 0x0, 0x2, 0x9F, 0x54, 0xA, 
0xA0, 0x2A, 0xAA, 0xAA, 0xAA, 0x2A, 0xAA, 0xA8, 0xA, 0xA0, 0xA, 
0xAA, 0x55, 0x55, 0x55, 0x55, 0x55, 0x55, 0x55, 0x55, 0x55, 0x55, 
0x55, 0x55, 0x55, 0x55, 0x55, 0x55, 0x55, 0x55, 0x55, 0x55, 0x55, 
0x55, 0x57, 0xFF, 0xC2, 0x80, 0x0, 0x0, 0x0, 0x2F, 0xFF, 0xFF, 
0xFF, 0xFF, 0x6A, 0x9F, 0xFF, 0xFF, 0xFF, 0xE0, 0x2, 0xFF, 0xC0, 
0xAA, 0x0, 0x0, 0xAA, 0xAA, 0xAA, 0xAA, 0x0, 0x2, 0xAA, 0xA8, 
0x25, 0x57, 0xFC, 0x2, 0xAA, 0xAA, 0xAA, 0xAA, 0x80, 0xD5, 0x80, 
0x0, 0x2, 0xAA, 0x1F, 0xFF, 0xFF, 0xFF, 0xFF, 0xFF, 0xFF, 0xFF, 
0x40, 0xAA, 0xAA, 0xAA, 0xAA, 0x9, 0xFF, 0xD8, 0x0, 0xA, 0x56, 
0x2, 0xA0, 0xAA, 0xAA, 0xAA, 0xAA, 0x2A, 0xAA, 0xA8, 0xA, 0x80, 
0xA, 0xAA, 0x55, 0x55, 0x55, 0x55, 0x55, 0x55, 0x55, 0x55, 0x55, 
0x55, 0x55, 0x55, 0x55, 0x55, 0x55, 0x55, 0x55, 0x55, 0x55, 0x55, 
0x55, 0x55, 0x5F, 0xFF, 0x80, 0x0, 0x0, 0x0, 0x0, 0x7, 0xFF, 
0xFF, 0xFF, 0xF6, 0xA7, 0xFF, 0xFF, 0xFF, 0xFF, 0x40, 0x1, 0xFF, 
0xC0, 0xA8, 0x0, 0x0, 0x2A, 0xAA, 0xAA, 0xA8, 0x0, 0x0, 0xAA, 
0xA8, 0x5, 0x5F, 0xD0, 0xA, 0xAA, 0xAA, 0xAA, 0xAA, 0x80, 0xDF, 
0xD8, 0x0, 0x0, 0xAA, 0x1F, 0xFF, 0xFF, 0xFF, 0xFF, 0xFF, 0xFF, 
0xF6, 0xA, 0xAA, 0xAA, 0xAA, 0xAA, 0xA8, 0xBF, 0xFF, 0x60, 0x0, 
0xA, 0x80, 0x80, 0xAA, 0xAA, 0xAA, 0xAA, 0x2A, 0xAA, 0xA0, 0x2A, 
0x80, 0xA, 0xAA, 0x55, 0x55, 0x55, 0x55, 0x55, 0x55, 0x55, 0x55, 
0x55, 0x55, 0x55, 0x55, 0x55, 0x55, 0x55, 0x55, 0x55, 0x55, 0x55, 
0x55, 0x55, 0x55, 0x7F, 0xF4, 0x0, 0x0, 0x0, 0x0, 0x0, 0xB, 
0xFF, 0xFF, 0xFF, 0x6A, 0x7F, 0xFF, 0xFF, 0xFF, 0xFD, 0x0, 0x1, 
0xFF, 0x40, 0xA8, 0x0, 0x0, 0x2A, 0xAA, 0xAA, 0xA8, 0x0, 0x0, 
0x2A, 0xA8, 0x27, 0x7F, 0xC0, 0x2A, 0xAA, 0xAA, 0xAA, 0xAA, 0x2, 
0xFF, 0xFF, 0x80, 0x0, 0x0, 0x1F, 0xFF, 0xFF, 0xFF, 0xFF, 0xFF, 
0xFF, 0xD8, 0xAA, 0xAA, 0xAA, 0xAA, 0xAA, 0xAA, 0xA7, 0xFF, 0xFE, 
0x80, 0x0, 0x0, 0x80, 0xAA, 0xAA, 0xAA, 0xAA, 0x2A, 0xAA, 0xA0, 
0x2A, 0x0, 0xA, 0xAA, 0x55, 0x55, 0x55, 0x55, 0x55, 0x55, 0x55, 
0x55, 0x55, 0x55, 0x55, 0x55, 0x55, 0x55, 0x55, 0x55, 0x55, 0x55, 
0x55, 0x55, 0x55, 0x55, 0xFF, 0xD0, 0x0, 0x0, 0x0, 0x0, 0x0, 
0x1, 0xFF, 0xFF, 0xFF, 0xAB, 0xFF, 0xFF, 0xFF, 0xFF, 0x54, 0x0, 
0x3, 0xFF, 0xC0, 0xA8, 0x0, 0x0, 0x2A, 0xAA, 0xAA, 0xA8, 0x0, 
0x0, 0xA, 0x88, 0x1F, 0xFF, 0x40, 0x2A, 0xAA, 0xAA, 0xAA, 0xAA, 
0x1, 0xFF, 0xFF, 0xF6, 0x0, 0x0, 0x1F, 0xFF, 0xFF, 0xFF, 0xFF, 
0xFF, 0xFF, 0xA2, 0xAA, 0xAA, 0xAA, 0xAA, 0xAA, 0xAA, 0x89, 0xFF, 
0xFF, 0xFA, 0x0, 0x0, 0x0, 0xAA, 0xAA, 0xAA, 0xAA, 0x2A, 0xAA, 
0x80, 0xA8, 0x0, 0xA, 0xAA, 0x55, 0x55, 0x55, 0x55, 0x55, 0x55, 
0x55, 0x55, 0x55, 0x55, 0x55, 0x55, 0x55, 0x55, 0x55, 0x55, 0x55, 
0x55, 0x55, 0x55, 0x55, 0x57, 0xFF, 0xC0, 0x0, 0x0, 0x0, 0x0, 
0x0, 0x2, 0xFF, 0xFF, 0xFF, 0x5F, 0xFF, 0xFF, 0xFF, 0xF6, 0x0, 
0x0, 0xB, 0xFF, 0xC0, 0x20, 0x0, 0x0, 0xA, 0xAA, 0xAA, 0xAA, 
0x0, 0x0, 0xA, 0x80, 0x1F, 0xFF, 0x80, 0xAA, 0xAA, 0xAA, 0xAA, 
0xAA, 0x9, 0x7F, 0xFF, 0xFF, 0x40, 0x0, 0x3F, 0xFF, 0xFF, 0xFF, 
0xFF, 0xFF, 0xFE, 0x8A, 0xAA, 0xAA, 0xAA, 0xAA, 0xAA, 0xAA, 0xA0, 
0x7F, 0xFF, 0xFF, 0xD8, 0x0, 0x2, 0xAA, 0xAA, 0xAA, 0xA8, 0x2A, 
0xAA, 0x82, 0xA8, 0x0, 0xA, 0xAA, 0x55, 0x55, 0x55, 0x55, 0x55, 
0x55, 0x55, 0x55, 0x55, 0x55, 0x55, 0x55, 0x55, 0x55, 0x55, 0x55, 
0x55, 0x55, 0x55, 0x55, 0x55, 0x5F, 0xFF, 0x0, 0x0, 0x0, 0x0, 
0x0, 0x0, 0x0, 0xFF, 0xFF, 0xFF, 0x7F, 0xFF, 0xFF, 0xFF, 0x60, 
0x0, 0x0, 0xB, 0xFF, 0xE0, 0x0, 0x0, 0x0, 0xA, 0xAA, 0xAA, 
0xAA, 0x0, 0x0, 0x2, 0x80, 0x2F, 0xFE, 0x2, 0xAA, 0xAA, 0xAA, 
0xAA, 0xA8, 0xC, 0x3F, 0xFF, 0xFF, 0x48, 0x0, 0xBF, 0xFF, 0xFF, 
0xFF, 0xFF, 0xFD, 0xF6, 0x2A, 0xAA, 0xAA, 0xAA, 0xAA, 0xAA, 0xAA, 
0xA8, 0x1F, 0xFF, 0xFF, 0xFF, 0x50, 0x2, 0xAA, 0xAA, 0xAA, 0xA8, 
0x2A, 0xAA, 0x2, 0xA0, 0x0, 0xA, 0xAA, 0x55, 0x55, 0x55, 0x55, 
0x55, 0x55, 0x55, 0x55, 0x55, 0x55, 0x55, 0x55, 0x55, 0x55, 0x55, 
0x55, 0x55, 0x55, 0x55, 0x55, 0x55, 0x7F, 0xF4, 0x0, 0x0, 0x0, 
0x0, 0x0, 0x0, 0x0, 0xBF, 0xFF, 0xFF, 0xFF, 0xFF, 0xFF, 0xFA, 
0xA0, 0x0, 0x0, 0x7, 0xFF, 0xE0, 0x0, 0x0, 0x0, 0xA, 0xAA, 
0xAA, 0xAA, 0x0, 0x0, 0x0, 0x80, 0xF, 0xF8, 0xA, 0xAA, 0xAA, 
0xAA, 0xAA, 0xA8, 0x2C, 0x3F, 0xFF, 0xFF, 0x48, 0x0, 0xBF, 0xFF, 
0xFF, 0xFF, 0xFF, 0xF8, 0xA8, 0xAA, 0xAA, 0xAA, 0xAA, 0xAA, 0xAA, 
0xAA, 0xAA, 0x7, 0xFF, 0xFF, 0xFF, 0x50, 0x2, 0xAA, 0xAA, 0xAA, 
0xA8, 0x2A, 0xAA, 0xA, 0xA0, 0x0, 0xA, 0xAA, 0x55, 0x55, 0x55, 
0x55, 0x55, 0x55, 0x55, 0x55, 0x55, 0x55, 0x55, 0x55, 0x55, 0x55, 
0x55, 0x55, 0x55, 0x55, 0x55, 0x55, 0x55, 0xFF, 0xD0, 0x0, 0x0, 
0x0, 0x0, 0x0, 0x0, 0x0, 0x1F, 0xFF, 0xFF, 0xFF, 0xFF, 0xFD, 
0xA0, 0x0, 0x0, 0x0, 0x7, 0xFF, 0xE0, 0x0, 0x0, 0x0, 0x2, 
0xAA, 0xAA, 0xAA, 0x0, 0x0, 0x0, 0x0, 0xB, 0xF0, 0x2A, 0xA7, 
0x6A, 0xAA, 0xAA, 0xA8, 0x8, 0x1F, 0xFF, 0xFF, 0x4A, 0x2, 0xBF, 
0xFF, 0xFF, 0xFF, 0xFF, 0xE0, 0x22, 0xAA, 0xAA, 0xAA, 0xAA, 0xAA, 
0xAA, 0xAA, 0xAA, 0x8B, 0xFF, 0xFF, 0xFF, 0xD0, 0x2, 0xAA, 0xAA, 
0xAA, 0xA8, 0x2A, 0xAA, 0x2A, 0x80, 0x20, 0xA, 0xAA, 0x55, 0x55, 
0x55, 0x55, 0x55, 0x55, 0x55, 0x55, 0x55, 0x55, 0x55, 0x55, 0x55, 
0x55, 0x55, 0x55, 0x55, 0x55, 0x55, 0x55, 0x55, 0xFF, 0xE0, 0x0, 
0x0, 0x0, 0x0, 0x0, 0x0, 0x0, 0x2F, 0xFF, 0xFF, 0xFF, 0xFF, 
0xD8, 0x0, 0x0, 0x0, 0x0, 0x7, 0xFF, 0xE0, 0x0, 0x0, 0x0, 
0x2, 0xAA, 0xAA, 0xAA, 0x80, 0x0, 0x0, 0x0, 0x3, 0xF0, 0x2A, 
0xA7, 0x6A, 0xAA, 0xAA, 0xA0, 0xA, 0x1F, 0xFF, 0xFF, 0x40, 0xA0, 
0xBF, 0xFF, 0xFF, 0xFF, 0xFF, 0x80, 0xAA, 0xAA, 0xAA, 0xAA, 0xAA, 
0xAA, 0xAA, 0xAA, 0xAA, 0xA2, 0xFF, 0xFF, 0xFF, 0xD0, 0x2, 0xAA, 
0xAA, 0xAA, 0xA8, 0x2A, 0xAA, 0xA2, 0x80, 0x20, 0xA, 0xAA, 0x55, 
0x55, 0x55, 0x55, 0x55, 0x55, 0x55, 0x55, 0x55, 0x55, 0x55, 0x55, 
0x55, 0x55, 0x55, 0x55, 0x55, 0x55, 0x55, 0x55, 0x55, 0x7F, 0xE0, 
0x0, 0x0, 0x0, 0x0, 0x0, 0x0, 0x0, 0xB, 0xFF, 0xFF, 0xFF, 
0xFD, 0x80, 0x0, 0x0, 0x0, 0x0, 0x7, 0xFF, 0xD0, 0x0, 0x0, 
0x0, 0x0, 0xAA, 0xAA, 0xAA, 0x80, 0x0, 0x0, 0x0, 0x1, 0xF4, 
0xA5, 0xA7, 0xEA, 0xAA, 0xAA, 0xA0, 0x2D, 0x2F, 0xFF, 0xFF, 0xE0, 
0x0, 0x7F, 0xFF, 0xFF, 0xFF, 0xFE, 0x2, 0xAA, 0xAA, 0xAA, 0xAA, 
0xAA, 0xAA, 0xAA, 0xAA, 0xAA, 0xA8, 0x7F, 0xFF, 0xFF, 0xD0, 0x82, 
0xAA, 0xAA, 0xAA, 0xA8, 0x2A, 0xAA, 0x82, 0x0, 0xA0, 0xA, 0xAA, 
0x55, 0x55, 0x55, 0x55, 0x55, 0x55, 0x55, 0x55, 0x55, 0x55, 0x55, 
0x55, 0x55, 0x55, 0x55, 0x55, 0x55, 0x55, 0x55, 0x55, 0x55, 0x7F, 
0xD0, 0x0, 0x0, 0x0, 0x0, 0x0, 0x0, 0x0, 0x3, 0xFF, 0xFF, 
0xFF, 0xD8, 0x0, 0x0, 0x0, 0x0, 0x0, 0xB, 0xFF, 0xD0, 0x0, 
0x0, 0x0, 0x0, 0xAA, 0xAA, 0xAA, 0x80, 0x0, 0x0, 0x0, 0x0, 
0xFE, 0xAF, 0x83, 0xDA, 0xAA, 0xAA, 0xA0, 0xBD, 0x7, 0xFF, 0xFF, 
0xFE, 0x82, 0xFF, 0xFF, 0xFF, 0xFF, 0xF8, 0xB, 0xAA, 0xAA, 0xAA, 
0xAA, 0xAA, 0xAA, 0xAA, 0xAA, 0xAA, 0xA8, 0xBF, 0xFF, 0xFF, 0xF0, 
0x8A, 0xAA, 0xAA, 0xAA, 0xA0, 0x2A, 0xAA, 0x80, 0x0, 0xA0, 0x2A, 
0xAA, 0x55, 0x55, 0x55, 0x55, 0x55, 0x55, 0x55, 0x55, 0x55, 0x55, 
0x55, 0x55, 0x55, 0x55, 0x55, 0x55, 0x55, 0x55, 0x55, 0x55, 0x55, 
0x5F, 0xF0, 0x0, 0x0, 0x0, 0x0, 0x0, 0x0, 0x0, 0x0, 0xFF, 
0xFF, 0xFD, 0x80, 0x0, 0x0, 0x0, 0x0, 0x0, 0x3, 0xFF, 0xD0, 
0x0, 0x0, 0x0, 0x0, 0xAA, 0xAA, 0xAA, 0x80, 0x0, 0x0, 0x0, 
0x0, 0x7D, 0xAF, 0x1, 0xDA, 0xAA, 0xAA, 0xA0, 0x76, 0xB, 0xFF, 
0xFF, 0xFF, 0xFF, 0xFF, 0xFF, 0xFF, 0xFF, 0xF8, 0x2, 0xAA, 0xAA, 
0xAA, 0xAA, 0xAA, 0xAA, 0xAA, 0xAA, 0xAA, 0xAA, 0x2F, 0xFF, 0xFF, 
0xD0, 0x8A, 0xAA, 0xAA, 0xAA, 0xA0, 0xAA, 0xAA, 0x0, 0x2, 0xA0, 
0x2A, 0xA8, 0x55, 0x55, 0x55, 0x55, 0x55, 0x55, 0x55, 0x55, 0x55, 
0x55, 0x55, 0x55, 0x55, 0x55, 0x55, 0x55, 0x55, 0x55, 0x55, 0x55, 
0x55, 0x5F, 0xF4, 0x0, 0x0, 0x0, 0x0, 0x0, 0x0, 0x0, 0x0, 
0x7F, 0xFF, 0xD8, 0x0, 0x0, 0x0, 0x0, 0x0, 0x0, 0x3, 0xFF, 
0x60, 0x0, 0x0, 0x0, 0x0, 0x2A, 0xAA, 0xAA, 0xA0, 0x0, 0x0, 
0x0, 0x0, 0xBF, 0x9F, 0x2, 0xFA, 0xAA, 0xAA, 0xA0, 0xC0, 0x1, 
0xFF, 0xFF, 0xFF, 0xFF, 0xFF, 0xFF, 0xFF, 0xFF, 0xF4, 0x0, 0x2, 
0xAA, 0xAA, 0xAA, 0xAA, 0xAA, 0xAA, 0xAA, 0xAA, 0xAA, 0xAF, 0xFF, 
0xFF, 0xE0, 0x8A, 0xAA, 0xAA, 0xAA, 0xA0, 0xAA, 0xAA, 0x0, 0x2, 
0xA0, 0x2A, 0xA0, 0x55, 0x55, 0x55, 0x55, 0x55, 0x55, 0x55, 0x55, 
0x55, 0x55, 0x55, 0x55, 0x55, 0x55, 0x55, 0x55, 0x55, 0x55, 0x55, 
0x55, 0x55, 0x57, 0xF4, 0x0, 0x0, 0x0, 0x0, 0x0, 0x0, 0x0, 
0x0, 0x1F, 0xFD, 0x80, 0x0, 0x0, 0x0, 0x0, 0x0, 0x0, 0x3, 
0xFF, 0x40, 0x0, 0x0, 0x0, 0x0, 0xA, 0xAA, 0xAA, 0xA0, 0x0, 
0x0, 0x0, 0x0, 0x3F, 0x5F, 0x0, 0xF6, 0xAA, 0xAA, 0xA0, 0x42, 
0xE0, 0xFF, 0xFF, 0xFF, 0xFF, 0xFF, 0xFF, 0xFF, 0xFF, 0xFF, 0x80, 
0x0, 0x2A, 0xAA, 0xAA, 0xAA, 0xAA, 0xAA, 0xAA, 0xAA, 0xAA, 0x8B, 
0xFF, 0xFF, 0xE0, 0x2A, 0xAA, 0xAA, 0xAA, 0xA0, 0xAA, 0xAA, 0x0, 
0xA, 0x80, 0x2, 0x80, 0x55, 0x55, 0x55, 0x55, 0x55, 0x55, 0x55, 
0x55, 0x55, 0x55, 0x55, 0x55, 0x55, 0x55, 0x55, 0x55, 0x55, 0x55, 
0x55, 0x55, 0x55, 0x5F, 0xF8, 0x0, 0x0, 0x0, 0x0, 0x0, 0x0, 
0x0, 0x0, 0x27, 0xF8, 0x0, 0x0, 0x0, 0x0, 0x0, 0x0, 0x0, 
0x3, 0xFF, 0x40, 0x0, 0x0, 0x0, 0x0, 0xA, 0xAA, 0xAA, 0xA0, 
0x0, 0x0, 0x0, 0x0, 0x1F, 0x7D, 0x0, 0xFE, 0xAA, 0xAA, 0xA0, 
0xE7, 0xF0, 0x3F, 0xFF, 0xFF, 0xFF, 0xFF, 0xFF, 0xFF, 0xFF, 0xFF, 
0xF8, 0x0, 0x0, 0x2A, 0xAA, 0xAA, 0xAA, 0xAA, 0xAA, 0xAA, 0xAA, 
0xAB, 0xFF, 0xFF, 0xC0, 0x2A, 0xAA, 0xAA, 0xAA, 0x80, 0xAA, 0xA8, 
0x0, 0xA, 0x80, 0x0, 0x0, 0x55, 0x55, 0x55, 0x55, 0x55, 0x55, 
0x55, 0x55, 0x55, 0x55, 0x55, 0x55, 0x55, 0x55, 0x55, 0x55, 0x55, 
0x55, 0x55, 0x55, 0x55, 0x7F, 0xF8, 0x0, 0x0, 0x0, 0x0, 0x0, 
0x0, 0x0, 0x0, 0x2B, 0x60, 0x0, 0x0, 0x0, 0x0, 0x0, 0x0, 
0x0, 0x2, 0xFF, 0x40, 0x0, 0x0, 0x0, 0x0, 0xA, 0xAA, 0xAA, 
0xA0, 0x0, 0x0, 0x0, 0x0, 0xF, 0xFD, 0x0, 0xBE, 0xAA, 0xAA, 
0xA0, 0xFF, 0xF4, 0xB, 0xFF, 0xFF, 0xFF, 0xFF, 0xFF, 0xFF, 0xFF, 
0xFF, 0xD9, 0x60, 0x0, 0x0, 0xAA, 0xAA, 0xAA, 0xAA, 0xAA, 0xAA, 
0xAA, 0xA2, 0xFF, 0xFF, 0xC0, 0xAA, 0xAA, 0xAA, 0xAA, 0x80, 0xAA, 
0xA8, 0x0, 0xA, 0x80, 0x0, 0x0, 0x55, 0x55, 0x55, 0x55, 0x55, 
0x55, 0x55, 0x55, 0x55, 0x55, 0x55, 0x55, 0x55, 0x55, 0x55, 0x55, 
0x55, 0x55, 0x55, 0x55, 0x55, 0xFF, 0xD0, 0x0, 0x0, 0x0, 0x0, 
0x0, 0x0, 0x0, 0x0, 0x2A, 0xA0, 0x0, 0x0, 0x0, 0x0, 0x0, 
0x0, 0x0, 0x0, 0xFF, 0x60, 0x0, 0x0, 0x0, 0x0, 0xA, 0xAA, 
0xAA, 0xA8, 0x0, 0x0, 0x0, 0x0, 0x7, 0xFE, 0x0, 0x3D, 0xAA, 
0xAA, 0xA0, 0xFF, 0xD2, 0x80, 0x29, 0xDA, 0x9F, 0xEB, 0xFF, 0xFF, 
0xFF, 0xFF, 0xF8, 0x7D, 0x80, 0x0, 0xA, 0xAA, 0xAA, 0xAA, 0xAA, 
0xAA, 0xAA, 0xAA, 0xFF, 0xFF, 0xC0, 0xAA, 0xAA, 0xAA, 0xAA, 0x80, 
0xAA, 0x0, 0x0, 0x0, 0x0, 0x0, 0x2, 0x55, 0x55, 0x55, 0x55, 
0x55, 0x55, 0x55, 0x55, 0x55, 0x55, 0x55, 0x55, 0x55, 0x55, 0x55, 
0x55, 0x55, 0x55, 0x55, 0x55, 0x55, 0xFD, 0x80, 0x0, 0x0, 0x0, 
0x0, 0x0, 0x0, 0x0, 0x0, 0xA, 0x80, 0x0, 0x0, 0x0, 0x0, 
0x0, 0x0, 0x0, 0x0, 0xFD, 0x60, 0x0, 0x0, 0x0, 0x0, 0xA, 
0xAA, 0xAA, 0xA8, 0x0, 0x0, 0x2, 0xA8, 0xB, 0xFC, 0x0, 0x1F, 
0xAA, 0xAA, 0xA0, 0x7F, 0xC1, 0x80, 0x0, 0x0, 0x3F, 0xA8, 0xFF, 
0xFF, 0xFF, 0xFF, 0xF8, 0xBF, 0xF8, 0x0, 0x0, 0xA, 0xAA, 0xAA, 
0xAA, 0xAA, 0xAA, 0xA8, 0x7F, 0xFF, 0x82, 0xAA, 0xAA, 0xAA, 0xAA, 
0x82, 0xAA, 0x0, 0x0, 0x0, 0x0, 0x0, 0xA, 0x55, 0x55, 0x55, 
0x55, 0x55, 0x55, 0x55, 0x55, 0x55, 0x55, 0x55, 0x55, 0x55, 0x55, 
0x55, 0x55, 0x55, 0x55, 0x55, 0x55, 0x57, 0xFE, 0x2, 0x0, 0x0, 
0x0, 0x0, 0x0, 0x0, 0x0, 0x0, 0x0, 0x0, 0x0, 0x0, 0x0, 
0x0, 0x0, 0x0, 0x0, 0x0, 0xFD, 0x60, 0x0, 0x0, 0x0, 0x0, 
0xA, 0xAA, 0xAA, 0xAA, 0x0, 0x0, 0x2, 0x88, 0x3, 0xFC, 0x0, 
0x2F, 0xAA, 0xAA, 0xA0, 0xBF, 0x87, 0x9, 0x6A, 0xAA, 0xFD, 0x28, 
0x3F, 0xFF, 0xFF, 0xFF, 0xF8, 0xBF, 0xFF, 0x60, 0x0, 0x0, 0xAA, 
0xAA, 0xAA, 0xAA, 0xAA, 0xA8, 0xBF, 0xFF, 0x2, 0xAA, 0xAA, 0xAA, 
0xAA, 0x2, 0xAA, 0x0, 0xA0, 0x0, 0x0, 0x0, 0x2A, 0x55, 0x55, 
0x55, 0x55, 0x55, 0x55, 0x55, 0x55, 0x55, 0x55, 0x55, 0x55, 0x55, 
0x55, 0x55, 0x55, 0x55, 0x55, 0x55, 0x55, 0x57, 0xFC, 0x2, 0x0, 
0x0, 0x0, 0x0, 0x0, 0x0, 0x0, 0x0, 0x0, 0x0, 0x0, 0x0, 
0x0, 0x0, 0x0, 0x0, 0x0, 0x0, 0xB5, 0x50, 0x0, 0x0, 0x0, 
0x0, 0x2, 0xAA, 0xAA, 0xAA, 0x0, 0x0, 0x2, 0xAA, 0x1, 0xFC, 
0x0, 0xF, 0x6A, 0xAA, 0xA8, 0xBF, 0x2F, 0x8F, 0xD5, 0x7F, 0xFE, 
0x9A, 0x2F, 0xFF, 0xFF, 0xFF, 0xF8, 0xBF, 0xFF, 0xF6, 0x0, 0x0, 
0xA, 0xAA, 0xAA, 0xAA, 0xAA, 0xA8, 0x3F, 0xFF, 0x2, 0xAA, 0xAA, 
0xAA, 0xAA, 0x2, 0xA8, 0x0, 0xAA, 0x0, 0x0, 0x82, 0xAA, 0x55, 
0x55, 0x55, 0x55, 0x55, 0x55, 0x55, 0x55, 0x55, 0x55, 0x55, 0x55, 
0x55, 0x55, 0x55, 0x55, 0x55, 0x55, 0x55, 0x55, 0x57, 0xFC, 0x2, 
0x0, 0x0, 0x0, 0x0, 0x0, 0x0, 0x0, 0x0, 0x0, 0x0, 0x0, 
0x0, 0x0, 0x0, 0x0, 0x0, 0x0, 0x0, 0x35, 0x50, 0x0, 0x0, 
0x0, 0x0, 0x2, 0xAA, 0xAA, 0xAA, 0x0, 0x0, 0x2, 0xAA, 0x2, 
0xFC, 0x0, 0x7, 0xEA, 0xAA, 0xA8, 0x3D, 0x1F, 0xFF, 0xFF, 0xFF, 
0xFF, 0xFE, 0xB, 0xFF, 0xFF, 0xFF, 0xF8, 0xBF, 0xFF, 0xFF, 0xD8, 
0x0, 0x0, 0x2, 0xAA, 0xAA, 0xAA, 0xAA, 0x1F, 0xFD, 0x2, 0xAA, 
0xAA, 0xAA, 0xAA, 0x2, 0xA8, 0x1, 0x7D, 0x80, 0x1, 0x82, 0xAA, 
0x55, 0x55, 0x55, 0x55, 0x55, 0x55, 0x55, 0x55, 0x55, 0x55, 0x55, 
0x55, 0x55, 0x55, 0x55, 0x55, 0x55, 0x55, 0x55, 0x55, 0x57, 0xF4, 
0xA, 0x80, 0x0, 0x0, 0x0, 0x0, 0x0, 0x0, 0x0, 0x0, 0x0, 
0x0, 0x0, 0x0, 0x0, 0x0, 0x0, 0x0, 0x0, 0x15, 0x50, 0x0, 
0x0, 0x0, 0x0, 0x0, 0xAA, 0xAA, 0xAA, 0x80, 0x0, 0x2, 0xAA, 
0x0, 0xFC, 0x2, 0x83, 0xEA, 0xAA, 0xA8, 0x2C, 0x3F, 0xFF, 0xFF, 
0xFF, 0xFF, 0xFF, 0x42, 0xFF, 0xFF, 0xFF, 0xF4, 0x3F, 0xFF, 0xFF, 
0xFF, 0x80, 0x0, 0x0, 0x2A, 0xAA, 0xAA, 0xAA, 0x1F, 0xFE, 0xA, 
0xAA, 0xAA, 0xAA, 0xAA, 0x2, 0xA0, 0x9, 0xF4, 0x0, 0x5F, 0x82, 
0xA5, 0x55, 0x55, 0x55, 0x55, 0x55, 0x55, 0x55, 0x55, 0x55, 0x55, 
0x55, 0x55, 0x55, 0x55, 0x55, 0x55, 0x55, 0x55, 0x55, 0x55, 0x57, 
0xF8, 0xA, 0x80, 0x0, 0x0, 0x0, 0x0, 0x0, 0x0, 0x0, 0x0, 
0x0, 0x0, 0x0, 0x0, 0x0, 0x0, 0x0, 0x0, 0x0, 0x25, 0x60, 
0x0, 0x0, 0x0, 0x0, 0x0, 0x2A, 0xAA, 0xAA, 0x80, 0x0, 0x2, 
0xAA, 0x80, 0x7D, 0x2, 0x83, 0xFA, 0xAA, 0xA8, 0x24, 0xFF, 0xFF, 
0xFF, 0xFF, 0xFF, 0xFF, 0xF0, 0xBF, 0xFF, 0xFF, 0xFC, 0x1F, 0xFF, 
0xFF, 0xFF, 0xFE, 0x0, 0x0, 0x2, 0xAA, 0xAA, 0xAA, 0x2F, 0xFC, 
0xA, 0xAA, 0xAA, 0xAA, 0xA8, 0x2, 0xA0, 0xF, 0xE0, 0x2, 0x7E, 
0x0, 0x0, 0x55, 0x55, 0x55, 0x55, 0x55, 0x55, 0x55, 0x55, 0x55, 
0x55, 0x55, 0x55, 0x55, 0x55, 0x55, 0x55, 0x55, 0x55, 0x55, 0x55, 
0x5F, 0xF0, 0xA, 0xA0, 0x0, 0x0, 0x0, 0x0, 0x0, 0x0, 0x0, 
0x0, 0x0, 0x0, 0x0, 0x0, 0x0, 0x0, 0x0, 0x0, 0x0, 0x5, 
0x40, 0x0, 0x2, 0xA0, 0x2, 0x0, 0x2A, 0xAA, 0xAA, 0x0, 0x0, 
0x2, 0xAA, 0x80, 0x14, 0x2, 0xA2, 0xFA, 0xAA, 0x96, 0x4, 0xFF, 
0xFF, 0xFF, 0xFF, 0xFF, 0xFF, 0xF4, 0x3F, 0xFF, 0xFF, 0xFE, 0x2F, 
0xFF, 0xFF, 0xFF, 0xFF, 0xD8, 0x0, 0x0, 0x2, 0xAA, 0xAA, 0x7, 
0xF4, 0xA, 0xAA, 0xAA, 0xAA, 0xA8, 0xA, 0xA0, 0x24, 0x0, 0x6, 
0x0, 0x0, 0x0, 0x55, 0x55, 0x55, 0x55, 0x55, 0x55, 0x55, 0x55, 
0x55, 0x55, 0x55, 0x55, 0x55, 0x55, 0x55, 0x55, 0x55, 0x55, 0x55, 
0x55, 0x5F, 0xF0, 0x2A, 0xA0, 0x0, 0x0, 0x0, 0x0, 0x0, 0x0, 
0x0, 0x0, 0x0, 0x0, 0x0, 0x0, 0x0, 0x0, 0x0, 0x0, 0x0, 
0x5, 0x80, 0x0, 0xA, 0xA8, 0x0, 0x80, 0xA, 0xAA, 0xA8, 0x0, 
0x0, 0x2, 0xAA, 0x80, 0x0, 0xA, 0xA0, 0xF6, 0xFA, 0x3D, 0x0, 
0xFF, 0xFF, 0xFF, 0xFF, 0xFF, 0xFF, 0xFD, 0x2F, 0xFF, 0xFF, 0xFD, 
0xF, 0xFF, 0xFF, 0xFF, 0xFF, 0xFD, 0x0, 0x0, 0x0, 0x0, 0xAA, 
0x87, 0xD8, 0x2A, 0xAA, 0xAA, 0xAA, 0xA8, 0xA, 0x80, 0x0, 0x0, 
0x98, 0x0, 0x0, 0x0, 0x55, 0x55, 0x55, 0x55, 0x55, 0x55, 0x55, 
0x55, 0x55, 0x55, 0x55, 0x55, 0x55, 0x55, 0x55, 0x55, 0x55, 0x55, 
0x55, 0x55, 0x5F, 0xF0, 0x2A, 0xA8, 0x2, 0x6A, 0x6A, 0xA5, 0x5A, 
0x0, 0x0, 0x0, 0x0, 0x0, 0x0, 0x0, 0x0, 0x0, 0x0, 0x0, 
0x0, 0xA, 0x0, 0x0, 0xA, 0xAA, 0x0, 0xE0, 0xA, 0xAA, 0xA0, 
0x0, 0x0, 0x2, 0xAA, 0xA0, 0x0, 0xA, 0xA0, 0x7D, 0xF0, 0x3D, 
0x80, 0xFF, 0xFF, 0xFF, 0xFF, 0xFF, 0xFF, 0xFF, 0xAF, 0xFF, 0xFF, 
0xFF, 0x8B, 0xFF, 0xFF, 0xFF, 0xFF, 0xFE, 0x0, 0x0, 0x0, 0x0, 
0x0, 0x8B, 0xE0, 0x2A, 0xAA, 0xAA, 0xAA, 0xA8, 0xA, 0x80, 0x0, 
0x9, 0x50, 0xA, 0xAA, 0x80, 0x55, 0x55, 0x55, 0x55, 0x55, 0x55, 
0x55, 0x55, 0x55, 0x55, 0x55, 0x55, 0x55, 0x55, 0x55, 0x55, 0x55, 
0x55, 0x55, 0x55, 0x5F, 0xD0, 0x2A, 0xA8, 0x1, 0x5F, 0xFF, 0xFF, 
0xFF, 0x60, 0x0, 0x0, 0x0, 0x0, 0x0, 0x0, 0x0, 0x0, 0x0, 
0x0, 0x0, 0x0, 0x0, 0x0, 0x2, 0xAA, 0x0, 0xF0, 0x2, 0xAA, 
0x0, 0x0, 0x0, 0xA, 0xAA, 0xA0, 0x0, 0xA, 0xA0, 0x3F, 0xF0, 
0x1F, 0x80, 0xFF, 0xFF, 0xFF, 0xFF, 0xFF, 0xFF, 0xFF, 0xFF, 0xFF, 
0xFF, 0xFF, 0x43, 0xFF, 0xFF, 0xFF, 0xFF, 0xFE, 0x20, 0x0, 0x0, 
0x0, 0x0, 0x87, 0x60, 0x2A, 0xAA, 0xAA, 0xAA, 0xA8, 0xA, 0x0, 
0x2, 0x95, 0x50, 0x2A, 0xAA, 0xA8, 0x55, 0x55, 0x55, 0x55, 0x55, 
0x55, 0x55, 0x55, 0x55, 0x55, 0x55, 0x55, 0x55, 0x55, 0x55, 0x55, 
0x55, 0x55, 0x55, 0x55, 0x5F, 0xE0, 0x2A, 0xA8, 0x9, 0x7F, 0xFF, 
0xFF, 0xFF, 0xFD, 0x80, 0x0, 0x0, 0x0, 0x0, 0x0, 0x0, 0x0, 
0x0, 0x0, 0x0, 0x0, 0x0, 0x0, 0x0, 0xAA, 0x0, 0xF4, 0x2, 
0xA8, 0x0, 0x0, 0x0, 0xA, 0xAA, 0x80, 0x0, 0xA, 0xA8, 0x1F, 
0xF0, 0xF, 0x60, 0xFF, 0xFF, 0xFF, 0xFF, 0xFF, 0xFF, 0xFF, 0xFF, 
0xFF, 0xFF, 0xFF, 0xC2, 0xFF, 0xFF, 0xFF, 0xFF, 0xFE, 0x20, 0x2, 
0x80, 0x0, 0x0, 0x27, 0x80, 0xAA, 0xAA, 0xAA, 0xAA, 0xA8, 0xA, 
0xA, 0x9, 0x55, 0x50, 0x0, 0x0, 0x0, 0x55, 0x55, 0x55, 0x55, 
0x55, 0x55, 0x55, 0x55, 0x55, 0x55, 0x55, 0x55, 0x55, 0x55, 0x55, 
0x55, 0x55, 0x55, 0x55, 0x55, 0x5F, 0xC0, 0xAA, 0xA8, 0x9, 0xFF, 
0xFF, 0xFF, 0xFF, 0xFF, 0xFD, 0x80, 0x0, 0x0, 0x0, 0x0, 0x0, 
0x0, 0x0, 0x0, 0x0, 0x0, 0x0, 0x2A, 0x0, 0x28, 0x3, 0xFD, 
0x0, 0xA0, 0x0, 0x0, 0x0, 0xA, 0xAA, 0x0, 0x0, 0xA, 0xA8, 
0x2F, 0xD0, 0x7, 0x68, 0xBF, 0xFF, 0xFF, 0xFF, 0xFF, 0xFF, 0xFF, 
0xFF, 0xFF, 0xF5, 0x60, 0x60, 0xBF, 0xFF, 0xFF, 0xFF, 0xFE, 0x2A, 
0x3, 0xF6, 0x0, 0x0, 0x2A, 0x0, 0xAA, 0xAA, 0xAA, 0xAA, 0xA8, 
0x2A, 0xA, 0x9, 0x55, 0x58, 0x0, 0x0, 0x0, 0x55, 0x55, 0x55, 
0x55, 0x55, 0x55, 0x55, 0x55, 0x55, 0x55, 0x55, 0x55, 0x55, 0x55, 
0x55, 0x55, 0x55, 0x55, 0x55, 0x55, 0x7F, 0xC0, 0xAA, 0xA0, 0xB, 
0xFF, 0xFF, 0xFF, 0xFF, 0xFF, 0xFF, 0xF5, 0x0, 0x0, 0x0, 0x0, 
0x0, 0x0, 0x0, 0x0, 0x0, 0x0, 0x2, 0xAA, 0x1, 0x80, 0x3F, 
0xFF, 0x0, 0x80, 0x0, 0x0, 0x0, 0xA, 0xA0, 0x0, 0x0, 0x2A, 
0xA8, 0xF, 0xD0, 0x2B, 0xE8, 0x1F, 0xFF, 0xFF, 0xFF, 0xFF, 0xFF, 
0xFF, 0xFF, 0xFF, 0xD0, 0x2, 0x78, 0x1F, 0xFF, 0xFF, 0xFF, 0xFD, 
0x2, 0xA3, 0xFF, 0xE0, 0x0, 0x2, 0x2, 0xAA, 0xAA, 0xAA, 0xAA, 
0xA0, 0x28, 0x9, 0xA5, 0x55, 0x58, 0x0, 0x0, 0x0, 0x55, 0x55, 
0x55, 0x55, 0x55, 0x55, 0x55, 0x55, 0x55, 0x55, 0x55, 0x55, 0x55, 
0x55, 0x55, 0x55, 0x55, 0x55, 0x55, 0x55, 0x7F, 0xC0, 0xAA, 0xA0, 
0x7, 0xFF, 0xFF, 0xFF, 0xFF, 0xFF, 0xFF, 0xFF, 0xD6, 0x0, 0x0, 
0x0, 0x0, 0x0, 0x0, 0x0, 0x0, 0x0, 0xA, 0xA8, 0xF, 0xCB, 
0xFF, 0x7F, 0x40, 0x0, 0x0, 0x0, 0x0, 0xA, 0x80, 0x0, 0x0, 
0x2A, 0xAA, 0xF, 0xD0, 0x23, 0xDA, 0xF, 0xFF, 0xFF, 0xEA, 0xFF, 
0xFF, 0xFF, 0xFF, 0xFF, 0xFF, 0xFF, 0xFC, 0x7, 0xFF, 0xFF, 0xFF, 
0xFF, 0xD8, 0xB, 0xFF, 0xFA, 0x0, 0x8, 0x2, 0xAA, 0xAA, 0xAA, 
0xAA, 0xA0, 0x28, 0x5, 0x55, 0x55, 0x56, 0x0, 0x0, 0x0, 0x55, 
0x55, 0x55, 0x55, 0x55, 0x55, 0x55, 0x55, 0x55, 0x55, 0x55, 0x55, 
0x55, 0x55, 0x55, 0x55, 0x55, 0x55, 0x55, 0x56, 0x7F, 0xC0, 0xAA, 
0xA0, 0x2F, 0xFF, 0xFF, 0xFF, 0xFF, 0xFF, 0xFF, 0xFF, 0xFF, 0xDA, 
0x0, 0x0, 0x0, 0x0, 0x0, 0x0, 0x0, 0x0, 0x2A, 0x80, 0xBF, 
0xFF, 0xF5, 0x5F, 0xF8, 0x0, 0x0, 0x0, 0x0, 0x0, 0x0, 0x0, 
0x80, 0x2A, 0xAA, 0xF, 0xD0, 0x21, 0xFA, 0xB, 0xFF, 0xFF, 0x81, 
0xFF, 0xFF, 0xFF, 0xFF, 0xFF, 0xFF, 0xFF, 0xFF, 0x1, 0xFF, 0xFF, 
0xFF, 0xFF, 0xFF, 0xEF, 0xFF, 0x69, 0x40, 0x8, 0xA, 0xAA, 0xAA, 
0xAA, 0xAA, 0xA0, 0x28, 0x5, 0x5A, 0x95, 0x55, 0x58, 0xA, 0x80, 
0x55, 0x55, 0x55, 0x55, 0x55, 0x55, 0x55, 0x55, 0x55, 0x55, 0x55, 
0x55, 0x55, 0x55, 0x55, 0x55, 0x55, 0x55, 0x55, 0x56, 0x7F, 0x42, 
0xAA, 0xA0, 0x2F, 0xFF, 0xFF, 0xEA, 0xA9, 0x5F, 0xFF, 0xFF, 0xFF, 
0xFF, 0x6A, 0x80, 0x0, 0x0, 0x0, 0x0, 0x0, 0x0, 0xA, 0x1, 
0xFF, 0xFF, 0x55, 0x5F, 0xFC, 0x0, 0x0, 0x0, 0x0, 0x0, 0x0, 
0x0, 0x0, 0x2A, 0xAA, 0x7, 0xE0, 0x2A, 0xF6, 0x81, 0xFF, 0xFF, 
0x4B, 0xFF, 0xFF, 0xFF, 0xFF, 0xFF, 0xFF, 0xFF, 0xFF, 0xC0, 0xBF, 
0xFF, 0xFF, 0xFF, 0xFF, 0xFF, 0xFE, 0xA6, 0xA5, 0x80, 0x2A, 0x2A, 
0xAA, 0xAA, 0xAA, 0xA0, 0xA0, 0x25, 0x40, 0x9, 0x55, 0x58, 0x25, 
0x55, 0x55, 0x55, 0x55, 0x55, 0x55, 0x55, 0x55, 0x55, 0x55, 0x55, 
0x55, 0x55, 0x57, 0xFF, 0xFF, 0x55, 0x55, 0x55, 0x55, 0x55, 0x7F, 
0x82, 0xAA, 0xA0, 0x1F, 0xFF, 0xFF, 0x80, 0x0, 0x0, 0x29, 0xFF, 
0xFF, 0xFF, 0xFF, 0xF6, 0x0, 0x0, 0x0, 0x0, 0x0, 0x0, 0x0, 
0x2F, 0xF5, 0x55, 0x55, 0x57, 0xF4, 0x0, 0x0, 0x0, 0x0, 0x0, 
0x0, 0x0, 0x0, 0x2A, 0xAA, 0x3, 0xE0, 0xA8, 0x7E, 0x80, 0x7F, 
0xFF, 0x4B, 0xFF, 0xFF, 0xFF, 0xFF, 0xFF, 0xFF, 0xFF, 0xFF, 0xF8, 
0x7, 0xFF, 0xFF, 0xFF, 0xFF, 0xFF, 0xD8, 0x9, 0xDF, 0x40, 0x28, 
0x2A, 0xAA, 0xAA, 0xAA, 0x80, 0xA0, 0x15, 0x80, 0x2, 0x55, 0x50, 
0x25, 0x55, 0x55, 0x55, 0x55, 0x55, 0x55, 0x55, 0x55, 0x55, 0x55, 
0x55, 0x55, 0x7F, 0xFF, 0xFF, 0xFF, 0xF5, 0x55, 0x55, 0x55, 0x59, 
0x7F, 0x2, 0xAA, 0x80, 0x3F, 0xFF, 0xFE, 0x0, 0x0, 0x0, 0x0, 
0x7F, 0xFF, 0xFF, 0xFF, 0xFF, 0x68, 0x0, 0x0, 0x0, 0x0, 0x2, 
0x2, 0xFF, 0x55, 0x55, 0x55, 0x57, 0xF4, 0x0, 0x0, 0x0, 0x0, 
0x20, 0x20, 0x20, 0x0, 0x2A, 0xA0, 0x3, 0xE0, 0xAA, 0xBE, 0xA0, 
0x3F, 0xFF, 0xD1, 0xFF, 0xFF, 0xFF, 0xFF, 0xFF, 0xFF, 0xFF, 0xFF, 
0xF0, 0x0, 0xBF, 0xFF, 0xFF, 0xFF, 0xF6, 0x80, 0x2F, 0xFF, 0x82, 
0xA8, 0x2A, 0xAA, 0xAA, 0xAA, 0x80, 0xA0, 0x16, 0x0, 0x0, 0x55, 
0x50, 0x15, 0x55, 0x55, 0x55, 0x55, 0x55, 0x55, 0x55, 0x55, 0x55, 
0x55, 0x55, 0x55, 0xFF, 0xFF, 0xFF, 0xFF, 0xFD, 0x55, 0x55, 0x55, 
0x59, 0xFF, 0x2, 0xAA, 0x80, 0xBF, 0xFF, 0xF8, 0xA, 0xA0, 0x0, 
0x0, 0x1F, 0xFF, 0xFF, 0xFF, 0xFF, 0xFD, 0x80, 0x0, 0x0, 0x0, 
0xF, 0x6B, 0xFD, 0x55, 0x55, 0x55, 0x55, 0xFC, 0x0, 0x0, 0x0, 
0x0, 0x22, 0xA0, 0x20, 0x0, 0xAA, 0x0, 0x3, 0xE0, 0xAA, 0x3F, 
0xA8, 0xF, 0xFF, 0xF8, 0x7F, 0xFF, 0xFF, 0xFF, 0xFF, 0xFF, 0xFF, 
0xFF, 0xE0, 0x60, 0x9, 0xFF, 0xFF, 0xF5, 0xA0, 0x2, 0xFF, 0xFE, 
0x2, 0xA0, 0xAA, 0xAA, 0xAA, 0xAA, 0x80, 0x80, 0x96, 0x0, 0x0, 
0x55, 0x60, 0x15, 0x55, 0x55, 0x55, 0x55, 0x55, 0x55, 0x55, 0x55, 
0x55, 0x55, 0x55, 0x55, 0xFF, 0xFF, 0xFF, 0xFF, 0xFF, 0xD5, 0x55, 
0x55, 0x55, 0xFF, 0xA, 0xAA, 0x80, 0xBF, 0xFF, 0xD0, 0x2A, 0xAA, 
0xAA, 0x80, 0x2F, 0xFF, 0xFF, 0xFF, 0xFF, 0xFF, 0xD8, 0x0, 0x0, 
0x0, 0x1F, 0xFF, 0xD5, 0x55, 0x55, 0x55, 0x55, 0xFD, 0x0, 0x0, 
0x0, 0x0, 0x0, 0x0, 0x28, 0x0, 0x0, 0x0, 0x3, 0xE0, 0xAA, 
0x2F, 0xAA, 0x3, 0xFF, 0xFE, 0x17, 0xFF, 0xFF, 0xFF, 0xFF, 0xFF, 
0xFF, 0xFF, 0xC2, 0xFD, 0x0, 0x2, 0xA8, 0x0, 0x0, 0x2F, 0xFF, 
0xF4, 0xA, 0x80, 0xAA, 0xAA, 0xAA, 0xAA, 0x82, 0x80, 0x56, 0x2, 
0x0, 0x55, 0xE0, 0x95, 0x55, 0x55, 0x55, 0x55, 0x55, 0x55, 0x55, 
0x55, 0x55, 0x55, 0x55, 0x56, 0xFF, 0xA0, 0x0, 0x1, 0xFF, 0xFD, 
0x55, 0x55, 0x55, 0xFD, 0xA, 0xAA, 0x80, 0x9F, 0xFF, 0x40, 0x2A, 
0xAA, 0xAA, 0xA8, 0x7, 0xFF, 0xFF, 0xFF, 0xFF, 0xFF, 0xFF, 0x80, 
0x0, 0x0, 0x3F, 0xFF, 0x55, 0x55, 0x55, 0x55, 0x55, 0x7F, 0x0, 
0x0, 0x0, 0x0, 0x0, 0x0, 0x20, 0x0, 0x0, 0x0, 0x1, 0xC0, 
0xAA, 0x8F, 0x6A, 0x82, 0xFF, 0xFE, 0xA, 0x7F, 0xFF, 0xFF, 0xFF, 
0xFF, 0xFF, 0xFF, 0x4B, 0xFF, 0xD8, 0x0, 0x0, 0x0, 0xB, 0xFF, 
0xFF, 0x60, 0x2A, 0x82, 0xAA, 0xAA, 0xAA, 0xAA, 0x2, 0x80, 0x56, 
0x2, 0x80, 0x97, 0x40, 0x95, 0x55, 0x55, 0x55, 0x55, 0x55, 0x55, 
0x55, 0x55, 0x55, 0x55, 0x55, 0x5F, 0xF8, 0x0, 0x0, 0x0, 0x1F, 
0xFF, 0x55, 0x55, 0x55, 0xFD, 0xA, 0xAA, 0x80, 0x5F, 0xFF, 0x80, 
0xA, 0xAA, 0xAA, 0xA8, 0x1, 0xFF, 0xFF, 0xFF, 0xFF, 0xFF, 0xFF, 
0xF4, 0x0, 0x0, 0xFD, 0x7D, 0x55, 0x55, 0x55, 0x55, 0x55, 0x7F, 
0x80, 0x0, 0x0, 0x20, 0x0, 0x0, 0x80, 0x0, 0x0, 0x0, 0x0, 
0x2, 0xAA, 0x87, 0xEA, 0xA0, 0x7F, 0xFF, 0x41, 0xAF, 0xFF, 0xFF, 
0xFF, 0xFF, 0xFF, 0xFF, 0xEF, 0xFF, 0xFF, 0xFE, 0x0, 0x1, 0xFF, 
0xFF, 0xFF, 0x80, 0xAA, 0xA, 0xAA, 0xAA, 0xAA, 0xAA, 0x2, 0x80, 
0x56, 0x2, 0x80, 0x96, 0x0, 0x95, 0x55, 0x55, 0x55, 0x55, 0x55, 
0x55, 0x55, 0x55, 0x55, 0x55, 0x55, 0x7F, 0xE8, 0x0, 0xA0, 0x0, 
0xB, 0xFF, 0xD5, 0x55, 0x57, 0xFC, 0xA, 0xA0, 0x0, 0x5F, 0xFD, 
0x0, 0x0, 0x0, 0xA, 0xAA, 0x2, 0xFF, 0xFF, 0xFF, 0xFF, 0xFF, 
0xFF, 0xFD, 0x60, 0x1, 0xF5, 0x55, 0x55, 0x55, 0x55, 0x55, 0x55, 
0x5F, 0xC0, 0x0, 0x0, 0xAA, 0xAA, 0x80, 0x0, 0x0, 0x0, 0x0, 
0x0, 0x2, 0xAA, 0xA3, 0xDA, 0xA8, 0x1F, 0xFF, 0xD2, 0xAA, 0xFF, 
0xFF, 0xFF, 0xFF, 0xFF, 0xFF, 0xFF, 0xFF, 0xFF, 0xFC, 0xB8, 0x29, 
0x7F, 0xFF, 0xFE, 0x2, 0xA8, 0x2A, 0xAA, 0xAA, 0xAA, 0xAA, 0x2, 
0x0, 0x55, 0x2, 0x80, 0x0, 0x2, 0x55, 0x55, 0x55, 0x55, 0x55, 
0x55, 0x55, 0x55, 0x55, 0x55, 0x55, 0x55, 0xFF, 0x8A, 0xAA, 0xAA, 
0x80, 0x0, 0x7F, 0xF5, 0x55, 0x57, 0xFC, 0x2A, 0x80, 0x2, 0x5F, 
0xFE, 0x2, 0x0, 0x0, 0x0, 0x0, 0x0, 0x7F, 0xFF, 0xFF, 0xFF, 
0xFF, 0xFF, 0xFD, 0x58, 0xB, 0xF5, 0x55, 0x55, 0x55, 0x55, 0x55, 
0x55, 0x5F, 0xE0, 0x0, 0x2, 0xAA, 0xAA, 0xA0, 0x0, 0x0, 0x0, 
0x0, 0x0, 0x2, 0xAA, 0xA3, 0xFA, 0xAA, 0x7, 0xFF, 0xF6, 0xA5, 
0xAF, 0xFF, 0xFF, 0xFF, 0xFF, 0xFF, 0xFF, 0xFF, 0xFF, 0xF8, 0xF8, 
0x3F, 0xFF, 0xFF, 0xF0, 0x2A, 0xA0, 0xAA, 0xAA, 0xAA, 0xAA, 0xAA, 
0x2, 0x2, 0x55, 0x82, 0x80, 0x0, 0x2, 0x55, 0x55, 0x55, 0x55, 
0x55, 0x55, 0x55, 0x55, 0x55, 0x55, 0x55, 0x57, 0xFD, 0xA, 0xAA, 
0xAA, 0xA8, 0x0, 0x2F, 0xFF, 0x55, 0x57, 0xF4, 0x2A, 0x0, 0x0, 
0x57, 0xF8, 0x0, 0x0, 0x0, 0x0, 0x0, 0x0, 0x3F, 0xFF, 0xFF, 
0xFF, 0xFF, 0xFF, 0xFD, 0x58, 0x2F, 0xD5, 0x55, 0x55, 0x55, 0x55, 
0x55, 0x55, 0x5F, 0xD0, 0x0, 0xA, 0xAA, 0xAA, 0x80, 0x0, 0x0, 
0x0, 0x0, 0x0, 0x2, 0xAA, 0xAA, 0xF6, 0xAA, 0x81, 0xFF, 0xFF, 
0xAB, 0xEA, 0xFF, 0xFF, 0xFF, 0xFF, 0xFF, 0xFF, 0xFF, 0xFF, 0xD2, 
0xF4, 0x2F, 0xFF, 0xFF, 0x80, 0xAA, 0x2, 0xAA, 0xAA, 0xAA, 0xAA, 
0xA8, 0xA, 0x2, 0x55, 0x82, 0x80, 0x0, 0x9, 0x55, 0x55, 0x55, 
0x55, 0x55, 0x55, 0x55, 0x55, 0x55, 0x55, 0x55, 0x5F, 0xFE, 0xA, 
0xAA, 0xAA, 0xAA, 0x80, 0xB, 0xFF, 0xD5, 0x57, 0xF4, 0x28, 0x0, 
0x0, 0x55, 0xD8, 0x0, 0x0, 0x0, 0x0, 0x0, 0x20, 0x2F, 0xFF, 
0xFF, 0xFF, 0xFF, 0xFF, 0xF5, 0x58, 0x2F, 0x55, 0x55, 0x55, 0x55, 
0x55, 0x55, 0x55, 0x7F, 0xC0, 0x0, 0x2A, 0xAA, 0xAA, 0x80, 0x0, 
0x0, 0x0, 0x2, 0x0, 0x2, 0xAA, 0xAA, 0xFE, 0xAA, 0xA0, 0x7F, 
0xFF, 0xEA, 0xFE, 0xA7, 0xFF, 0xFF, 0xFF, 0xFF, 0xFF, 0xFF, 0xFF, 
0xE3, 0xFE, 0xBF, 0xFF, 0xF6, 0x2, 0xA8, 0xA, 0xAA, 0xAA, 0xAA, 
0xAA, 0xA8, 0xA, 0x2, 0x68, 0x2, 0x80, 0x2, 0x95, 0x55, 0x55, 
0x55, 0x55, 0x55, 0x55, 0x55, 0x55, 0x55, 0x55, 0x55, 0x5F, 0xFE, 
0xA, 0xAA, 0xAA, 0xAA, 0xA0, 0x0, 0x7F, 0xFD, 0x5F, 0xF8, 0x20, 
0x0, 0x0, 0x95, 0x60, 0x0, 0x0, 0x0, 0x0, 0x0, 0x80, 0xB, 
0xFF, 0xFF, 0xFF, 0xFF, 0xFF, 0xF5, 0x60, 0x25, 0x55, 0x55, 0x55, 
0x55, 0x55, 0x55, 0x55, 0x7F, 0x80, 0x0, 0xAA, 0xAA, 0xAA, 0x0, 
0x0, 0x0, 0x0, 0xA, 0x80, 0x2, 0xAA, 0xA0, 0x7D, 0xAA, 0xA8, 
0x1F, 0xFF, 0xF6, 0x7F, 0xDA, 0x97, 0xFF, 0xFF, 0xFF, 0xFF, 0xFF, 
0xFF, 0xC3, 0xFF, 0xFF, 0xFF, 0xE0, 0x2A, 0xA0, 0x2A, 0xAA, 0xAA, 
0xAA, 0xAA, 0xA8, 0xA, 0x2, 0x0, 0x2, 0x80, 0x15, 0x55, 0x55, 
0x55, 0x55, 0x55, 0x55, 0x55, 0x55, 0x55, 0x55, 0x55, 0x55, 0x5F, 
0xF8, 0xA, 0xAA, 0xAA, 0xAA, 0xAA, 0x0, 0x1F, 0xFD, 0x5F, 0xF0, 
0x20, 0x0, 0x0, 0x95, 0x40, 0x0, 0x0, 0x0, 0x0, 0x0, 0x0, 
0x2, 0xFF, 0xFF, 0xF7, 0xFF, 0xFF, 0xF5, 0x42, 0x55, 0x55, 0x55, 
0x55, 0x55, 0x55, 0x55, 0x55, 0xFF, 0x0, 0x2, 0xAA, 0xAA, 0xA8, 
0x0, 0x2A, 0xA0, 0x0, 0xA, 0x80, 0x0, 0xAA, 0x0, 0x7D, 0xAA, 
0xAA, 0x7, 0xFF, 0xFD, 0x9F, 0xFA, 0x6A, 0xA5, 0xFF, 0xFF, 0xFF, 
0xFF, 0xFA, 0xCB, 0xFF, 0xFF, 0xFD, 0x0, 0xAA, 0x0, 0x2A, 0xAA, 
0xAA, 0xAA, 0xAA, 0xA8, 0xA, 0x0, 0x0, 0x2, 0xA0, 0x15, 0x55, 
0x55, 0x55, 0x55, 0x55, 0x55, 0x55, 0x55, 0x55, 0x55, 0x55, 0x55, 
0x5F, 0xF8, 0xA, 0xAA, 0xAA, 0xAA, 0xAA, 0xA0, 0xB, 0xFF, 0x5F, 
0xD0, 0x80, 0x0, 0x0, 0x15, 0x80, 0x0, 0x0, 0x0, 0x0, 0x0, 
0x0, 0x0, 0xBF, 0xFF, 0xFF, 0xFF, 0xFF, 0xF5, 0x81, 0xF5, 0x55, 
0x55, 0x55, 0x55, 0x55, 0x55, 0x55, 0xFF, 0x0, 0xA, 0xAA, 0xAA, 
0xA0, 0x2, 0xAA, 0xAA, 0xA8, 0x2A, 0x80, 0x0, 0xA, 0x0, 0xFD, 
0xAA, 0xAA, 0x81, 0xFF, 0xFF, 0xA7, 0x6F, 0xDB, 0xDA, 0xAA, 0x7F, 
0xFF, 0xFF, 0xDA, 0x8F, 0xFF, 0xFF, 0xE0, 0xA, 0x0, 0x0, 0x2A, 
0xAA, 0xAA, 0xAA, 0xAA, 0xA0, 0x2, 0x0, 0x0, 0x2, 0xA0, 0x15, 
0x55, 0x55, 0x55, 0x55, 0x55, 0x55, 0x55, 0x55, 0x55, 0x55, 0x55, 
0x55, 0x5F, 0xF8, 0xA, 0xAA, 0xAA, 0xAA, 0xAA, 0xA8, 0x2, 0xFF, 
0xFF, 0xE0, 0x80, 0x0, 0x0, 0x25, 0x80, 0x0, 0x0, 0x0, 0x0, 
0x0, 0x0, 0x0, 0x1F, 0xFF, 0xFF, 0xFF, 0xFF, 0xD5, 0x3, 0xD5, 
0x55, 0x55, 0x55, 0x55, 0x55, 0x55, 0x55, 0xFD, 0x0, 0xA2, 0xAA, 
0xAA, 0xA0, 0xA, 0xAA, 0xAA, 0xAA, 0xAA, 0xA0, 0x0, 0x0, 0x1, 
0xFA, 0xAA, 0xAA, 0xA0, 0xBF, 0xFF, 0xEA, 0xBF, 0xF6, 0xFF, 0xFD, 
0xAA, 0x9F, 0xFF, 0x6A, 0x8F, 0xFF, 0xE0, 0x0, 0x80, 0x0, 0x20, 
0xAA, 0xAA, 0xAA, 0xAA, 0xAA, 0xA0, 0x2, 0x2, 0xAA, 0x82, 0xA0, 
0x15, 0x55, 0x55, 0x55, 0x55, 0x55, 0x55, 0x55, 0x55, 0x55, 0x55, 
0x55, 0x55, 0x5F, 0xF8, 0xA, 0xAA, 0xAA, 0xAA, 0xAA, 0xA8, 0x2, 
0xFF, 0xFF, 0x40, 0x0, 0x0, 0x0, 0x25, 0x80, 0x0, 0x20, 0x0, 
0x0, 0x0, 0x0, 0x0, 0xB, 0xFF, 0xFF, 0xFF, 0xFF, 0xD5, 0xB, 
0xD5, 0x55, 0x55, 0x55, 0x55, 0x55, 0x55, 0x57, 0xFC, 0x0, 0x80, 
0x0, 0x2, 0x80, 0x2A, 0xAA, 0xAA, 0xAA, 0xA0, 0x0, 0x0, 0x0, 
0x2, 0xFA, 0xAA, 0xAA, 0xA8, 0x2F, 0xFF, 0xFA, 0xBF, 0xFD, 0xBF, 
0xFF, 0xF6, 0xAA, 0xAA, 0x9A, 0x8F, 0x60, 0x0, 0x0, 0x0, 0x0, 
0x80, 0xAA, 0xAA, 0xAA, 0xAA, 0xAA, 0xA0, 0x2, 0x0, 0x25, 0x82, 
0xA0, 0x15, 0x55, 0x55, 0x55, 0x55, 0x55, 0x55, 0x55, 0x55, 0x55, 
0x55, 0x55, 0x55, 0x5F, 0xF8, 0xA, 0xAA, 0xAA, 0xAA, 0xAA, 0xA0, 
0x3, 0xFF, 0xFD, 0x80, 0x0, 0x0, 0x0, 0x5, 0x0, 0x2, 0x7F, 
0xFD, 0x58, 0x0, 0x0, 0x0, 0x1, 0xFF, 0xFF, 0xFF, 0xFF, 0x54, 
0x7, 0xD5, 0x55, 0x55, 0x55, 0x55, 0x55, 0x55, 0x57, 0xFC, 0x0, 
0x80, 0x0, 0x2, 0x0, 0xAA, 0xAA, 0xAA, 0xAA, 0x0, 0x0, 0x0, 
0x0, 0x0, 0x7A, 0xAA, 0xAA, 0xAA, 0xB, 0xFF, 0xF6, 0xAA, 0x7F, 
0x67, 0xFF, 0xE9, 0xA7, 0xDF, 0xF1, 0x2D, 0x80, 0x0, 0x0, 0x0, 
0x0, 0x80, 0xAA, 0xAA, 0xAA, 0xAA, 0xAA, 0x80, 0x2, 0x0, 0x6, 
0x2, 0xA0, 0x25, 0x55, 0x55, 0x55, 0x55, 0x55, 0x55, 0x55, 0x55, 
0x55, 0x55, 0x55, 0x55, 0x57, 0xF4, 0xA, 0xAA, 0xAA, 0xAA, 0xAA, 
0xA0, 0x7, 0xFF, 0xF4, 0x0, 0x0, 0x0, 0x0, 0x9, 0x0, 0x3, 
0xFF, 0xFF, 0xFF, 0x80, 0x0, 0x0, 0x0, 0x7F, 0xFF, 0xFF, 0xFF, 
0x54, 0xF, 0xD5, 0x55, 0x55, 0x55, 0x55, 0x55, 0x55, 0x57, 0xF4, 
0x0, 0xA0, 0x0, 0x0, 0x0, 0x2A, 0xAA, 0xAA, 0xAA, 0x0, 0x0, 
0x0, 0x0, 0x0, 0xFE, 0xAA, 0xAA, 0x2, 0x82, 0x7F, 0xFF, 0xF6, 
0xAF, 0xFA, 0xFD, 0xAF, 0xEA, 0xFF, 0x6B, 0x2F, 0xD8, 0x2, 0xA0, 
0x0, 0x2, 0x2, 0xAA, 0xAA, 0xAA, 0xAA, 0xAA, 0x80, 0x2, 0x0, 
0x8, 0x2, 0xA0, 0x15, 0x55, 0x55, 0x55, 0x55, 0x55, 0x55, 0x55, 
0x55, 0x55, 0x55, 0x55, 0x55, 0x57, 0xF4, 0xA, 0xAA, 0xAA, 0xAA, 
0xAA, 0xA0, 0x2F, 0xFD, 0xA0, 0x0, 0x0, 0x0, 0x0, 0x1, 0x0, 
0x3, 0xFF, 0xFF, 0xFF, 0xE0, 0x0, 0x0, 0x0, 0xBF, 0xFF, 0xFF, 
0xFD, 0x58, 0x2F, 0x55, 0x55, 0x55, 0x55, 0x55, 0x55, 0x55, 0x5F, 
0xF0, 0x20, 0x0, 0x0, 0x0, 0x0, 0x0, 0xA, 0xAA, 0xA8, 0x0, 
0x2A, 0x80, 0x0, 0x0, 0xBD, 0xAA, 0xAA, 0x2, 0xA0, 0x1F, 0xFF, 
0xFF, 0x60, 0xA6, 0xBA, 0x7F, 0xFA, 0x9E, 0x2F, 0x2F, 0xFF, 0xFE, 
0x0, 0x0, 0x0, 0x2, 0xAA, 0xAA, 0xAA, 0xAA, 0xAA, 0x80, 0x0, 
0x0, 0x0, 0xA, 0xA0, 0x15, 0x55, 0x55, 0x55, 0x55, 0x55, 0x55, 
0x55, 0x55, 0x55, 0x55, 0x55, 0x55, 0x57, 0xF4, 0xA, 0xAA, 0xAA, 
0xAA, 0xAA, 0x80, 0x1F, 0xD0, 0x0, 0x0, 0x0, 0x0, 0x0, 0x2, 
0x0, 0xB, 0xFF, 0xFF, 0xFF, 0xF0, 0x0, 0x0, 0x0, 0x2F, 0xFF, 
0xFF, 0xFD, 0x50, 0x3F, 0x55, 0x55, 0x55, 0x55, 0x55, 0x55, 0x55, 
0x5F, 0xD0, 0x0, 0x80, 0x0, 0x0, 0x0, 0x0, 0x0, 0x2A, 0xA0, 
0x0, 0xAA, 0xAA, 0x0, 0x0, 0x1F, 0xAA, 0xAA, 0x2, 0xA8, 0x7, 
0xFF, 0xFF, 0xFD, 0xA0, 0x1, 0x55, 0x56, 0x82, 0x7F, 0xF, 0xFF, 
0x60, 0x0, 0x0, 0x0, 0xA, 0xAA, 0xAA, 0xAA, 0xAA, 0xAA, 0x0, 
0x0, 0x0, 0x2, 0xAA, 0xA8, 0x15, 0x55, 0x55, 0x55, 0x55, 0x55, 
0x55, 0x55, 0x55, 0x55, 0x55, 0x55, 0x55, 0x57, 0xFC, 0xA, 0xAA, 
0xAA, 0xAA, 0xAA, 0x80, 0xBF, 0xC0, 0x0, 0x0, 0x0, 0x0, 0x0, 
0x0, 0x0, 0xF, 0xFF, 0xFF, 0xFF, 0xFE, 0x0, 0x0, 0x0, 0x7, 
0xF7, 0xFF, 0xF5, 0x60, 0xBD, 0x55, 0x55, 0x55, 0x55, 0x55, 0x55, 
0x55, 0x5F, 0xE0, 0x0, 0x0, 0x0, 0x0, 0x0, 0x0, 0x0, 0xA, 
0x80, 0xA, 0xAA, 0xAA, 0x80, 0x80, 0xF, 0x6A, 0xAA, 0x0, 0xAA, 
0x1, 0xFF, 0xFF, 0xFF, 0xFF, 0x6A, 0xAA, 0x2A, 0x9F, 0xFF, 0xF, 
0xF6, 0x0, 0x0, 0x0, 0x0, 0xA, 0xAA, 0xAA, 0xAA, 0xAA, 0xAA, 
0x0, 0x0, 0x0, 0x2, 0xA8, 0x0, 0x95, 0x55, 0x55, 0x55, 0x55, 
0x55, 0x55, 0x55, 0x55, 0x55, 0x55, 0x55, 0x55, 0x57, 0xFC, 0xA, 
0xAA, 0xAA, 0xAA, 0xAA, 0x0, 0xFF, 0x80, 0x0, 0x0, 0x0, 0x0, 
0x0, 0x0, 0x0, 0x2F, 0xFF, 0xFF, 0xFF, 0xFF, 0x80, 0x0, 0x0, 
0x3, 0xD7, 0xFF, 0xF5, 0x40, 0x7D, 0x55, 0x55, 0x55, 0x55, 0x55, 
0x55, 0x55, 0x7F, 0x40, 0x0, 0x0, 0x0, 0x0, 0x0, 0x0, 0x0, 
0x28, 0x0, 0x2A, 0xAA, 0xAA, 0x80, 0xA0, 0x7, 0xEA, 0xAA, 0x0, 
0xAA, 0x80, 0xBF, 0xFF, 0xFF, 0xFF, 0xFF, 0xFF, 0xFF, 0xFF, 0xFF, 
0x8D, 0x80, 0x0, 0x0, 0x0, 0x0, 0x2A, 0xAA, 0xAA, 0xAA, 0xAA, 
0xAA, 0x0, 0x2, 0x2, 0x0, 0x0, 0x0, 0x55, 0x55, 0x55, 0x55, 
0x55, 0x55, 0x55, 0x55, 0x55, 0x55, 0x55, 0x55, 0x55, 0x57, 0xFC, 
0xA, 0xAA, 0xAA, 0xAA, 0xAA, 0x1, 0xFD, 0x0, 0xA0, 0x0, 0x0, 
0x0, 0x0, 0x0, 0x0, 0x1F, 0xFF, 0xFF, 0xFF, 0xFF, 0xC0, 0x0, 
0x0, 0x0, 0xF5, 0xFF, 0xF5, 0x82, 0xFD, 0x55, 0x55, 0x55, 0x55, 
0x55, 0x55, 0x55, 0xFF, 0x80, 0xA0, 0x0, 0x0, 0x0, 0x0, 0x0, 
0x0, 0x0, 0x0, 0xAA, 0xAA, 0xAA, 0xA2, 0x80, 0x3, 0xFA, 0xA8, 
0x0, 0x2A, 0xA0, 0x7, 0xFF, 0xFF, 0xFF, 0xFF, 0xFF, 0xFF, 0xFF, 
0xFD, 0x40, 0x0, 0x0, 0x0, 0x0, 0x0, 0x2A, 0xAA, 0xAA, 0xAA, 
0xAA, 0xA8, 0xA, 0x0, 0x2, 0x80, 0x0, 0x2, 0x55, 0x55, 0x55, 
0x55, 0x55, 0x55, 0x55, 0x55, 0x55, 0x55, 0x55, 0x55, 0x55, 0x57, 
0xFC, 0xA, 0xAA, 0xAA, 0xAA, 0xA8, 0xB, 0xFC, 0xA, 0xA0, 0x0, 
0x0, 0x0, 0x0, 0x0, 0x0, 0x3F, 0xFF, 0xFF, 0xFF, 0xFF, 0xF0, 
0x0, 0x0, 0x0, 0xB5, 0xFF, 0xD5, 0x1, 0xF5, 0x55, 0x55, 0x55, 
0x55, 0x55, 0x55, 0x55, 0xFE, 0x2, 0xA8, 0x0, 0x0, 0x0, 0x2A, 
0x80, 0x0, 0x0, 0x0, 0x2A, 0xAA, 0xAA, 0xAA, 0x80, 0x2, 0xF6, 
0xA8, 0x18, 0x2A, 0xA8, 0x2, 0xFF, 0xFF, 0xFF, 0xFF, 0xFF, 0x5F, 
0xFD, 0x80, 0x0, 0x0, 0x0, 0x0, 0x0, 0x0, 0xAA, 0xAA, 0xAA, 
0xAA, 0xAA, 0xA8, 0x5, 0x0, 0x2, 0x40, 0x2, 0x89, 0x55, 0x55, 
0x55, 0x55, 0x55, 0x55, 0x55, 0x55, 0x55, 0x55, 0x55, 0x55, 0x55, 
0x57, 0xFC, 0xA, 0xAA, 0xAA, 0xAA, 0xA0, 0xF, 0xF8, 0x2A, 0x80, 
0x0, 0x0, 0x0, 0x0, 0x0, 0x0, 0xBF, 0xFF, 0xFF, 0xFF, 0xFF, 
0xF4, 0x0, 0x2, 0x80, 0x1D, 0x7F, 0xD6, 0xB, 0xF5, 0x55, 0x55, 
0x55, 0x55, 0x55, 0x55, 0x57, 0xF4, 0x2, 0xA0, 0x0, 0x0, 0x0, 
0xA, 0xAA, 0x0, 0x0, 0x0, 0x0, 0x2A, 0xAA, 0xAA, 0x2, 0x80, 
0x7E, 0xA8, 0xBC, 0xA, 0xAA, 0x0, 0xBF, 0xFF, 0xFF, 0xFF, 0x55, 
0x5A, 0x80, 0x0, 0x0, 0x0, 0x0, 0x0, 0x2, 0x2, 0xAA, 0xAA, 
0xAA, 0xAA, 0xAA, 0xA0, 0x5, 0x0, 0x0, 0x60, 0x95, 0x55, 0x55, 
0x55, 0x55, 0x55, 0x55, 0x55, 0x55, 0x55, 0x55, 0x55, 0x55, 0x55, 
0x55, 0x57, 0xFE, 0xA, 0xAA, 0xAA, 0xAA, 0xA0, 0x3F, 0xD0, 0x2A, 
0x80, 0x0, 0x0, 0x0, 0x0, 0x0, 0x0, 0xFF, 0xFF, 0xFF, 0xFF, 
0xFF, 0xFD, 0x0, 0x2, 0x80, 0x5, 0x5F, 0x54, 0x7, 0xD5, 0x55, 
0x55, 0x55, 0x55, 0x55, 0x55, 0x5F, 0xF0, 0x2A, 0xA8, 0x0, 0x0, 
0x0, 0x2A, 0xAA, 0x82, 0xA0, 0x0, 0x0, 0xA, 0xAA, 0xA8, 0x2, 
0xA0, 0x3F, 0xA8, 0xBE, 0x0, 0x0, 0x0, 0x7, 0xFF, 0xFF, 0xD6, 
0xA8, 0x0, 0x0, 0x0, 0x0, 0x0, 0x0, 0x0, 0x8, 0x2, 0xAA, 
0xAA, 0xAA, 0xAA, 0xAA, 0xA0, 0x25, 0x0, 0x0, 0x5A, 0x55, 0x55, 
0x55, 0x55, 0x55, 0x55, 0x55, 0x55, 0x55, 0x55, 0x55, 0x55, 0x55, 
0x55, 0x55, 0x57, 0xFE, 0xA, 0xAA, 0xAA, 0xAA, 0xA0, 0x3F, 0xC0, 
0xAA, 0x80, 0x0, 0x0, 0x0, 0x0, 0x0, 0x2, 0xFF, 0xFF, 0xFF, 
0xFF, 0xFF, 0xFF, 0x80, 0x2, 0x80, 0xB, 0x55, 0x58, 0x2F, 0xD5, 
0x55, 0x55, 0x55, 0x55, 0x55, 0x55, 0x5F, 0xE0, 0xAA, 0xA8, 0x0, 
0x0, 0x0, 0x2, 0xAA, 0x80, 0x0, 0x0, 0x0, 0xA, 0xAA, 0xA8, 
0xA, 0xA0, 0x2F, 0x80, 0xBF, 0x0, 0xAA, 0x96, 0x2, 0xAA, 0xA0, 
0x0, 0x0, 0xAA, 0xAA, 0x7D, 0x0, 0x20, 0x0, 0x0, 0x24, 0xA, 
0xAA, 0xAA, 0xAA, 0xAA, 0xAA, 0x80, 0x15, 0x40, 0x0, 0x95, 0x55, 
0x55, 0x55, 0x55, 0x55, 0x55, 0x55, 0x55, 0x55, 0x55, 0x55, 0x55, 
0x55, 0x55, 0x55, 0x57, 0xFE, 0xA, 0xAA, 0xAA, 0xAA, 0xA0, 0x2F, 
0x80, 0xAA, 0x80, 0x0, 0x0, 0x0, 0x0, 0x20, 0x1, 0xFF, 0xFF, 
0xFF, 0xFF, 0xFF, 0xFF, 0xC0, 0xA, 0x80, 0x2, 0x55, 0x50, 0x1F, 
0x55, 0x55, 0x55, 0x55, 0x55, 0x55, 0x55, 0x5F, 0x42, 0xAA, 0xA0, 
0x0, 0x0, 0x0, 0x0, 0x2A, 0x0, 0x0, 0x0, 0x0, 0x2A, 0xAA, 
0xA8, 0xA, 0xA8, 0xF, 0x40, 0xBF, 0xEB, 0xFF, 0xFF, 0x40, 0x0, 
0x0, 0xA9, 0xFF, 0xFF, 0xFF, 0xFF, 0x80, 0x0, 0x0, 0x0, 0x90, 
0x2A, 0xAA, 0xAA, 0xAA, 0xAA, 0xAA, 0x80, 0x95, 0x60, 0x0, 0x15, 
0x55, 0x55, 0x55, 0x55, 0x55, 0x55, 0x55, 0x55, 0x55, 0x55, 0x55, 
0x55, 0x55, 0x55, 0x55, 0x57, 0xFE, 0xA, 0xAA, 0xAA, 0xAA, 0xA0, 
0xA, 0x2, 0xAA, 0x80, 0x0, 0x0, 0x0, 0x0, 0x28, 0x3, 0xFF, 
0xFF, 0xFF, 0xFF, 0xFF, 0xFF, 0xF0, 0xA, 0x0, 0x0, 0xD5, 0x50, 
0xBF, 0x55, 0x55, 0x55, 0x55, 0x55, 0x55, 0x55, 0x55, 0x40, 0xAA, 
0xA0, 0x0, 0x0, 0x0, 0x0, 0x0, 0x0, 0x0, 0x0, 0x0, 0x2A, 
0xAA, 0xA8, 0xA, 0xA8, 0xB, 0xEA, 0x7F, 0xFF, 0xFF, 0xFF, 0xF8, 
0x2, 0xBF, 0xFF, 0xFF, 0xFF, 0xFF, 0xFF, 0xE0, 0x0, 0x0, 0x9, 
0x60, 0x2A, 0xAA, 0xAA, 0xAA, 0xAA, 0xAA, 0x0, 0x55, 0x50, 0x0, 
0x25, 0x55, 0x55, 0x55, 0x55, 0x55, 0x55, 0x55, 0x55, 0x55, 0x55, 
0x55, 0x55, 0x55, 0x55, 0x55, 0x57, 0xFE, 0xA, 0xAA, 0xAA, 0xAA, 
0x80, 0x0, 0x0, 0x2A, 0x0, 0x0, 0x0, 0x0, 0x0, 0x2A, 0xB, 
0xFF, 0xFF, 0xFF, 0xFF, 0xFF, 0xFF, 0xFC, 0x8, 0x0, 0x0, 0x95, 
0x40, 0xBD, 0x55, 0x55, 0x55, 0x55, 0x55, 0x55, 0x55, 0x55, 0x60, 
0x2A, 0xA0, 0x0, 0x0, 0x0, 0x0, 0x0, 0x0, 0x0, 0x0, 0x0, 
0x2A, 0xAA, 0xA8, 0xA, 0xAA, 0x3, 0xFF, 0xFF, 0xFF, 0xFF, 0xFF, 
0xFF, 0xFF, 0xFF, 0xFF, 0xFF, 0xD5, 0x55, 0x57, 0xF0, 0x0, 0x0, 
0x15, 0x40, 0xAA, 0xAA, 0xAA, 0xAA, 0xAA, 0xA8, 0x2, 0x55, 0x54, 
0x0, 0x5, 0x55, 0x55, 0x55, 0x55, 0x55, 0x55, 0x55, 0x55, 0x55, 
0x55, 0x55, 0x55, 0x55, 0x55, 0x55, 0x57, 0xFC, 0xA, 0xAA, 0xAA, 
0xAA, 0x80, 0x0, 0x0, 0xA, 0x80, 0x0, 0x0, 0x0, 0x0, 0x0, 
0x7, 0xFF, 0xFF, 0xFF, 0xFF, 0xFF, 0xFF, 0xFD, 0x0, 0x0, 0x0, 
0x15, 0x40, 0xFD, 0x55, 0x55, 0x55, 0x55, 0x55, 0x55, 0x55, 0x55, 
0x50, 0xA, 0xA0, 0x0, 0x0, 0x0, 0x0, 0x0, 0x0, 0x0, 0x2A, 
0x0, 0x2, 0xAA, 0xA0, 0x2A, 0xAA, 0x3, 0xFF, 0xFF, 0xF5, 0x55, 
0x55, 0x7F, 0xFF, 0xFF, 0xF5, 0x55, 0xFF, 0xFF, 0xF7, 0xF4, 0x0, 
0x0, 0x55, 0x82, 0xAA, 0xAA, 0xAA, 0xAA, 0xAA, 0xA8, 0x9, 0x55, 
0x56, 0x0, 0x9, 0x55, 0x55, 0x55, 0x55, 0x55, 0x55, 0x55, 0x55, 
0x55, 0x55, 0x55, 0x55, 0x55, 0x55, 0x55, 0x57, 0xFC, 0xA, 0xAA, 
0xAA, 0xAA, 0x80, 0xA, 0x80, 0x0, 0xA0, 0x0, 0x0, 0x0, 0x0, 
0x2, 0xF, 0xFF, 0xFF, 0xFF, 0xFF, 0xFF, 0xFF, 0xFF, 0x40, 0x0, 
0x0, 0x0, 0x2, 0xFD, 0x55, 0x55, 0x55, 0x55, 0x55, 0x55, 0x55, 
0x55, 0x54, 0xA, 0x80, 0x0, 0x0, 0x0, 0x0, 0x0, 0x0, 0x0, 
0xAA, 0x80, 0x0, 0xAA, 0x80, 0x2A, 0xAA, 0x0, 0x95, 0x7F, 0xFF, 
0xFF, 0xD5, 0x5F, 0xFF, 0xD5, 0x7F, 0xFF, 0xFF, 0xFF, 0xF5, 0xFE, 
0x0, 0x1, 0x56, 0x2, 0xAA, 0xAA, 0xAA, 0xAA, 0xAA, 0xA0, 0x5, 
0x55, 0x56, 0x80, 0x2, 0x55, 0x55, 0x55, 0x55, 0x55, 0x55, 0x55, 
0x55, 0x55, 0x55, 0x55, 0x55, 0x55, 0x55, 0x55, 0x57, 0xFC, 0xA, 
0xAA, 0xAA, 0xAA, 0x80, 0xA, 0xA8, 0x0, 0x28, 0x0, 0x0, 0x0, 
0x0, 0x9, 0x2F, 0xFF, 0xFF, 0xFF, 0xFF, 0xFF, 0xFF, 0xFF, 0xE0, 
0x20, 0x2, 0x0, 0x2, 0xFF, 0x57, 0xF5, 0x55, 0x55, 0x55, 0x55, 
0x55, 0x55, 0x56, 0x2, 0x80, 0x0, 0x0, 0x0, 0x0, 0x0, 0x0, 
0x0, 0x2A, 0x0, 0x0, 0x28, 0x0, 0xA2, 0xAA, 0x0, 0xBF, 0xFF, 
0xFF, 0xFF, 0xF5, 0x55, 0x55, 0x7F, 0xFF, 0xFD, 0x55, 0x5F, 0xD5, 
0xFD, 0x80, 0x25, 0x58, 0xA, 0xAA, 0xAA, 0xAA, 0xAA, 0xAA, 0xA0, 
0x25, 0x55, 0x55, 0xA8, 0x2, 0x55, 0x55, 0x55, 0x55, 0x55, 0x55, 
0x55, 0x55, 0x55, 0x55, 0x55, 0x55, 0x55, 0x55, 0x55, 0x57, 0xFC, 
0xA, 0xAA, 0xAA, 0xAA, 0xA0, 0xA, 0xAA, 0x0, 0x2, 0x80, 0x0, 
0x0, 0x0, 0x1F, 0x2F, 0xFF, 0xFF, 0xFF, 0xFF, 0xFF, 0xFF, 0xFF, 
0xF0, 0x8, 0x7, 0x80, 0x0, 0xFF, 0xFF, 0xFD, 0x55, 0x55, 0x55, 
0x55, 0x55, 0x57, 0xD4, 0x0, 0x0, 0x0, 0x0, 0x0, 0x0, 0x0, 
0x0, 0x0, 0x0, 0x0, 0x0, 0x0, 0x0, 0xA2, 0xA8, 0x0, 0x7F, 
0xFF, 0xFF, 0x7F, 0xD5, 0x55, 0x55, 0xFF, 0xD5, 0x55, 0x55, 0x57, 
0xD5, 0x7F, 0x40, 0x25, 0x60, 0xA, 0xAA, 0xAA, 0xAA, 0xAA, 0xAA, 
0x80, 0x15, 0x55, 0x55, 0xA6, 0x1, 0x55, 0x55, 0x55, 0x55, 0x55, 
0x55, 0x55, 0x55, 0x55, 0x55, 0x55, 0x55, 0x55, 0x55, 0x55, 0x57, 
0xFC, 0xA, 0xAA, 0xAA, 0xAA, 0xA8, 0x2, 0xAA, 0x80, 0x0, 0xA8, 
0x0, 0x0, 0x2, 0x7F, 0xF, 0xFF, 0xFF, 0xFF, 0xFF, 0xFF, 0xFF, 
0xFF, 0xF4, 0x0, 0xBF, 0xD5, 0x58, 0xBF, 0xFF, 0xFF, 0x55, 0x55, 
0x55, 0x55, 0x55, 0x57, 0xD4, 0x0, 0x0, 0x0, 0x0, 0x0, 0x0, 
0x0, 0x0, 0x0, 0x0, 0x0, 0x0, 0x0, 0x0, 0xA, 0xA0, 0x1, 
0x7F, 0x55, 0x55, 0x55, 0x55, 0x55, 0x55, 0x55, 0x55, 0x55, 0x55, 
0x57, 0xD5, 0x7F, 0xE0, 0x5, 0x60, 0x2A, 0xAA, 0xAA, 0xAA, 0xAA, 
0xAA, 0x0, 0x55, 0x55, 0x55, 0x65, 0x65, 0x55, 0x55, 0x55, 0x55, 
0x55, 0x55, 0x55, 0x55, 0x55, 0x55, 0x55, 0x55, 0x55, 0x55, 0x55, 
0x5F, 0xFC, 0xA, 0xAA, 0xAA, 0xAA, 0xAA, 0x0, 0x2A, 0xA8, 0x0, 
0xAA, 0x0, 0x0, 0xB, 0xFF, 0xF, 0xFF, 0xFF, 0xFF, 0xFF, 0xFF, 
0xFF, 0xFF, 0xFD, 0x2, 0xFF, 0xFD, 0x54, 0x1D, 0xA2, 0x9F, 0xD5, 
0x55, 0x55, 0x55, 0x55, 0x57, 0xD8, 0x8, 0x0, 0x0, 0x0, 0x0, 
0x0, 0x0, 0x0, 0x0, 0x0, 0x0, 0x0, 0x0, 0x0, 0xA, 0x80, 
0x9, 0x55, 0x55, 0x55, 0x55, 0x55, 0x55, 0x55, 0x55, 0x55, 0x55, 
0x55, 0x55, 0xF5, 0x5F, 0xD8, 0x9, 0x40, 0xAA, 0xAA, 0xAA, 0xAA, 
0xAA, 0xA8, 0x2, 0x55, 0x55, 0x55, 0x55, 0x55, 0x55, 0x55, 0x55, 
0x55, 0x55, 0x55, 0x55, 0x55, 0x55, 0x55, 0x55, 0x55, 0x55, 0x55, 
0x55, 0x57, 0xFC, 0xA, 0xAA, 0xAA, 0xAA, 0xAA, 0x0, 0xA, 0xAA, 
0x0, 0xA, 0x80, 0x0, 0xF, 0xFF, 0xF, 0xFF, 0xFF, 0xFF, 0xFF, 
0xFF, 0xFF, 0xFF, 0xFF, 0x6B, 0xFF, 0xFF, 0xD6, 0x8, 0x0, 0x7, 
0xF5, 0x55, 0x55, 0x55, 0x55, 0x57, 0xD8, 0x8, 0x0, 0x0, 0x0, 
0x0, 0x0, 0x0, 0x0, 0x0, 0x0, 0x0, 0x0, 0x0, 0x0, 0xA, 
0x80, 0x25, 0x55, 0x55, 0x55, 0x55, 0x55, 0x55, 0x55, 0x55, 0x55, 
0x55, 0x55, 0x55, 0xF5, 0x5F, 0xF4, 0x1, 0x0, 0xAA, 0xAA, 0xAA, 
0xAA, 0xAA, 0xA0, 0x9, 0x7F, 0x55, 0x55, 0x55, 0x55, 0x55, 0x55, 
0x55, 0x55, 0x55, 0x55, 0x55, 0x55, 0x55, 0x55, 0x55, 0x55, 0x55, 
0x55, 0x55, 0x57, 0xFC, 0xA, 0xAA, 0xAA, 0xAA, 0xAA, 0x0, 0x2, 
0xAA, 0xA0, 0x2, 0xA0, 0x0, 0x1F, 0xFF, 0xF, 0xFF, 0xFF, 0xFF, 
0xFF, 0xFF, 0xFF, 0xFF, 0xFF, 0xFF, 0xFF, 0xFF, 0xD5, 0x80, 0xA8, 
0x1, 0xFD, 0x55, 0x55, 0x55, 0x55, 0x57, 0xD8, 0x8, 0x0, 0x0, 
0x0, 0x0, 0x0, 0x0, 0x0, 0x0, 0x0, 0x0, 0x0, 0x0, 0x0, 
0x2, 0x0, 0x15, 0x55, 0x55, 0x55, 0x55, 0x55, 0x55, 0x55, 0x55, 
0x55, 0x55, 0x55, 0x55, 0xF5, 0x57, 0xF6, 0x0, 0x2, 0xAA, 0xAA, 
0xAA, 0xAA, 0xAA, 0x80, 0xA, 0xFF, 0xFF, 0x55, 0x55, 0x55, 0x55, 
0x55, 0x55, 0x55, 0x55, 0x55, 0x55, 0x55, 0x55, 0x55, 0x55, 0x55, 
0x55, 0x55, 0x55, 0x5F, 0xF4, 0xA, 0xAA, 0xAA, 0xAA, 0xAA, 0x0, 
0x0, 0x2A, 0xA0, 0x0, 0xA8, 0x0, 0x3F, 0xFD, 0x2F, 0xFF, 0xFF, 
0xFF, 0xFF, 0xFF, 0xFF, 0xFF, 0xFF, 0xFF, 0xFF, 0xFF, 0xF5, 0x60, 
0xBD, 0x40, 0xBF, 0xD5, 0x55, 0x55, 0x55, 0x57, 0xD8, 0xA, 0x0, 
0x0, 0x0, 0x0, 0x0, 0x0, 0x0, 0x0, 0x0, 0x0, 0x0, 0x0, 
0x0, 0x2, 0x0, 0x95, 0x55, 0x55, 0x55, 0x55, 0x55, 0x55, 0x55, 
0x55, 0x55, 0x55, 0x55, 0x55, 0x7D, 0x57, 0xFD, 0x0, 0xA, 0xAA, 
0xAA, 0xAA, 0xAA, 0xA8, 0x0, 0x0, 0x7F, 0xFF, 0xF5, 0x55, 0x55, 
0x55, 0x55, 0x55, 0x55, 0x55, 0x55, 0x55, 0x55, 0x55, 0x55, 0x55, 
0x55, 0x55, 0x55, 0x55, 0x5F, 0xF8, 0x2A, 0xAA, 0xAA, 0xAA, 0xAA, 
0x2, 0x0, 0x2, 0xAA, 0x0, 0x2A, 0x0, 0x7F, 0xFC, 0x1F, 0xFF, 
0xFF, 0xFF, 0xFF, 0xFF, 0xFF, 0xFF, 0xFF, 0xFF, 0xFF, 0xFF, 0xFD, 
0x58, 0x2F, 0xD0, 0x2F, 0xF5, 0x55, 0x55, 0x55, 0x57, 0xD8, 0xA, 
0x0, 0x0, 0x0, 0x0, 0x0, 0x0, 0x0, 0x0, 0x0, 0x0, 0x0, 
0x0, 0x0, 0x0, 0x2, 0x55, 0x55, 0x55, 0x55, 0x55, 0x55, 0x55, 
0x55, 0x55, 0x55, 0x55, 0x55, 0x55, 0x55, 0x57, 0xFD, 0x0, 0x2A, 
0xAA, 0xAA, 0xAA, 0xAA, 0xA0, 0x0, 0x0, 0x2, 0xFF, 0xFF, 0xD5, 
0x55, 0x55, 0x55, 0x55, 0x55, 0x55, 0x55, 0x55, 0x55, 0x55, 0x55, 
0x55, 0x55, 0x55, 0x55, 0x55, 0x5F, 0xF0, 0x2A, 0xAA, 0xAA, 0xAA, 
0xAA, 0x80, 0x0, 0x0, 0xAA, 0x80, 0x2A, 0x2, 0xFF, 0xF4, 0x3F, 
0xFF, 0xFF, 0xFF, 0xFF, 0xFF, 0xFF, 0xFF, 0xFF, 0xFF, 0xFF, 0xFF, 
0xFD, 0x54, 0x7, 0xF4, 0xB, 0xFD, 0x55, 0x55, 0x55, 0x57, 0xD0, 
0x2A, 0x0, 0x0, 0x0, 0x0, 0x0, 0x0, 0x0, 0x0, 0x0, 0x0, 
0x0, 0x0, 0x0, 0x0, 0x2, 0x55, 0x55, 0x55, 0x55, 0x55, 0x55, 
0x55, 0x55, 0x55, 0x55, 0x55, 0x55, 0x55, 0x55, 0x5F, 0xFD, 0x80, 
0xAA, 0xAA, 0xAA, 0xAA, 0xAA, 0x80, 0x0, 0x0, 0x0, 0x9, 0xFF, 
0xFD, 0x55, 0x55, 0x55, 0x55, 0x55, 0x55, 0x55, 0x55, 0x55, 0x55, 
0x55, 0x55, 0x55, 0x55, 0x55, 0x55, 0x5F, 0xF0, 0x2A, 0xAA, 0xAA, 
0xAA, 0xAA, 0x82, 0x0, 0x0, 0xA, 0xA0, 0x0, 0x3, 0xFF, 0xF4, 
0xBF, 0xFF, 0xFF, 0xF7, 0xFF, 0xFF, 0xFF, 0xFF, 0xFF, 0xFF, 0xFF, 
0xFF, 0xFF, 0x55, 0x1, 0xFD, 0x2, 0xFF, 0xD5, 0x55, 0x55, 0x57, 
0xD0, 0x2A, 0x80, 0x0, 0x0, 0x0, 0x0, 0x0, 0x0, 0x0, 0x0, 
0x0, 0x0, 0x0, 0x0, 0x0, 0x2, 0x55, 0x55, 0x55, 0x55, 0x55, 
0x55, 0x55, 0x55, 0x55, 0x55, 0x55, 0x55, 0x55, 0xF5, 0x5F, 0xFE, 
0x2, 0xAA, 0xAA, 0xAA, 0xAA, 0xAA, 0x0, 0x4, 0x0, 0x0, 0x0, 
0x2F, 0xFF, 0xD5, 0x55, 0x55, 0x55, 0x55, 0x55, 0x55, 0x55, 0x55, 
0x55, 0x55, 0x55, 0x55, 0x55, 0x55, 0x55, 0x5F, 0xD0, 0x2A, 0xAA, 
0xAA, 0xAA, 0xAA, 0x82, 0xA0, 0x0, 0x2, 0xA8, 0x0, 0xB, 0xFF, 
0xF0, 0xFF, 0xFF, 0xFF, 0xF4, 0x7F, 0xFF, 0xFF, 0xFF, 0xFF, 0xFF, 
0xFF, 0xFF, 0xFF, 0xD5, 0x80, 0x7F, 0x60, 0x9F, 0xF5, 0x55, 0x55, 
0x57, 0xD0, 0x2A, 0x80, 0x0, 0x0, 0x0, 0x0, 0x0, 0x0, 0x0, 
0x0, 0x0, 0x0, 0x0, 0x0, 0x0, 0x80, 0x95, 0x55, 0x55, 0x55, 
0x55, 0x55, 0x55, 0x55, 0x55, 0x55, 0x55, 0x55, 0x55, 0xF5, 0x7F, 
0xF4, 0xA, 0xAA, 0xAA, 0xAA, 0xAA, 0xA0, 0x0, 0x16, 0x0, 0x0, 
0x0, 0x2, 0x7F, 0xFD, 0x55, 0x55, 0x55, 0x55, 0x55, 0x55, 0x55, 
0x55, 0x55, 0x55, 0x55, 0x55, 0x55, 0x55, 0x55, 0x7F, 0xD0, 0x2A, 
0xAA, 0xAA, 0xAA, 0xAA, 0x82, 0xA0, 0x20, 0x0, 0xAA, 0x0, 0xF, 
0xFF, 0xD0, 0xFF, 0xFF, 0xFF, 0xFE, 0x3F, 0xFF, 0xFF, 0xFF, 0xFF, 
0xFF, 0xFF, 0xFF, 0xFF, 0xF5, 0x50, 0x9F, 0xD8, 0x27, 0xFD, 0x55, 
0x55, 0x57, 0xD0, 0x2A, 0xA0, 0x0, 0x0, 0x0, 0x0, 0x0, 0x0, 
0x0, 0x0, 0x0, 0x0, 0x0, 0x0, 0x0, 0xA0, 0x15, 0x55, 0x55, 
0x55, 0x55, 0x55, 0x55, 0x55, 0x55, 0x55, 0x55, 0x55, 0x57, 0xF5, 
0xFF, 0xD0, 0x2A, 0xAA, 0xAA, 0xAA, 0xAA, 0xA0, 0x0, 0x55, 0x80, 
0x0, 0x0, 0x0, 0x27, 0xFF, 0xD5, 0x55, 0x55, 0x55, 0x55, 0x55, 
0x55, 0x55, 0x55, 0x55, 0x55, 0x55, 0x55, 0x55, 0x55, 0x7F, 0xE0, 
0x2A, 0xAA, 0xAA, 0xAA, 0xAA, 0x82, 0xA0, 0x28, 0x0, 0x2A, 0x80, 
0x2F, 0xFF, 0xE2, 0xFF, 0xFF, 0xFF, 0xFF, 0x2F, 0xFF, 0xFF, 0xFF, 
0xFF, 0xFF, 0xFF, 0xFF, 0xFF, 0xF5, 0x50, 0x9F, 0xFE, 0x9, 0xFF, 
0x55, 0x55, 0x57, 0xD0, 0x2A, 0xA8, 0x0, 0x0, 0x0, 0x0, 0x0, 
0x0, 0x0, 0x0, 0x0, 0x0, 0x0, 0x0, 0x0, 0xA0, 0x25, 0x55, 
0x55, 0x55, 0x55, 0x55, 0x55, 0x55, 0x55, 0x55, 0x55, 0x55, 0x5F, 
0xD7, 0xFF, 0x40, 0xAA, 0xAA, 0xAA, 0xAA, 0xAA, 0x80, 0x0, 0x15, 
0x40, 0x0, 0xAA, 0x0, 0x0, 0x7F, 0xFD, 0x55, 0x55, 0x55, 0x55, 
0x55, 0x55, 0x55, 0x55, 0x55, 0x55, 0x55, 0x55, 0x55, 0x55, 0xFF, 
0xC0, 0x2A, 0xAA, 0xAA, 0xAA, 0xAA, 0x82, 0xA0, 0x2A, 0x0, 0xA, 
0xA0, 0x3F, 0xFF, 0xC3, 0xFF, 0xFF, 0xFF, 0xFF, 0x8F, 0xFF, 0xFF, 
0xFF, 0xFF, 0xFF, 0xFF, 0xFF, 0xFF, 0xFD, 0x58, 0xBF, 0xFF, 0x82, 
0x7F, 0xD5, 0x55, 0x57, 0xD0, 0x2A, 0xA8, 0x0, 0x0, 0x0, 0x0, 
0x0, 0x0, 0x0, 0x0, 0x0, 0x0, 0x0, 0x0, 0x0, 0x28, 0x15, 
0x55, 0x55, 0x55, 0x55, 0x55, 0x55, 0x55, 0x55, 0x55, 0x55, 0x55, 
0x7F, 0xD7, 0xFF, 0x2, 0xAA, 0xAA, 0xAA, 0xAA, 0xA8, 0x0, 0x0, 
0x9, 0x50, 0x0, 0x2A, 0xA8, 0x0, 0x7, 0xFF, 0xD5, 0x55, 0x55, 
0x55, 0x55, 0x55, 0x55, 0x55, 0x55, 0x55, 0x55, 0x55, 0x55, 0x55, 
0xFF, 0xC0, 0x2A, 0xAA, 0xAA, 0xAA, 0xAA, 0x82, 0xA8, 0x2A, 0x80, 
0xA, 0xA0, 0xBF, 0xFF, 0x43, 0xFF, 0xFF, 0xFF, 0xFF, 0x8F, 0xFF, 
0xFF, 0xFF, 0xFF, 0xFF, 0xFF, 0xFF, 0xFF, 0xFD, 0x58, 0xBF, 0xFF, 
0xE0, 0x17, 0xF5, 0x55, 0x57, 0xD0, 0x2A, 0xAA, 0x0, 0x0, 0x0, 
0x0, 0x0, 0x0, 0x0, 0x0, 0x0, 0x0, 0x0, 0x0, 0x0, 0x28, 
0x15, 0x55, 0x55, 0x55, 0x55, 0x55, 0x55, 0x55, 0x55, 0x55, 0x55, 
0x55, 0xFF, 0x5F, 0xFC, 0xA, 0xAA, 0xAA, 0xAA, 0xAA, 0xA0, 0x0, 
0x0, 0x0, 0x98, 0x0, 0xA, 0xAA, 0x80, 0x0, 0x7F, 0xF5, 0x55, 
0x55, 0x55, 0x55, 0x55, 0x55, 0x55, 0x55, 0x55, 0x55, 0x55, 0x55, 
0x55, 0xFF, 0x80, 0x2A, 0xAA, 0xAA, 0xAA, 0xAA, 0x82, 0xA8, 0x2A, 
0x80, 0xA, 0x80, 0x7F, 0xFF, 0x8B, 0xFF, 0xFF, 0xFF, 0xFF, 0xF, 
0xFF, 0xFF, 0xFF, 0xFF, 0xFF, 0xFF, 0xFF, 0xFF, 0xFD, 0x58, 0xBF, 
0xFF, 0xF8, 0x5, 0xFD, 0x55, 0x57, 0xD8, 0x2A, 0xAA, 0x0, 0x0, 
0x0, 0x0, 0x0, 0x0, 0x0, 0x0, 0x0, 0x0, 0x0, 0x0, 0x0, 
0x28, 0x95, 0x55, 0x55, 0x55, 0x55, 0x55, 0x55, 0x55, 0x55, 0x55, 
0x55, 0x57, 0xFD, 0x7F, 0xD0, 0x2A, 0xAA, 0xAA, 0xAA, 0xAA, 0x80, 
0x0, 0x0, 0x0, 0x8, 0x0, 0xA, 0xAA, 0xAA, 0x0, 0x2F, 0xFF, 
0x55, 0x55, 0x55, 0x55, 0x55, 0x55, 0x55, 0x55, 0x55, 0x55, 0x55, 
0x55, 0x55, 0xFF, 0x0, 0xAA, 0xAA, 0xAA, 0xAA, 0xAA, 0x82, 0xA8, 
0x2A, 0x80, 0x2A, 0x82, 0xFF, 0xFF, 0x8B, 0xFF, 0xFF, 0xFF, 0xFF, 
0x9F, 0xFF, 0xFF, 0xFF, 0xFF, 0xFF, 0xFF, 0xFF, 0xFF, 0xFD, 0x50, 
0xBF, 0xFF, 0xFE, 0x2, 0x7F, 0x55, 0x57, 0xD8, 0xA, 0xAA, 0x0, 
0x0, 0x0, 0x0, 0x0, 0x0, 0x0, 0x0, 0x0, 0x0, 0x0, 0x0, 
0x0, 0x28, 0x95, 0x55, 0x55, 0x55, 0x55, 0x55, 0x55, 0x55, 0x55, 
0x55, 0x55, 0x5F, 0xF5, 0xFF, 0x40, 0xAA, 0xAA, 0xAA, 0xAA, 0xAA, 
0x0, 0x2, 0x68, 0x0, 0x2, 0x0, 0x2, 0xAA, 0xAA, 0x80, 0x2, 
0xFF, 0xF5, 0x55, 0x55, 0x55, 0x55, 0x55, 0x55, 0x55, 0x55, 0x55, 
0x55, 0x55, 0x57, 0xFE, 0x0, 0xAA, 0xAA, 0xAA, 0xAA, 0xAA, 0x82, 
0xA8, 0xA, 0x80, 0x2A, 0x1, 0xFF, 0xFF, 0xF, 0xFF, 0xFF, 0xFF, 
0xFF, 0x7F, 0xFF, 0xFF, 0xFF, 0xFF, 0xFF, 0xFF, 0xFF, 0xFF, 0xFD, 
0x50, 0x7F, 0xFF, 0xFF, 0x40, 0x9F, 0xD5, 0x57, 0xD8, 0xA, 0xAA, 
0x0, 0x0, 0x0, 0x0, 0x0, 0x0, 0x0, 0x0, 0x0, 0x0, 0x0, 
0x0, 0x0, 0xA0, 0x55, 0x55, 0x55, 0x55, 0x55, 0x55, 0x55, 0x55, 
0x55, 0x55, 0x55, 0x7F, 0xD7, 0xFD, 0x2, 0xAA, 0xAA, 0xAA, 0xAA, 
0xA8, 0x0, 0xA, 0xAA, 0x0, 0x0, 0x0, 0x2, 0xAA, 0xAA, 0xA8, 
0x0, 0x2F, 0xFD, 0x55, 0x55, 0x55, 0x55, 0x55, 0x55, 0x55, 0x55, 
0x55, 0x55, 0x55, 0x57, 0xF6, 0x0, 0xAA, 0xAA, 0xAA, 0xAA, 0xAA, 
0x82, 0xA8, 0xA, 0x0, 0x2A, 0x3, 0xFF, 0xFD, 0xF, 0xFF, 0xFF, 
0xFF, 0xFF, 0xFF, 0xFF, 0xFF, 0xFF, 0xFF, 0xFF, 0xFF, 0xFF, 0xFF, 
0xF5, 0x52, 0xFF, 0xFF, 0xFF, 0xD0, 0x27, 0xF5, 0x57, 0xF8, 0xA, 
0xAA, 0x2, 0x0, 0x0, 0x0, 0x0, 0x0, 0x0, 0x0, 0x0, 0x0, 
0x0, 0x0, 0x0, 0xA0, 0x55, 0x55, 0x55, 0x55, 0x55, 0x55, 0x55, 
0x55, 0x55, 0x55, 0x57, 0xFD, 0x5F, 0xF4, 0xA, 0xAA, 0xAA, 0xAA, 
0xAA, 0xA0, 0x0, 0x2A, 0xAA, 0x80, 0x0, 0x0, 0x0, 0xAA, 0xAA, 
0xAA, 0x80, 0x9, 0xFF, 0xD5, 0x55, 0x55, 0x55, 0x55, 0x55, 0x55, 
0x55, 0x55, 0x55, 0x55, 0x57, 0xF4, 0x0, 0xAA, 0xAA, 0xAA, 0xAA, 
0xAA, 0x82, 0xA8, 0x0, 0x0, 0x28, 0xB, 0xFF, 0xFD, 0xF, 0xFF, 
0xFF, 0xFF, 0xFF, 0xFF, 0xFF, 0xFF, 0xFF, 0xFF, 0xFF, 0xFF, 0xFF, 
0xFF, 0xF5, 0x61, 0xFF, 0xFF, 0xFF, 0xF6, 0x1, 0xFD, 0x57, 0xF8, 
0xA, 0xAA, 0x2, 0x80, 0x0, 0x0, 0x0, 0x0, 0x0, 0x0, 0x0, 
0x0, 0x0, 0x0, 0x0, 0xA2, 0x55, 0x55, 0x55, 0x55, 0x55, 0x55, 
0x55, 0x55, 0x55, 0x55, 0x5F, 0xF5, 0xFF, 0xD0, 0x2A, 0xAA, 0xAA, 
0xAA, 0xAA, 0x80, 0x0, 0xAA, 0xAA, 0xA0, 0x0, 0x0, 0x0, 0xAA, 
0xAA, 0xAA, 0xA0, 0x0, 0xBF, 0xF5, 0x55, 0x55, 0x55, 0x55, 0x55, 
0x55, 0x55, 0x55, 0x55, 0x55, 0x5F, 0xF8, 0x2, 0xAA, 0xAA, 0xAA, 
0xAA, 0xAA, 0x82, 0xA8, 0x0, 0xA, 0xA0, 0x3, 0xFF, 0xFE, 0xF, 
0xFF, 0xFF, 0xFF, 0xFF, 0xFF, 0xFF, 0xFF, 0xFF, 0xFF, 0xFF, 0xFF, 
0xFF, 0xFF, 0xF5, 0x8B, 0xFF, 0xFF, 0xFF, 0xFF, 0x82, 0x7F, 0x57, 
0xF4, 0xA, 0xAA, 0x2, 0xA0, 0x0, 0x0, 0x0, 0x0, 0x0, 0x0, 
0x0, 0x0, 0x0, 0x0, 0x2, 0x82, 0x55, 0x55, 0x55, 0x55, 0x55, 
0x55, 0x55, 0x55, 0x55, 0x55, 0xFF, 0xD7, 0xFF, 0x40, 0xAA, 0xAA, 
0xAA, 0xAA, 0xA8, 0x0, 0x2, 0xAA, 0xAA, 0xA8, 0x0, 0x0, 0x0, 
0x2A, 0xAA, 0xAA, 0xA8, 0x0, 0xF, 0xFD, 0x55, 0x55, 0x55, 0x55, 
0x55, 0x55, 0x55, 0x55, 0x55, 0x55, 0x5F, 0xD0, 0x2, 0xAA, 0xAA, 
0xAA, 0xAA, 0xAA, 0x82, 0xA0, 0x0, 0x2A, 0x80, 0xB, 0xFF, 0xFC, 
0x2F, 0xFF, 0xFF, 0xFF, 0xFF, 0xFF, 0xFF, 0xFF, 0xFF, 0xFF, 0xFF, 
0xFF, 0xFF, 0xFF, 0xFD, 0x7, 0xFF, 0xFF, 0xFF, 0xFF, 0xC0, 0x7F, 
0x55, 0xF4, 0xA, 0xAA, 0x0, 0xA8, 0x0, 0x0, 0x0, 0x0, 0x0, 
0x0, 0x0, 0x0, 0x0, 0x0, 0x2, 0x81, 0x55, 0x55, 0x55, 0x55, 
0x55, 0x55, 0x55, 0x55, 0x55, 0x57, 0xFD, 0x7F, 0xFE, 0x2, 0xAA, 
0xAA, 0xAA, 0xAA, 0xA0, 0x0, 0xA, 0xAA, 0xAA, 0xAA, 0x0, 0x0, 
0x0, 0xA, 0xAA, 0xAA, 0xAA, 0x80, 0x1, 0xFF, 0xD5, 0x55, 0x55, 
0x55, 0x55, 0x55, 0x55, 0x55, 0x55, 0x55, 0x5F, 0xE0, 0x2, 0xAA, 
0xAA, 0xAA, 0xAA, 0xAA, 0x82, 0x80, 0x2, 0xAA, 0x0, 0xB, 0xFF, 
0xFC, 0x2F, 0xFF, 0xFF, 0xFF, 0xFF, 0xFF, 0xFF, 0xFF, 0xFF, 0xFF, 
0xFF, 0xFF, 0xFF, 0xFF, 0xF5, 0x27, 0xFF, 0xFF, 0xFF, 0x7F, 0x40, 
0xFD, 0x55, 0xF6, 0x2, 0xAA, 0x0, 0xAA, 0x80, 0x0, 0x0, 0x0, 
0x0, 0x0, 0x0, 0x0, 0x0, 0x0, 0xA, 0x89, 0x55, 0x55, 0x55, 
0x55, 0x55, 0x55, 0x55, 0x55, 0x55, 0x7F, 0xF5, 0xFF, 0xF0, 0x2A, 
0xAA, 0xAA, 0xAA, 0xAA, 0x80, 0x0, 0x2A, 0xAA, 0xAA, 0xAA, 0x80, 
0x0, 0x0, 0xA, 0xAA, 0xAA, 0xAA, 0xA0, 0x0, 0xBF, 0xF5, 0x55, 
0x55, 0x55, 0x55, 0x55, 0x55, 0x55, 0x55, 0x55, 0x7F, 0xC0, 0xA, 
0xAA, 0xAA, 0xAA, 0xAA, 0xAA, 0xA0, 0x0, 0xA, 0xA8, 0x9, 0x8B, 
0xFF, 0xFE, 0xF, 0xFF, 0xFF, 0xFF, 0xFF, 0xFF, 0xFF, 0xFF, 0xFF, 
0xFF, 0xFF, 0xFF, 0xFF, 0xFF, 0xF6, 0x1F, 0xFF, 0xFF, 0xFF, 0xFD, 
0x0, 0xFF, 0x55, 0xFE, 0x2, 0xA8, 0x0, 0xAA, 0xA8, 0x0, 0x0, 
0x0, 0x0, 0x0, 0x0, 0x0, 0x0, 0x0, 0xA, 0x9, 0x55, 0x55, 
0x55, 0x55, 0x55, 0x55, 0x55, 0x55, 0x57, 0xFF, 0x5F, 0xFF, 0xC0, 
0xAA, 0xAA, 0xAA, 0xAA, 0xAA, 0x0, 0x0, 0xAA, 0xAA, 0xAA, 0xAA, 
0xA0, 0x0, 0x0, 0x2, 0xAA, 0xAA, 0xAA, 0xA8, 0x0, 0x2F, 0xFD, 
0x55, 0x55, 0x55, 0x55, 0x55, 0x55, 0x55, 0x55, 0x55, 0x7F, 0x80, 
0x2A, 0xAA, 0xAA, 0xAA, 0xAA, 0xAA, 0xA0, 0x0, 0x2A, 0xA0, 0x2F, 
0xCB, 0xFF, 0xFE, 0xF, 0xFF, 0xFF, 0xFF, 0xFF, 0xFF, 0xFF, 0xFF, 
0xFF, 0xFF, 0xFF, 0xFF, 0xFF, 0xFF, 0xF4, 0x1F, 0xFF, 0xFF, 0xFF, 
0xF4, 0x0, 0x2F, 0xF5, 0xFE, 0x2, 0xA8, 0x0, 0xAA, 0xAA, 0xA0, 
0x0, 0x0, 0x0, 0x0, 0x0, 0x0, 0x0, 0x0, 0xA, 0x5, 0x55, 
0x55, 0x55, 0x55, 0x55, 0x55, 0x55, 0x55, 0x5F, 0xF5, 0x7F, 0xFD, 
0x2, 0xAA, 0xAA, 0xAA, 0xAA, 0xA8, 0x0, 0x2, 0xAA, 0xAA, 0xAA, 
0xAA, 0xA0, 0x0, 0x0, 0x2, 0xAA, 0xAA, 0xAA, 0xAA, 0x80, 0xB, 
0xFD, 0x55, 0x55, 0x55, 0x55, 0x55, 0x55, 0x55, 0x55, 0x55, 0xFF, 
0x0, 0x2A, 0xAA, 0xAA, 0xAA, 0xAA, 0xAA, 0x80, 0x0, 0xAA, 0x82, 
0x7F, 0xC8, 0x1F, 0xFE, 0xF, 0xFF, 0xFF, 0xFF, 0xFF, 0xFF, 0xFF, 
0xFF, 0xFF, 0xFF, 0xFF, 0xFF, 0xFF, 0xFF, 0xD8, 0x7F, 0xFF, 0xF7, 
0xFF, 0xD0, 0x0, 0xB, 0xFD, 0x7D, 0x2, 0xA0, 0x0, 0xAA, 0xAA, 
0xAA, 0xA8, 0x0, 0x0, 0x0, 0x0, 0x0, 0x0, 0x0, 0x2A, 0x5, 
0x55, 0x55, 0x55, 0x55, 0x55, 0x55, 0x55, 0x55, 0xFF, 0xD7, 0xFF, 
0xF8, 0xA, 0xAA, 0xAA, 0xAA, 0xAA, 0xA0, 0x0, 0x2A, 0xAA, 0xAA, 
0xAA, 0xAA, 0xA8, 0x0, 0x0, 0x0, 0xAA, 0xAA, 0xAA, 0xAA, 0xA0, 
0x1, 0xFF, 0xF5, 0x55, 0x55, 0x55, 0x55, 0x55, 0x55, 0x55, 0x57, 
0xFE, 0x0, 0xAA, 0xAA, 0xAA, 0xAA, 0xAA, 0xAA, 0x80, 0x2, 0xAA, 
0xB, 0xFF, 0xC0, 0xF, 0xFE, 0xF, 0xFF, 0xFF, 0xFF, 0xFF, 0xFF, 
0xFF, 0xFF, 0xFF, 0xFF, 0xFF, 0xFF, 0xFF, 0xFF, 0xD0, 0x7F, 0xFF, 
0xFF, 0xFF, 0x40, 0x2A, 0x80, 0x7F, 0x7F, 0x80, 0xA0, 0x0, 0xAA, 
0xAA, 0xAA, 0xAA, 0xA8, 0x0, 0x0, 0x0, 0x0, 0x0, 0x0, 0x28, 
0x25, 0x55, 0x55, 0x55, 0x55, 0x55, 0x55, 0x55, 0x5F, 0xFD, 0x5F, 
0xFF, 0xE0, 0xAA, 0xAA, 0xAA, 0xAA, 0xAA, 0x80, 0x0, 0xAA, 0xAA, 
0xAA, 0xAA, 0xAA, 0xAA, 0x0, 0x0, 0x0, 0x2A, 0xAA, 0xAA, 0xAA, 
0xA8, 0x0, 0xBF, 0xFF, 0x55, 0x55, 0x55, 0x55, 0x55, 0x55, 0x55, 
0x5F, 0xF8, 0x2, 0xAA, 0xAA, 0xAA, 0xAA, 0xA8, 0x2, 0x0, 0xA, 
0xA8, 0xF, 0xFD, 0x40, 0x3, 0xFE, 0xF, 0xFF, 0xFF, 0xFF, 0xFF, 
0xFF, 0xFF, 0xFF, 0xFF, 0xFF, 0xFF, 0xFF, 0xFF, 0xFF, 0x62, 0xFF, 
0xFF, 0xFF, 0xFD, 0x0, 0x9F, 0x60, 0x1F, 0xFF, 0x80, 0x89, 0x80, 
0xAA, 0xAA, 0xAA, 0xAA, 0xAA, 0xAA, 0xAA, 0xAA, 0x0, 0x0, 0x0, 
0x28, 0x25, 0x55, 0x55, 0x55, 0x55, 0x55, 0x55, 0x55, 0xFF, 0xD5, 
0xFF, 0xFD, 0x2, 0xAA, 0xAA, 0xAA, 0xAA, 0xAA, 0x0, 0x2, 0xAA, 
0xAA, 0xAA, 0xAA, 0xAA, 0xAA, 0x80, 0x0, 0x0, 0x2A, 0xAA, 0xAA, 
0xAA, 0xAA, 0x0, 0xBF, 0xFF, 0x55, 0x55, 0x55, 0x55, 0x55, 0x55, 
0x55, 0x7F, 0xE0, 0xA, 0xAA, 0xAA, 0xAA, 0xAA, 0x80, 0x0, 0x0, 
0x2A, 0x80, 0x3F, 0xFE, 0x0, 0x82, 0xFD, 0x7, 0xFF, 0xFF, 0xFF, 
0xFF, 0xFF, 0xFF, 0xFF, 0xFF, 0xFF, 0xFF, 0xFF, 0xFF, 0xFF, 0x41, 
0xFF, 0xFF, 0xFF, 0xF8, 0x9, 0xD7, 0xF8, 0xB, 0xFF, 0x40, 0xF, 
0x40, 0xAA, 0xA8, 0x0, 0x2A, 0xAA, 0xAA, 0xAA, 0xAA, 0x80, 0x0, 
0x0, 0x28, 0x15, 0x55, 0x55, 0x55, 0x55, 0x55, 0x55, 0x5F, 0xFD, 
0x5F, 0xFF, 0xF8, 0xA, 0xAA, 0xAA, 0xAA, 0xAA, 0xAA, 0x0, 0xA, 
0xAA, 0xAA, 0xAA, 0xAA, 0xAA, 0xAA, 0x80, 0x0, 0x0, 0xA, 0xAA, 
0xAA, 0xAA, 0xAA, 0x80, 0x3F, 0xFF, 0x55, 0x55, 0x55, 0x55, 0x55, 
0x55, 0x55, 0xFF, 0x80, 0xA, 0xAA, 0xAA, 0xAA, 0xAA, 0x0, 0x0, 
0x0, 0xAA, 0x0, 0xFF, 0xFC, 0xA, 0xA0, 0x7F, 0xB, 0xFF, 0xFF, 
0xFF, 0xFF, 0xFF, 0xFF, 0xFF, 0xFF, 0xFF, 0xFF, 0xFF, 0xFF, 0xFF, 
0x8B, 0xFF, 0xFD, 0xA7, 0xE0, 0x2F, 0xFF, 0xF5, 0x2, 0xFF, 0xE0, 
0x3F, 0x80, 0xAA, 0xA0, 0x0, 0x0, 0x2A, 0xAA, 0xAA, 0xAA, 0x80, 
0x0, 0x0, 0x0, 0x15, 0x55, 0x55, 0x55, 0x55, 0x55, 0x57, 0xFF, 
0xD5, 0xFF, 0xFF, 0x80, 0xAA, 0xAA, 0xAA, 0xAA, 0xAA, 0xA8, 0x0, 
0x2A, 0xAA, 0xAA, 0xAA, 0xAA, 0xAA, 0xAA, 0xA0, 0x0, 0x0, 0x2, 
0xAA, 0xAA, 0xAA, 0xAA, 0xA0, 0x25, 0x82, 0x55, 0x55, 0x55, 0x55, 
0x55, 0x55, 0x57, 0xFE, 0x0, 0x2A, 0xAA, 0xAA, 0xAA, 0xA8, 0x0, 
0x0, 0x0, 0xA8, 0x3, 0xFF, 0xF4, 0x2A, 0xA8, 0x1F, 0xB, 0xFF, 
0xFF, 0xFF, 0xFF, 0xFF, 0xFF, 0xFF, 0xFF, 0xFF, 0xFF, 0xFF, 0xFF, 
0xFD, 0x7, 0xFF, 0xF6, 0x2, 0x2, 0x7F, 0xFF, 0xFF, 0x40, 0xBF, 
0xD0, 0x7F, 0x80, 0xAA, 0xA0, 0x0, 0x0, 0x0, 0xA, 0xAA, 0xAA, 
0x80, 0x0, 0x0, 0x0, 0x55, 0x55, 0x55, 0x55, 0x55, 0x55, 0xFF, 
0xFD, 0x5F, 0xFF, 0xF8, 0x2, 0xAA, 0xAA, 0xAA, 0xAA, 0xAA, 0xA8, 
0x0, 0xAA, 0xAA, 0xAA, 0xAA, 0xAA, 0xAA, 0xAA, 0xA8, 0x0, 0x0, 
0x0, 0xAA, 0xAA, 0xAA, 0xAA, 0xAA, 0x0, 0x0, 0x55, 0x55, 0x55, 
0x55, 0x55, 0x55, 0x5F, 0xF8, 0x0, 0xA, 0xAA, 0xAA, 0xAA, 0x80, 
0x0, 0x80, 0x2, 0xA0, 0x7, 0xFF, 0xF4, 0x2A, 0xAA, 0x2F, 0x3, 
0xFF, 0xFF, 0xFF, 0xFF, 0xFF, 0xFF, 0xFF, 0xFF, 0xFF, 0xFF, 0xFF, 
0xFF, 0xFE, 0x2F, 0xFF, 0xF0, 0x0, 0x9, 0xFF, 0xFF, 0xFF, 0xD8, 
0x2F, 0xF8, 0xFD, 0x80, 0xA, 0xA0, 0x0, 0x0, 0x0, 0x0, 0xA, 
0xAA, 0x0, 0x0, 0x0, 0x80, 0x55, 0x55, 0x55, 0x5F, 0xD7, 0xFF, 
0xFF, 0xD5, 0x7F, 0xFF, 0x40, 0x2A, 0xAA, 0xAA, 0xAA, 0xAA, 0xAA, 
0x80, 0x0, 0xAA, 0xAA, 0xAA, 0xAA, 0xAA, 0xAA, 0xAA, 0xAA, 0x0, 
0x0, 0x0, 0xAA, 0xAA, 0xAA, 0xAA, 0xAA, 0x0, 0x0, 0x55, 0x55, 
0x55, 0x55, 0x55, 0x55, 0x5F, 0xF4, 0x0, 0x0, 0x2A, 0xAA, 0xA8, 
0x0, 0xA, 0xA0, 0x0, 0x80, 0x9F, 0xFF, 0xFC, 0x2A, 0xAA, 0x7, 
0x83, 0xFF, 0xFF, 0xFF, 0xFF, 0xFF, 0xFF, 0xFF, 0xFF, 0xFF, 0xFF, 
0xFF, 0xFF, 0xF6, 0x1F, 0xFF, 0xC0, 0x0, 0x27, 0xFF, 0xFF, 0xFF, 
0xF6, 0xB, 0xFF, 0xFD, 0x80, 0x0, 0xA0, 0x0, 0x0, 0x0, 0x0, 
0x2, 0xAA, 0x0, 0x0, 0x0, 0x2, 0x55, 0x55, 0x55, 0x5F, 0xFF, 
0xFF, 0xF5, 0x57, 0xFF, 0xF8, 0x2, 0xAA, 0xAA, 0xAA, 0xAA, 0xAA, 
0xAA, 0x0, 0x2, 0xAA, 0xAA, 0xAA, 0xAA, 0xAA, 0xAA, 0xAA, 0xAA, 
0x80, 0x0, 0x0, 0xAA, 0xAA, 0xAA, 0xAA, 0xAA, 0x0, 0x0, 0x55, 
0x55, 0x55, 0x55, 0x55, 0x55, 0x5F, 0xFD, 0x80, 0x0, 0x2, 0xAA, 
0xA0, 0x0, 0x2A, 0xA8, 0x0, 0x2, 0x7F, 0xFF, 0xFD, 0xA, 0xAA, 
0xB, 0x83, 0xFF, 0xFF, 0xFF, 0xFF, 0xFF, 0xFF, 0xFF, 0xFF, 0xFF, 
0xFF, 0xFF, 0xFF, 0xF4, 0x9F, 0xFF, 0x80, 0x20, 0x1F, 0xFF, 0xFF, 
0xFF, 0xFF, 0x82, 0x7F, 0xF5, 0x68, 0x0, 0x0, 0x0, 0x0, 0x0, 
0x0, 0x0, 0xAA, 0x0, 0x0, 0x0, 0x1, 0x55, 0x55, 0x55, 0x57, 
0xFF, 0xF5, 0x55, 0x7F, 0xFF, 0x80, 0xA, 0xAA, 0xAA, 0xAA, 0xAA, 
0xAA, 0xA8, 0x0, 0xA, 0xAA, 0xAA, 0xAA, 0xAA, 0xAA, 0xAA, 0xAA, 
0xAA, 0xA8, 0x0, 0x0, 0xAA, 0xAA, 0xAA, 0xAA, 0xA8, 0x0, 0xA, 
0x55, 0x55, 0x55, 0x55, 0x55, 0x55, 0x57, 0xFF, 0xE0, 0x0, 0x0, 
0xA, 0x0, 0x2, 0xAA, 0xAA, 0x0, 0x1, 0xFF, 0xFF, 0xFF, 0xA, 
0xAA, 0x8B, 0x83, 0xFF, 0xFF, 0xFF, 0xFF, 0xFF, 0xFF, 0xFF, 0xFF, 
0xFF, 0xFF, 0xFF, 0xFF, 0xD8, 0x7F, 0xFE, 0x0, 0xA0, 0xBF, 0xFF, 
0xFF, 0xFF, 0xFF, 0x60, 0x1F, 0xFD, 0x56, 0x80, 0x0, 0x0, 0x0, 
0x0, 0x0, 0x0, 0x2A, 0x0, 0x0, 0x2, 0x5, 0x55, 0x55, 0x55, 
0x55, 0x55, 0x55, 0x57, 0xFF, 0xF4, 0x0, 0xAA, 0xAA, 0xAA, 0xAA, 
0xAA, 0xAA, 0xA0, 0x0, 0x2A, 0xAA, 0xAA, 0xAA, 0xAA, 0xAA, 0xAA, 
0xAA, 0xAA, 0xAA, 0x0, 0x0, 0x2A, 0xAA, 0xAA, 0xAA, 0xA0, 0x0, 
0xAA, 0x55, 0x55, 0x55, 0x55, 0x55, 0x55, 0x57, 0xFF, 0xD6, 0x0, 
0x0, 0x0, 0x0, 0xA, 0xAA, 0xAA, 0x80, 0x7, 0xFF, 0xFF, 0xFF, 
0x42, 0xAA, 0x83, 0x43, 0xFF, 0xFF, 0xFF, 0xFF, 0xFF, 0xFF, 0xFF, 
0xFF, 0xFF, 0xFF, 0xFF, 0xFF, 0xDA, 0x7F, 0xF8, 0x2, 0xA0, 0x7F, 
0xFF, 0xDA, 0xBF, 0xFF, 0xD8, 0xF, 0xFF, 0x55, 0x58, 0x0, 0x0, 
0x0, 0x0, 0x0, 0x0, 0x2A, 0x0, 0x0, 0x1, 0xA5, 0x55, 0x55, 
0x55, 0x55, 0x55, 0x55, 0x7F, 0xFF, 0x40, 0xA, 0xAA, 0xAA, 0xAA, 
0xAA, 0xAA, 0xAA, 0xA0, 0x0, 0xAA, 0xAA, 0xAA, 0xAA, 0xAA, 0xAA, 
0xAA, 0xAA, 0xAA, 0xAA, 0x80, 0x0, 0xA, 0xAA, 0xAA, 0xAA, 0xA0, 
0x2, 0xAA, 0x55, 0x55, 0x55, 0x55, 0x55, 0x55, 0x5F, 0xFF, 0xFD, 
0x0, 0x0, 0x0, 0x0, 0xAA, 0xAA, 0xAA, 0x80, 0x1F, 0xFF, 0xFF, 
0xFF, 0xC0, 0xAA, 0x83, 0x42, 0xFF, 0xFF, 0xFF, 0xFF, 0xFF, 0xFF, 
0xFF, 0xFF, 0xFF, 0xFF, 0xFF, 0xFF, 0xD1, 0xFF, 0xE0, 0x2A, 0xA0, 
0xFF, 0xFF, 0x6A, 0xAF, 0xFF, 0xFE, 0x1, 0xFF, 0xD5, 0x56, 0x0, 
0x0, 0x0, 0x0, 0x0, 0x0, 0xA, 0x0, 0x0, 0x2, 0x55, 0x55, 
0x55, 0x55, 0x55, 0x55, 0x5F, 0xFF, 0xF8, 0x0, 0xAA, 0xAA, 0xAA, 
0xAA, 0xAA, 0xA0, 0x0, 0x0, 0x2, 0xAA, 0xAA, 0xAA, 0xAA, 0xAA, 
0xAA, 0xAA, 0xAA, 0xAA, 0xAA, 0xA0, 0x0, 0x2, 0xAA, 0xAA, 0xAA, 
0x80, 0xA, 0xAA, 0x55, 0x55, 0x55, 0x55, 0x55, 0x55, 0x7F, 0xFF, 
0xFD, 0x0, 0x0, 0x0, 0x0, 0xAA, 0xAA, 0xAA, 0x0, 0x7F, 0xFF, 
0xFF, 0xFF, 0xF0, 0x2A, 0x81, 0xC2, 0xFF, 0xFF, 0xFF, 0xFF, 0xFF, 
0xFF, 0xFF, 0xFF, 0xFF, 0xFF, 0xFF, 0xFF, 0xE9, 0xFF, 0x80, 0xAA, 
0xA0, 0xFF, 0xFF, 0xAA, 0xAF, 0xFF, 0xFF, 0x0, 0xBF, 0xF5, 0x55, 
0x55, 0x60, 0x0, 0x0, 0x0, 0x0, 0x0, 0x80, 0x0, 0x81, 0x55, 
0x55, 0x55, 0x55, 0x55, 0x57, 0xFF, 0xFD, 0x0, 0xA, 0xAA, 0xAA, 
0xAA, 0xA8, 0x0, 0x0, 0x0, 0x0, 0x2, 0xAA, 0xAA, 0xAA, 0xAA, 
0xAA, 0xAA, 0xAA, 0xAA, 0xAA, 0xAA, 0xA8, 0x0, 0x0, 0xAA, 0xAA, 
0xAA, 0x0, 0x2A, 0xAA, 0x55, 0x55, 0x55, 0x55, 0x55, 0x55, 0x7F, 
0x8B, 0xFC, 0xA, 0x80, 0x0, 0x0, 0xA, 0xAA, 0xA8, 0x0, 0xFF, 
0xFF, 0xFF, 0xFF, 0xFE, 0xA, 0x82, 0xC0, 0xFF, 0xFF, 0xFF, 0xFF, 
0xFF, 0xFF, 0xFF, 0xFF, 0xFF, 0xFF, 0xFF, 0xFF, 0xCB, 0xFF, 0xA, 
0xAA, 0x82, 0xFF, 0xFF, 0x5D, 0xAF, 0xFF, 0xFF, 0x40, 0xF, 0xFF, 
0x55, 0x55, 0x55, 0xA8, 0x0, 0x0, 0x0, 0x0, 0xA0, 0x2, 0x81, 
0x55, 0x55, 0x55, 0x55, 0x55, 0xFF, 0xFF, 0xE0, 0x2, 0xAA, 0xAA, 
0xAA, 0x0, 0x0, 0x0, 0x2, 0x80, 0x0, 0xA, 0xAA, 0xAA, 0xAA, 
0xAA, 0xAA, 0xAA, 0xAA, 0xAA, 0xAA, 0xAA, 0xAA, 0x0, 0x0, 0x2A, 
0xAA, 0xAA, 0x0, 0x2A, 0xAA, 0x55, 0x55, 0x55, 0x55, 0x55, 0x55, 
0xFD, 0x0, 0xB8, 0xA, 0xA8, 0x0, 0x0, 0x2, 0xAA, 0xA8, 0x1, 
0xFF, 0xFF, 0xFF, 0xFF, 0xFF, 0x82, 0x2, 0xE0, 0xFF, 0xFF, 0xFF, 
0xFF, 0xFF, 0xFF, 0xFF, 0xFF, 0xFF, 0xFF, 0xFF, 0xFF, 0xCB, 0xFF, 
0xA, 0xAA, 0x1, 0xF6, 0xAB, 0xFE, 0xAF, 0xFF, 0xFF, 0xD0, 0x1, 
0xFF, 0xD5, 0x55, 0x55, 0x55, 0xAA, 0x0, 0x0, 0x0, 0x0, 0x0, 
0x1, 0x55, 0x55, 0x55, 0x55, 0x7F, 0xFF, 0xFE, 0x0, 0x2A, 0x80, 
0x0, 0x0, 0x0, 0x0, 0xA5, 0xFF, 0xD0, 0x0, 0x2A, 0xAA, 0xAA, 
0xAA, 0xAA, 0xAA, 0xAA, 0xAA, 0xAA, 0xAA, 0xAA, 0xAA, 0x80, 0x0, 
0xA, 0xAA, 0xA8, 0x0, 0xAA, 0xAA, 0x55, 0x55, 0x55, 0x55, 0x55, 
0x55, 0xFE, 0x0, 0x0, 0xA, 0xAA, 0x80, 0x0, 0x0, 0xAA, 0xA8, 
0x0, 0x7F, 0xFF, 0xFF, 0xFF, 0xFF, 0xE0, 0x2, 0xE0, 0xFF, 0xFF, 
0xFF, 0xFF, 0xFF, 0xFF, 0xFF, 0xFF, 0xFF, 0xFF, 0xFF, 0xFF, 0x4B, 
0xFF, 0xA, 0xA8, 0xB, 0xDA, 0xA9, 0xFE, 0x9F, 0x67, 0xFF, 0xF6, 
0x0, 0x7F, 0xF5, 0x55, 0x55, 0x55, 0x55, 0x6A, 0xAA, 0x80, 0x0, 
0x0, 0x25, 0x55, 0x55, 0x55, 0x5F, 0xFF, 0xFF, 0xD0, 0x0, 0x0, 
0x0, 0x0, 0x0, 0xA, 0xA7, 0xFF, 0xFF, 0xF0, 0x0, 0x2A, 0xAA, 
0xAA, 0xAA, 0xAA, 0xAA, 0xAA, 0xAA, 0xAA, 0xAA, 0xAA, 0xAA, 0xA0, 
0x0, 0x2, 0xAA, 0xA8, 0x0, 0xAA, 0xAA, 0x55, 0x55, 0x55, 0x55, 
0x55, 0x55, 0xFF, 0x0, 0x0, 0x2, 0xAA, 0xA0, 0x0, 0x0, 0x2A, 
0xAA, 0x0, 0x9F, 0xFF, 0xFF, 0xFF, 0xFF, 0xFF, 0x82, 0xE0, 0xFF, 
0xFF, 0xFF, 0xFF, 0xFF, 0xFF, 0xFF, 0xFF, 0xFF, 0xFF, 0xFF, 0xFF, 
0x4B, 0xFF, 0x2, 0xA0, 0x1F, 0x6A, 0x69, 0xF6, 0xA6, 0xAB, 0xFF, 
0xFF, 0x80, 0x1F, 0xFD, 0x55, 0x55, 0x55, 0x55, 0x55, 0x55, 0x55, 
0x5A, 0x95, 0x55, 0x55, 0x55, 0x55, 0xFF, 0xFF, 0xFF, 0xF8, 0x0, 
0x0, 0x0, 0x2A, 0xA5, 0xFF, 0xFF, 0xFF, 0xFF, 0xF0, 0x0, 0x2A, 
0xAA, 0xAA, 0xAA, 0xAA, 0xAA, 0xAA, 0xAA, 0xAA, 0xAA, 0xAA, 0xAA, 
0xA8, 0x0, 0x0, 0xAA, 0xA0, 0x0, 0xAA, 0xAA, 0x55, 0x55, 0x55, 
0x55, 0x55, 0x55, 0x7F, 0x80, 0x0, 0x0, 0x2, 0xAA, 0x0, 0x0, 
0x2A, 0xAA, 0x0, 0x2D, 0xFF, 0xFF, 0xFF, 0xFF, 0xFF, 0xF8, 0xA0, 
0x7F, 0xFF, 0xFF, 0xFF, 0xFF, 0xFF, 0xFF, 0xFF, 0xFF, 0xFF, 0xFF, 
0xFF, 0x87, 0xFD, 0x2, 0x80, 0xFF, 0x6A, 0x69, 0xFE, 0xAA, 0xA5, 
0xFF, 0xFD, 0xE0, 0x7, 0xFF, 0x55, 0x55, 0x55, 0x55, 0x55, 0x55, 
0x55, 0x55, 0x55, 0x55, 0x55, 0x55, 0x55, 0xFF, 0xFF, 0xFF, 0xFF, 
0xFD, 0x55, 0xFF, 0xFF, 0xFF, 0xFF, 0xFF, 0xFF, 0xFF, 0xF0, 0x0, 
0x2A, 0xAA, 0xAA, 0xAA, 0xAA, 0xAA, 0xAA, 0xAA, 0xAA, 0xAA, 0xAA, 
0xAA, 0xAA, 0x0, 0x0, 0x2A, 0xA0, 0x0, 0xAA, 0xAA, 0x55, 0x55, 
0x55, 0x55, 0x55, 0x55, 0x7F, 0x80, 0x0, 0x0, 0x0, 0x2A, 0xA0, 
0x0, 0x2, 0xAA, 0x0, 0x9, 0x7F, 0xFF, 0xFF, 0xFF, 0xFF, 0xFE, 
0x0, 0xBF, 0xFF, 0xFF, 0xFF, 0xFF, 0xFF, 0xFF, 0xFF, 0xFF, 0xFF, 
0xFF, 0xFF, 0x7, 0xF6, 0x0, 0xB, 0xFF, 0xDA, 0xAB, 0xFD, 0xA9, 
0xFD, 0x7D, 0xA0, 0xB0, 0x9, 0xFF, 0xD5, 0x55, 0x55, 0x55, 0x55, 
0x55, 0x55, 0x55, 0x55, 0x55, 0x55, 0x55, 0x55, 0xFF, 0xFF, 0xFF, 
0xFF, 0xFF, 0xFF, 0xFF, 0xFF, 0xFF, 0xFF, 0xFF, 0xFF, 0xFF, 0xF0, 
0x0, 0x2A, 0xAA, 0xAA, 0xAA, 0xAA, 0xAA, 0xAA, 0xAA, 0xAA, 0xAA, 
0xAA, 0xAA, 0xAA, 0x80, 0x0, 0xA, 0xA0, 0x0, 0xAA, 0xAA, 0x55, 
0x55, 0x55, 0x55, 0x55, 0x55, 0x7F, 0x0, 0xA, 0x0, 0x0, 0x2, 
0xAA, 0x0, 0x0, 0xA8, 0x0, 0x0, 0x7F, 0xFF, 0xFF, 0xFF, 0xFF, 
0xFF, 0x80, 0x3F, 0xFF, 0xFF, 0xFF, 0xFF, 0xFF, 0xFF, 0xFF, 0xFF, 
0xFF, 0xFF, 0xFD, 0x7, 0xF8, 0x20, 0x2F, 0xFF, 0xF6, 0xA7, 0xFF, 
0xFF, 0xFD, 0x60, 0x0, 0x1C, 0x2, 0x7F, 0xD5, 0x55, 0x55, 0x55, 
0x55, 0x55, 0x55, 0x55, 0x55, 0x55, 0x55, 0x55, 0x55, 0x5F, 0xFF, 
0xFF, 0xFF, 0xFF, 0xFF, 0xFF, 0xFF, 0xFF, 0xFF, 0xFF, 0x57, 0xFF, 
0xF0, 0x0, 0x2A, 0xAA, 0xAA, 0xAA, 0xAA, 0xAA, 0xAA, 0xAA, 0xAA, 
0xAA, 0xAA, 0xAA, 0xAA, 0xA0, 0x0, 0xA, 0xA0, 0x0, 0xAA, 0xAA, 
0x55, 0x55, 0x55, 0x55, 0x55, 0x55, 0xFD, 0x0, 0x2, 0xA8, 0x0, 
0x0, 0x2A, 0x80, 0x0, 0xA0, 0x0, 0x0, 0x2F, 0xFF, 0xFF, 0xFF, 
0xFF, 0xFF, 0xE0, 0x3F, 0xFF, 0xFF, 0xFF, 0xFF, 0xFF, 0xFF, 0xFF, 
0xFF, 0xFF, 0xFF, 0xFD, 0xB, 0xE0, 0x7E, 0xBF, 0xFF, 0xFD, 0xAB, 
0xFF, 0xFF, 0xF6, 0x0, 0x0, 0x5, 0x0, 0x5F, 0xD5, 0x55, 0x55, 
0x55, 0x55, 0x55, 0x55, 0x55, 0x55, 0x55, 0x55, 0x55, 0x55, 0x55, 
0x5F, 0xFF, 0xFF, 0xFF, 0xFF, 0xFF, 0xFF, 0xFF, 0xF5, 0x55, 0x57, 
0xFF, 0xF0, 0x0, 0x2A, 0xAA, 0xAA, 0xAA, 0xAA, 0xAA, 0xAA, 0xAA, 
0xAA, 0xAA, 0xAA, 0xAA, 0xAA, 0xA8, 0x0, 0x2, 0xA0, 0x0, 0x2A, 
0xAA, 0x55, 0x55, 0x55, 0x55, 0x55, 0x55, 0xFC, 0x0, 0xAA, 0x2A, 
0x80, 0x0, 0xA, 0xA0, 0x0, 0x80, 0x2, 0x80, 0x1, 0xFF, 0xFF, 
0xFF, 0xFF, 0xFF, 0xF0, 0x1F, 0xFF, 0xFF, 0xFF, 0xFF, 0xFF, 0xFF, 
0xFF, 0xFF, 0xFF, 0xFF, 0xFE, 0xB, 0x61, 0xFF, 0xFF, 0xFF, 0xFF, 
0xA7, 0xFF, 0xFF, 0x40, 0x0, 0x0, 0xB, 0x40, 0x9F, 0xD5, 0x55, 
0x55, 0x55, 0x55, 0x55, 0x55, 0x55, 0x55, 0x55, 0x55, 0x55, 0x55, 
0x55, 0x55, 0x55, 0x57, 0xFF, 0xFF, 0xFD, 0x55, 0x55, 0x55, 0x55, 
0x57, 0xFF, 0xF8, 0x0, 0x2A, 0xAA, 0xAA, 0xAA, 0xAA, 0xAA, 0xAA, 
0xAA, 0xAA, 0xAA, 0xAA, 0xAA, 0xAA, 0xA8, 0x0, 0x2, 0xA0, 0x0, 
0x2A, 0xAA, 0x55, 0x55, 0x55, 0x55, 0x55, 0x57, 0xF4, 0xA, 0xAA, 
0xAA, 0xA8, 0x0, 0x0, 0xAA, 0x0, 0x0, 0xA, 0xA8, 0x0, 0x9F, 
0xFF, 0xFF, 0xFF, 0xFF, 0xF4, 0x1F, 0xFF, 0xFF, 0xFF, 0xFF, 0xFF, 
0xFF, 0xFF, 0xFF, 0xFF, 0xFF, 0xFE, 0xB, 0x8B, 0xFF, 0xFF, 0xFF, 
0xFF, 0xFF, 0xFF, 0x78, 0x0, 0x0, 0x2A, 0x81, 0x60, 0x1F, 0xD5, 
0x55, 0x55, 0x55, 0x55, 0x55, 0x55, 0x55, 0x55, 0x55, 0x55, 0x55, 
0x55, 0x55, 0x55, 0x55, 0x55, 0x55, 0x55, 0x55, 0x55, 0x55, 0x55, 
0x55, 0x57, 0xFF, 0xF8, 0x0, 0x2A, 0xAA, 0xAA, 0xAA, 0xAA, 0xAA, 
0xAA, 0xAA, 0xAA, 0xAA, 0xAA, 0xAA, 0xAA, 0xAA, 0x0, 0x2, 0xA0, 
0x0, 0x2A, 0xAA, 0xFF, 0x55, 0x55, 0x55, 0x55, 0x5F, 0xF0, 0xA, 
0xAA, 0xAA, 0xAA, 0x80, 0x0, 0x2A, 0x0, 0x0, 0x2A, 0xAA, 0x0, 
0xB, 0xFF, 0xFF, 0xFF, 0xFF, 0xFC, 0xF, 0xFF, 0xFF, 0xFF, 0xFF, 
0xFF, 0xFF, 0xFF, 0xFF, 0xFF, 0xD7, 0xF4, 0x6, 0x2F, 0xFF, 0xFF, 
0xFF, 0xFF, 0xFF, 0xF5, 0x80, 0x0, 0xA, 0xAA, 0xAA, 0x50, 0x1F, 
0xD5, 0x55, 0x55, 0x55, 0x55, 0x55, 0x55, 0x55, 0x55, 0x55, 0x55, 
0x55, 0x55, 0x55, 0x55, 0x55, 0x55, 0x55, 0x55, 0x55, 0x55, 0x55, 
0x55, 0x55, 0x55, 0xFF, 0xF4, 0x0, 0xA, 0xAA, 0xAA, 0xAA, 0xAA, 
0xAA, 0xAA, 0xAA, 0xAA, 0xAA, 0xAA, 0xAA, 0xAA, 0xAA, 0x0, 0x2, 
0xA0, 0x0, 0x2A, 0xAA, 0xFF, 0xFD, 0x55, 0x55, 0x55, 0xFF, 0xE0, 
0x2A, 0xAA, 0xAA, 0xAA, 0xA8, 0x0, 0x0, 0x0, 0x0, 0x2A, 0xAA, 
0xA8, 0x2, 0x7F, 0xFF, 0xFF, 0xFF, 0xFE, 0x7, 0xFF, 0xFF, 0xFF, 
0xFF, 0xFF, 0xFF, 0xFF, 0xFF, 0xFF, 0x69, 0xF4, 0x6, 0x9F, 0xFF, 
0xFF, 0xFF, 0xFF, 0xFF, 0x58, 0x0, 0x0, 0xAA, 0xAA, 0xAA, 0x98, 
0x1F, 0xD5, 0x55, 0x55, 0x55, 0x55, 0x55, 0x55, 0x55, 0x55, 0x55, 
0x55, 0x55, 0x55, 0x55, 0x55, 0x55, 0x55, 0x55, 0x55, 0x55, 0x55, 
0x55, 0x55, 0x55, 0x55, 0xFF, 0xF4, 0x0, 0xA, 0xAA, 0xAA, 0xAA, 
0xAA, 0xAA, 0xAA, 0xAA, 0xAA, 0xAA, 0xAA, 0xAA, 0xAA, 0xAA, 0x0, 
0x2, 0xA0, 0x0, 0x2A, 0xAA, 0xFF, 0xFF, 0x55, 0x55, 0x7F, 0xFF, 
0x40, 0x2A, 0xAA, 0xAA, 0xAA, 0xAA, 0x0, 0x0, 0x0, 0x0, 0x0, 
0xAA, 0xAA, 0x80, 0x27, 0xFF, 0xFF, 0xFF, 0xFF, 0xB, 0xFD, 0x7F, 
0xFF, 0xFF, 0xFF, 0xFF, 0xFF, 0xFF, 0xFF, 0xA9, 0xF4, 0x28, 0x7F, 
0xFF, 0xFF, 0xFF, 0xFF, 0xFD, 0x80, 0x0, 0xA, 0xAA, 0xAA, 0xAA, 
0xA8, 0x3F, 0xD5, 0x55, 0x55, 0x55, 0x55, 0x55, 0x55, 0x55, 0x55, 
0x55, 0x55, 0x55, 0x55, 0x55, 0x55, 0x55, 0x55, 0x55, 0x55, 0x55, 
0x55, 0x55, 0x55, 0x55, 0x55, 0xFF, 0xFC, 0x0, 0xA, 0xAA, 0xAA, 
0xAA, 0xAA, 0xAA, 0xAA, 0xAA, 0xAA, 0xAA, 0xAA, 0xAA, 0xAA, 0xAA, 
0x0, 0xA, 0xA0, 0x0, 0x2A, 0xAA, 0xC7, 0xFF, 0xF5, 0x55, 0xFF, 
0xFD, 0x0, 0xAA, 0xAA, 0xAA, 0xAA, 0xAA, 0xA0, 0x0, 0x2, 0x0, 
0x0, 0xA, 0xAA, 0xA0, 0x2, 0xFF, 0xFF, 0xFF, 0xFF, 0x3, 0xF6, 
0xA7, 0xFF, 0xFF, 0xFF, 0xFF, 0xFF, 0xFF, 0xFE, 0xA9, 0xF8, 0x22, 
0xFF, 0xFF, 0xFF, 0xFF, 0xFF, 0xF4, 0x0, 0x0, 0xAA, 0xA0, 0x0, 
0xAA, 0xA8, 0x3F, 0x55, 0x55, 0x55, 0x55, 0x55, 0x55, 0x55, 0x55, 
0x55, 0x55, 0x55, 0x55, 0x55, 0x55, 0x55, 0x55, 0x55, 0x55, 0x55, 
0x55, 0x55, 0x55, 0x55, 0x55, 0x55, 0xFF, 0xFC, 0x0, 0xA, 0xAA, 
0xAA, 0xAA, 0xAA, 0xAA, 0xAA, 0xAA, 0xAA, 0xAA, 0xAA, 0xAA, 0xAA, 
0xAA, 0x0, 0xA, 0xA0, 0x0, 0x2A, 0xAA, 0xE0, 0x7F, 0xFF, 0x57, 
0xFD, 0x68, 0x0, 0xAA, 0xAA, 0xAA, 0xAA, 0xAA, 0xA0, 0x0, 0x0, 
0x0, 0x0, 0x0, 0xAA, 0xAA, 0x0, 0x1F, 0xFF, 0xFF, 0xFF, 0x41, 
0xFE, 0xAA, 0xFF, 0xFF, 0xFF, 0xFF, 0xFF, 0xFF, 0xF6, 0xA9, 0xF8, 
0x21, 0xFF, 0xFF, 0xFF, 0xFF, 0xFF, 0x40, 0x0, 0x2A, 0xA8, 0x0, 
0x0, 0xA, 0xA8, 0x3F, 0x55, 0x55, 0x55, 0x55, 0x55, 0x55, 0x55, 
0x55, 0x55, 0x55, 0x55, 0x55, 0x55, 0x55, 0x55, 0x55, 0x55, 0x55, 
0x55, 0x55, 0x55, 0x55, 0x55, 0x55, 0x55, 0x7F, 0xFC, 0x0, 0xA, 
0xAA, 0xAA, 0xAA, 0xAA, 0xAA, 0xAA, 0xAA, 0xAA, 0xAA, 0xAA, 0xAA, 
0xAA, 0xAA, 0x0, 0xA, 0xA0, 0x0, 0x2A, 0xAA, 0xD0, 0x7, 0xFF, 
0xFF, 0xF8, 0x0, 0x2, 0xAA, 0xAA, 0xAA, 0xAA, 0xAA, 0x80, 0x0, 
0x0, 0x20, 0x0, 0x0, 0xA, 0xAA, 0x80, 0xB, 0xFF, 0xFF, 0xFF, 
0xC2, 0xFE, 0xAA, 0x9F, 0xFF, 0xFF, 0xFF, 0xFF, 0xFF, 0xFA, 0xA9, 
0xF0, 0x7, 0xFF, 0xFF, 0xFF, 0xFF, 0xF4, 0x0, 0x2, 0xAA, 0x80, 
0x0, 0x0, 0x2, 0xA0, 0x3F, 0x55, 0x55, 0x55, 0x55, 0x55, 0x55, 
0x55, 0x55, 0x55, 0x55, 0x55, 0x55, 0x55, 0x55, 0x55, 0x55, 0x55, 
0x55, 0x55, 0x55, 0x55, 0x55, 0x55, 0x55, 0x55, 0x7F, 0xFE, 0x0, 
0xA, 0xAA, 0xAA, 0xAA, 0xAA, 0xAA, 0xAA, 0xAA, 0xAA, 0xAA, 0xAA, 
0xAA, 0xAA, 0xAA, 0x0, 0x2, 0xA0, 0x0, 0xAA, 0xAA, 0xF0, 0x0, 
0x1F, 0xFF, 0xF4, 0x0, 0x0, 0xAA, 0xAA, 0xAA, 0xAA, 0xAA, 0x0, 
0x0, 0x0, 0x0, 0x0, 0x0, 0x0, 0xAA, 0xA8, 0x0, 0xBF, 0xFF, 
0xFF, 0xE0, 0xFF, 0xAA, 0xAB, 0xFF, 0xFF, 0xFF, 0xFF, 0xFF, 0xEA, 
0xE9, 0xD0, 0x1F, 0xFF, 0xFF, 0xFF, 0xFF, 0x40, 0x0, 0x2A, 0xA0, 
0x0, 0x0, 0x0, 0x0, 0xA0, 0x3F, 0x55, 0x55, 0x55, 0x55, 0x55, 
0x55, 0x55, 0x55, 0x55, 0x55, 0x55, 0x55, 0x55, 0x55, 0x55, 0x55, 
0x55, 0x55, 0x55, 0x55, 0x55, 0x55, 0x55, 0x55, 0x55, 0x7F, 0xFD, 
0x0, 0xA, 0xAA, 0xAA, 0xAA, 0xAA, 0xAA, 0xAA, 0xAA, 0x0, 0x2, 
0xAA, 0xAA, 0xAA, 0xAA, 0x0, 0x0, 0x80, 0x0, 0xAA, 0xAA, 0xF8, 
0x80, 0x2, 0xFF, 0xFF, 0x60, 0x0, 0xA, 0xAA, 0xAA, 0xAA, 0xAA, 
0x0, 0x0, 0x28, 0x0, 0x0, 0x0, 0x0, 0x2, 0xAA, 0x0, 0x2B, 
0xFF, 0xFF, 0xF0, 0xBF, 0xAB, 0xAA, 0xFF, 0xFF, 0xFF, 0xFF, 0xFF, 
0x6A, 0xE9, 0xD0, 0x1F, 0xFF, 0xFF, 0xFF, 0xFE, 0x0, 0x2, 0xAA, 
0x0, 0x0, 0x0, 0x0, 0x0, 0x0, 0xBF, 0x55, 0x55, 0x55, 0x55, 
0x55, 0x55, 0x55, 0x55, 0x55, 0x55, 0x55, 0x55, 0x55, 0x55, 0x55, 
0x55, 0x55, 0x55, 0x55, 0x55, 0x55, 0x55, 0x55, 0x55, 0x55, 0x5F, 
0xFF, 0x0, 0xA, 0xAA, 0xAA, 0xAA, 0xAA, 0xAA, 0x80, 0x0, 0x0, 
0x2, 0xAA, 0xAA, 0xAA, 0xAA, 0x0, 0x0, 0x0, 0x0, 0xAA, 0xAA, 
0xF4, 0xA8, 0x0, 0x7, 0xFF, 0xF8, 0x0, 0x0, 0xAA, 0xAA, 0xAA, 
0xA8, 0x2, 0x0, 0x2A, 0x80, 0x0, 0x0, 0x0, 0x0, 0x2A, 0xA0, 
0x2, 0x7F, 0xFF, 0xF8, 0x3F, 0x69, 0xD9, 0xFF, 0xFF, 0xFF, 0xFF, 
0xFD, 0xAB, 0xE9, 0xE0, 0xBF, 0xFF, 0xFF, 0xFF, 0xE0, 0x0, 0x2A, 
0xA0, 0x0, 0x0, 0x0, 0x0, 0x0, 0x0, 0x7F, 0x55, 0x55, 0x55, 
0x55, 0x55, 0x55, 0x55, 0x55, 0x55, 0x55, 0x55, 0x55, 0x55, 0x55, 
0x55, 0x55, 0x55, 0x55, 0x55, 0x55, 0x55, 0x55, 0x55, 0x55, 0x55, 
0x5F, 0xFF, 0x0, 0xA, 0xAA, 0xAA, 0xAA, 0xAA, 0x0, 0x0, 0x0, 
0x0, 0x0, 0xAA, 0xAA, 0xAA, 0xAA, 0x0, 0x0, 0x0, 0x0, 0xAA, 
0xAA, 0xFC, 0xAA, 0x80, 0x0, 0x7F, 0xFE, 0x0, 0x0, 0xA, 0xAA, 
0xAA, 0xA8, 0x0, 0x0, 0xA, 0x80, 0x2, 0xA0, 0x0, 0x0, 0x2, 
0xA8, 0x0, 0x27, 0xFF, 0xF8, 0x1F, 0xEA, 0xFF, 0xFF, 0xFF, 0xFF, 
0xFF, 0xFD, 0xA7, 0xE9, 0xE0, 0x7F, 0xFF, 0xFF, 0xFD, 0x0, 0x0, 
0xAA, 0x0, 0x0, 0x0, 0x0, 0x0, 0x0, 0x0, 0x7F, 0x55, 0x55, 
0x55, 0x55, 0x55, 0x55, 0x55, 0x55, 0x55, 0x55, 0x55, 0x55, 0x55, 
0x55, 0x55, 0x55, 0x55, 0x55, 0x55, 0x55, 0x55, 0x55, 0x55, 0x55, 
0x55, 0x57, 0xFF, 0x0, 0xA, 0xAA, 0xAA, 0xAA, 0xAA, 0x0, 0x0, 
0x0, 0x0, 0x0, 0xAA, 0xAA, 0xAA, 0xAA, 0x0, 0x0, 0x0, 0x0, 
0xAA, 0xAA, 0xFD, 0x2A, 0xA8, 0x0, 0x7, 0xFF, 0x80, 0x0, 0x0, 
0xAA, 0xAA, 0xA8, 0x0, 0x8, 0xA, 0x80, 0x2, 0x80, 0x0, 0x0, 
0x0, 0x2A, 0x80, 0x2, 0x7F, 0xFC, 0x2F, 0xDA, 0x7F, 0xFF, 0xFF, 
0xFF, 0xFF, 0xFE, 0x9F, 0xE9, 0xC0, 0xFF, 0xFF, 0xFF, 0xD8, 0x0, 
0xA, 0xA8, 0x0, 0x0, 0x0, 0x0, 0x0, 0x0, 0x0, 0x3F, 0xD5, 
0x55, 0x55, 0x55, 0x55, 0x55, 0x55, 0x55, 0x55, 0x55, 0x55, 0x55, 
0x55, 0x55, 0x55, 0x55, 0x55, 0x55, 0x55, 0x55, 0x55, 0x55, 0x55, 
0x55, 0x55, 0x57, 0xFF, 0x80, 0x2, 0xAA, 0xAA, 0xAA, 0xAA, 0x0, 
0x0, 0x0, 0x0, 0x0, 0x2A, 0xAA, 0xAA, 0xAA, 0x0, 0x0, 0x8, 
0x0, 0xAA, 0xAA, 0x7F, 0x2, 0xAA, 0x80, 0x2, 0x7F, 0xF8, 0x0, 
0x0, 0x2A, 0xAA, 0xA8, 0x0, 0x8, 0x2, 0x80, 0xA, 0x80, 0x0, 
0x0, 0x0, 0x2, 0xA0, 0x0, 0x9F, 0xFE, 0xF, 0xFA, 0x7F, 0xFF, 
0xFF, 0xFF, 0xFF, 0xF6, 0xBF, 0xE9, 0x42, 0xFF, 0xFF, 0xFF, 0x40, 
0x2, 0xAA, 0x80, 0x0, 0x0, 0x0, 0x0, 0x0, 0x0, 0x0, 0x2F, 
0xF5, 0x55, 0x55, 0x55, 0x55, 0x55, 0x55, 0x55, 0x55, 0x55, 0x55, 
0x55, 0x55, 0x55, 0x55, 0x55, 0x55, 0x55, 0x55, 0x55, 0x55, 0x55, 
0x55, 0x55, 0x55, 0x57, 0xFF, 0xC0, 0x2, 0xAA, 0xAA, 0xAA, 0xAA, 
0x80, 0x0, 0x2A, 0xA8, 0x0, 0x2A, 0xAA, 0xAA, 0xAA, 0x0, 0x0, 
0x0, 0x2, 0xAA, 0xAA, 0x7F, 0xA, 0xAA, 0xA8, 0x0, 0x2F, 0xD0, 
0x0, 0x0, 0x2, 0xAA, 0xA8, 0x0, 0xA, 0x0, 0x80, 0xA, 0x0, 
0x0, 0x0, 0x0, 0x0, 0x2A, 0x0, 0x9, 0xFE, 0x7, 0xFD, 0xF5, 
0xFF, 0xFF, 0xFF, 0xFE, 0x26, 0x7F, 0x6B, 0x41, 0xFF, 0xFF, 0xFE, 
0x0, 0xA, 0xA8, 0x0, 0x0, 0x0, 0x0, 0x0, 0x0, 0xA0, 0x0, 
0xB, 0xFD, 0x55, 0x55, 0x55, 0x55, 0x55, 0x55, 0x55, 0x55, 0x55, 
0x55, 0x55, 0x55, 0x55, 0x55, 0x55, 0x55, 0x55, 0x55, 0x55, 0x55, 
0x55, 0x55, 0x55, 0x55, 0x55, 0xFF, 0xC0, 0x2, 0xAA, 0xAA, 0xAA, 
0xAA, 0x80, 0xA, 0xAA, 0xAA, 0x0, 0xA, 0xAA, 0xAA, 0xAA, 0x0, 
0x20, 0x0, 0x2, 0xAA, 0xAA, 0x7F, 0x82, 0xAA, 0xAA, 0x0, 0x2, 
0xC2, 0xA0, 0x0, 0x0, 0xAA, 0xA8, 0x0, 0xA, 0x0, 0x80, 0xA, 
0x0, 0x0, 0x0, 0x0, 0x0, 0xA, 0x80, 0x0, 0xBF, 0xB, 0xFF, 
0xE0, 0x7F, 0xFF, 0xFF, 0xF0, 0x1, 0xFF, 0xAB, 0x41, 0xFF, 0xFF, 
0xF8, 0x0, 0xAA, 0x80, 0x0, 0x0, 0x0, 0x0, 0x2, 0x80, 0xA8, 
0x0, 0x2, 0xFF, 0x55, 0x55, 0x55, 0x55, 0x55, 0x55, 0x55, 0x55, 
0x55, 0x55, 0x55, 0x55, 0x55, 0x55, 0x55, 0x55, 0x55, 0x55, 0x55, 
0x55, 0x55, 0x55, 0x55, 0x55, 0x55, 0xFF, 0xE0, 0x2, 0xAA, 0xAA, 
0xAA, 0xAA, 0x80, 0xA, 0xAA, 0xAA, 0x0, 0xA, 0xAA, 0xAA, 0xAA, 
0x0, 0x20, 0x0, 0x2, 0xAA, 0xAA, 0x5F, 0xC2, 0xAA, 0xAA, 0xA0, 
0x0, 0x2, 0xAA, 0x0, 0x0, 0xA, 0xAA, 0x0, 0x2, 0x80, 0x0, 
0xA, 0x0, 0x0, 0x0, 0x0, 0x0, 0x0, 0xA8, 0x0, 0x1F, 0x83, 
0xFF, 0x80, 0x1F, 0xFF, 0xFF, 0xE0, 0x0, 0xBF, 0x6B, 0x83, 0xFF, 
0xFF, 0xC0, 0x2, 0xAA, 0x0, 0x0, 0x0, 0x0, 0x0, 0xA, 0x80, 
0x2A, 0x0, 0x0, 0x7F, 0xD5, 0x55, 0x55, 0x55, 0x55, 0x55, 0x55, 
0x55, 0x55, 0x55, 0x55, 0x55, 0x55, 0x55, 0x55, 0x55, 0x55, 0x55, 
0x55, 0x55, 0x55, 0x55, 0x55, 0x55, 0x55, 0x7F, 0xD8, 0x2, 0xAA, 
0xAA, 0xAA, 0xAA, 0x80, 0xA, 0xAA, 0xAA, 0x80, 0xA, 0xAA, 0xAA, 
0xAA, 0x0, 0x18, 0x0, 0x2, 0xAA, 0xAA, 0x5F, 0xC0, 0xAA, 0xAA, 
0xA8, 0x0, 0x2, 0xAA, 0xA0, 0x0, 0x2, 0xAA, 0x0, 0x2, 0x80, 
0x0, 0x28, 0xA0, 0x0, 0x0, 0x0, 0x0, 0x0, 0xA, 0x0, 0x7, 
0x42, 0xFD, 0x0, 0xF, 0xFF, 0xFF, 0x40, 0x0, 0x7, 0xFF, 0x83, 
0xFF, 0xFD, 0x0, 0x2A, 0xA0, 0x0, 0x0, 0x0, 0x0, 0x0, 0xA, 
0xA0, 0x2A, 0x0, 0x0, 0x1F, 0xF5, 0x55, 0x55, 0x55, 0x55, 0x55, 
0x55, 0x55, 0x55, 0x55, 0x55, 0x55, 0x55, 0x55, 0x55, 0x55, 0x55, 
0x55, 0x55, 0x55, 0x55, 0x55, 0x55, 0x55, 0x55, 0x7F, 0xF8, 0x0, 
0xAA, 0xAA, 0xAA, 0xAA, 0x80, 0x2, 0xAA, 0xAA, 0x80, 0x2, 0xAA, 
0xAA, 0xAA, 0x0, 0x14, 0x0, 0xA, 0xAA, 0xAA, 0x5F, 0xE0, 0xAA, 
0xAA, 0xAA, 0x80, 0x0, 0xAA, 0xA0, 0x0, 0x0, 0x2A, 0x80, 0x0, 
0x0, 0x0, 0x2A, 0xA0, 0x0, 0x0, 0x0, 0x0, 0x0, 0x2, 0xA0, 
0xB, 0xC0, 0xFC, 0x0, 0x2, 0xAA, 0xAA, 0xAA, 0x96, 0x2, 0xFF, 
0xB, 0xFF, 0xF8, 0x0, 0xAA, 0x0, 0x0, 0x0, 0x0, 0x0, 0x0, 
0x2, 0xA8, 0xA, 0x80, 0x0, 0xF, 0xFD, 0x55, 0x55, 0x55, 0x55, 
0x55, 0x55, 0x55, 0x55, 0x55, 0x55, 0x55, 0x55, 0x55, 0x55, 0x55, 
0x55, 0x55, 0x55, 0x55, 0x55, 0x55, 0x55, 0x55, 0x55, 0x7F, 0xF4, 
0x0, 0xAA, 0xAA, 0xAA, 0xAA, 0x80, 0x2, 0xAA, 0xAA, 0xA0, 0x2, 
0xAA, 0xAA, 0xAA, 0x0, 0x14, 0x0, 0xA, 0xAA, 0xAA, 0x5F, 0xD0, 
0x2A, 0xAA, 0xAA, 0xA0, 0x0, 0x2A, 0xA0, 0x0, 0x0, 0xA, 0xA0, 
0x0, 0x0, 0x0, 0x2A, 0xA0, 0x0, 0x0, 0x0, 0x0, 0x0, 0x0, 
0xA8, 0xB, 0xD0, 0x78, 0x2, 0xA7, 0xFF, 0xFF, 0xFF, 0xFF, 0x80, 
0x1D, 0x7, 0xFF, 0x60, 0x2, 0xA8, 0x0, 0x0, 0x0, 0x2, 0xA0, 
0x0, 0x2, 0xA8, 0xA, 0xA0, 0x0, 0x3, 0xFD, 0x55, 0x55, 0x55, 
0x55, 0x55, 0x55, 0x55, 0x55, 0x55, 0x55, 0x55, 0x55, 0x55, 0x55, 
0x55, 0x55, 0x55, 0x55, 0x55, 0x55, 0x55, 0x55, 0x55, 0x55, 0x5F, 
0xF8, 0x0, 0xAA, 0xAA, 0xAA, 0xAA, 0x80, 0x2, 0xAA, 0xAA, 0xA0, 
0x0, 0xAA, 0xAA, 0xAA, 0x0, 0x16, 0x0, 0xA, 0xAA, 0xAA, 0x57, 
0xF0, 0xA, 0xAA, 0xAA, 0xA8, 0x0, 0xA, 0xA0, 0xA, 0x0, 0x2, 
0xA8, 0x0, 0x0, 0x0, 0x2A, 0x80, 0x0, 0x0, 0x0, 0x0, 0x0, 
0x0, 0xA, 0x3, 0xD0, 0xB0, 0xB, 0xFF, 0xFF, 0xFF, 0xFF, 0xFF, 
0xD0, 0x6, 0x7, 0xFD, 0x0, 0xA, 0xA0, 0x0, 0x0, 0x0, 0xA, 
0xA8, 0x0, 0x0, 0xAA, 0x2, 0xA0, 0x0, 0x2, 0xFF, 0x55, 0x55, 
0x55, 0x55, 0x55, 0x55, 0x55, 0x55, 0x55, 0x55, 0x55, 0x55, 0x55, 
0x55, 0x55, 0x55, 0x55, 0x55, 0x55, 0x55, 0x55, 0x55, 0x55, 0x55, 
0x5F, 0xF8, 0x0, 0xAA, 0xAA, 0xAA, 0xAA, 0xA0, 0x2, 0xAA, 0xAA, 
0xA8, 0x0, 0xAA, 0xAA, 0xAA, 0x0, 0x15, 0x0, 0xA, 0xAA, 0xAA, 
0x57, 0xF0, 0xA2, 0xAA, 0xAA, 0xAA, 0x0, 0x0, 0x80, 0xA, 0xA0, 
0x2, 0xAA, 0xA0, 0x0, 0x0, 0x2A, 0x0, 0x0, 0x0, 0x0, 0xA0, 
0x0, 0x0, 0x2, 0xA2, 0x78, 0xA0, 0x2F, 0xFF, 0xFF, 0xFF, 0xFF, 
0xFF, 0xF4, 0x0, 0xF, 0xF4, 0x0, 0x2A, 0x0, 0x0, 0x0, 0x0, 
0xAA, 0xA8, 0x0, 0x0, 0x2A, 0x80, 0xA8, 0x0, 0x0, 0xFF, 0xD5, 
0x55, 0x55, 0x55, 0x55, 0x55, 0x55, 0x55, 0x55, 0x55, 0x55, 0x55, 
0x55, 0x55, 0x55, 0x55, 0x55, 0x55, 0x55, 0x55, 0x55, 0x55, 0x55, 
0x55, 0x57, 0xF8, 0x0, 0x2A, 0xAA, 0xAA, 0xAA, 0xA0, 0x2, 0xAA, 
0xAA, 0xA8, 0x0, 0x2A, 0xAA, 0xAA, 0x80, 0x35, 0x0, 0xA, 0xAA, 
0xAA, 0x57, 0xF8, 0x8, 0x2A, 0xAA, 0xAA, 0xA0, 0x0, 0x0, 0xA, 
0xA8, 0x0, 0xAA, 0xA0, 0x0, 0x0, 0x2A, 0x0, 0x0, 0x0, 0x2A, 
0xA8, 0x0, 0x0, 0x0, 0xAA, 0xA8, 0x80, 0xBF, 0xFF, 0xFF, 0xFF, 
0xFF, 0xFF, 0xFF, 0x0, 0xF, 0xD0, 0x2, 0xA8, 0x0, 0x0, 0x0, 
0xA, 0xAA, 0xAA, 0x0, 0x0, 0x2A, 0x80, 0xAA, 0x0, 0x80, 0x3F, 
0xF5, 0x55, 0x55, 0x55, 0x55, 0x55, 0x55, 0x55, 0x55, 0x55, 0x55, 
0x55, 0x55, 0x55, 0x55, 0x55, 0x55, 0x55, 0x55, 0x55, 0x55, 0x55, 
0x55, 0x55, 0x57, 0xF4, 0x0, 0x2A, 0xAA, 0xAA, 0xAA, 0xA0, 0x2, 
0xAA, 0xAA, 0xAA, 0x0, 0x2A, 0xAA, 0xAA, 0x80, 0x3D, 0x80, 0xA, 
0xAA, 0xAA, 0x57, 0xF8, 0x0, 0x8A, 0xAA, 0xAA, 0xA8, 0x0, 0x0, 
0x2, 0xA8, 0x0, 0xAA, 0x80, 0x0, 0x0, 0x2A, 0x0, 0x0, 0x0, 
0xAA, 0xA0, 0x0, 0x0, 0x0, 0x2A, 0x80, 0x0, 0xBF, 0xFF, 0xFF, 
0xFF, 0xFF, 0xFF, 0xFF, 0xC0, 0x2F, 0xC0, 0x2, 0xA0, 0x0, 0x0, 
0x0, 0x2A, 0xAA, 0xAA, 0x80, 0x0, 0xA, 0xA0, 0x2A, 0x80, 0x80, 
0x1F, 0xFD, 0x55, 0x55, 0x55, 0x55, 0x55, 0x55, 0x55, 0x55, 0x55, 
0x55, 0x55, 0x55, 0x55, 0x55, 0x55, 0x55, 0x55, 0x55, 0x55, 0x55, 
0x55, 0x55, 0x55, 0x55, 0xFC, 0x0, 0xA, 0xAA, 0xAA, 0xAA, 0xA0, 
0x2, 0xAA, 0xAA, 0xAA, 0x0, 0x2A, 0xAA, 0xAA, 0x80, 0xBF, 0x40, 
0xA, 0xAA, 0xAA, 
};

imageData gImage_400x300b1_settings PROGMEM = {
       (uint8_t *)  gImage_400x300b1,
       30000,
       400,
       300,
};


const static uint8_t gImage_400x300b2[] PROGMEM = {
 0xFF, 0xFF, 0xFF, 0xFF, 0xFF, 0xFF, 0xFF, 
0xFF, 0xFF, 0xFF, 0xFF, 0xFF, 0xFF, 0xFF, 0xFF, 
0xFF, 0xFF, 0xFF, 0xFF, 0xFF, 0xFF, 0xFF, 0xFF, 
0xFF, 0xFF, 0xFF, 0xFF, 0xFF, 0xFF, 0xFF, 0xFF, 
0xFF, 0xFF, 0xFF, 0xFF, 0xFF, 0xFF, 0xFF, 0xFF, 
0xFF, 0xFF, 0xFF, 0xFF, 0xFF, 0xFF, 0xFF, 0xFF, 
0xFF, 0xFF, 0xFF, 0xFF, 0xFF, 0xFF, 0xFF, 0xFF, 
0xFF, 0xFF, 0xFF, 0xFF, 0xFF, 0xFF, 0xFF, 0xFF, 
0xFF, 0xFF, 0xFF, 0xFF, 0xFF, 0xFF, 0xFF, 0xFF, 
0xFF, 0xFF, 0xFF, 0xFF, 0xFF, 0xFF, 0xFF, 0xFF, 
0xFF, 0xFF, 0xFF, 0xFF, 0xFF, 0xFF, 0xFF, 0xFF, 
0xFF, 0xFF, 0xFF, 0xFF, 0xFF, 0xFF, 0xFF, 0xFF, 
0xFF, 0xFF, 0xFF, 0xFF, 0xFF, 0xFF, 0xFF, 0xFF, 
0xFF, 0xFF, 0xFF, 0xFF, 0xFF, 0xFF, 0xFF, 0xFF, 
0xFF, 0xFF, 0xFF, 0xFF, 0xFF, 0xFF, 0xFF, 0xFF, 
0xFF, 0xFF, 0xFF, 0xFF, 0xFF, 0xFF, 0xFF, 0xFF, 
0xFF, 0xFF, 0xFF, 0xFF, 0xFF, 0xFF, 0xFF, 0xFF, 
0xFF, 0xFF, 0xFF, 0xFF, 0xFF, 0xFF, 0xFF, 0xFF, 
0xFF, 0xFF, 0xFF, 0xFF, 0xFF, 0xFF, 0xFF, 0xFF, 
0xFF, 0xFF, 0xFF, 0xFF, 0xFF, 0xFF, 0xFF, 0xFF, 
0xFF, 0xFF, 0xFF, 0xFF, 0xFF, 0xFF, 0xFF, 0xFF, 
0xFF, 0xFF, 0xFF, 0xFF, 0xFF, 0xFF, 0xFF, 0xFF, 
0xFF, 0xFF, 0xFF, 0xFF, 0xFF, 0xFF, 0xFF, 0xFF, 
0xFF, 0xFF, 0xFF, 0xFF, 0xFF, 0xFF, 0xFF, 0xFF, 
0xFF, 0xFF, 0xFF, 0xFF, 0xFF, 0xFF, 0xFF, 0xFF, 
0xFF, 0xFF, 0xFF, 0xFF, 0xFF, 0xFF, 0xFF, 0xFF, 
0xFF, 0xFF, 0xFF, 0xFF, 0xFF, 0xFF, 0xFF, 0xFF, 
0xFF, 0xFF, 0xFF, 0xFF, 0xFF, 0xFF, 0xFF, 0xFF, 
0xFF, 0xFF, 0xFF, 0xFF, 0xFF, 0xFF, 0xFF, 0xFF, 
0xFF, 0xFF, 0xFF, 0xFF, 0xFF, 0xFF, 0xFF, 0xFF, 
0xFF, 0xFF, 0xFF, 0xFF, 0xFF, 0xFF, 0xFF, 0xFF, 
0xFF, 0xFF, 0xFF, 0xFF, 0xFF, 0xFF, 0xFF, 0xFF, 
0xFF, 0xFF, 0xFF, 0xFF, 0xFF, 0xFF, 0xFF, 0xFF, 
0xFF, 0xFF, 0xFF, 0xFF, 0xFF, 0xFF, 0xFF, 0xFF, 
0xFF, 0xFF, 0xFF, 0xFF, 0xFF, 0xFF, 0xFF, 0xFF, 
0xFF, 0xFF, 0xFF, 0xFF, 0xFF, 0xFF, 0xFF, 0xFF, 
0xFF, 0xFF, 0xFF, 0xFF, 0xFF, 0xFF, 0xFF, 0xFF, 
0xFF, 0xFF, 0xFF, 0xFF, 0xFF, 0xFF, 0xFF, 0xFF, 
0xFF, 0xFF, 0xFF, 0xFF, 0xFF, 0xFF, 0xFF, 0xFF, 
0xFF, 0xFF, 0xFF, 0xFF, 0xFF, 0xFF, 0xFF, 0xFF, 
0xFF, 0xFF, 0xFF, 0xFF, 0xFF, 0xFF, 0xFF, 0xFF, 
0xFF, 0xFF, 0xFF, 0xFF, 0xFF, 0xFF, 0xFF, 0xFF, 
0xFF, 0xFF, 0xFF, 0xFF, 0xFF, 0xFF, 0xFF, 0xFF, 
0xFF, 0xFF, 0xFF, 0xFF, 0xFF, 0xFF, 0xFF, 0xFF, 
0xFF, 0xFF, 0xFF, 0xFF, 0xFF, 0xFF, 0xFF, 0xFF, 
0xFF, 0xFF, 0xFF, 0xFF, 0xFF, 0xFF, 0xFF, 0xFF, 
0xFF, 0xFF, 0xFF, 0xFF, 0xFF, 0xFF, 0xFF, 0xFF, 
0xFF, 0xFF, 0xFF, 0xFF, 0xFF, 0xFF, 0xFF, 0xFF, 
0xFF, 0xFF, 0xFF, 0xFF, 0xFF, 0xFF, 0xFF, 0xFF, 
0xFF, 0xFF, 0xFF, 0xFF, 0xFF, 0xFF, 0xFF, 0xFF, 
0xFF, 0xFF, 0xFF, 0xFF, 0xFF, 0xFF, 0xFF, 0xFF, 
0xFF, 0xFF, 0xFF, 0xFF, 0xFF, 0xFF, 0xFF, 0xFF, 
0xFF, 0xFF, 0xFF, 0xFF, 0xFF, 0xFF, 0xFF, 0xFF, 
0xFF, 0xFF, 0xFF, 0xFF, 0xFF, 0xFF, 0xFF, 0xFF, 
0xFF, 0xFF, 0xFF, 0xFF, 0xFF, 0xFF, 0xFF, 0xFF, 
0xFF, 0xFF, 0xFF, 0xFF, 0xFF, 0xFF, 0xFF, 0xFF, 
0xFF, 0xFF, 0xFF, 0xFF, 0xFF, 0xFF, 0xFF, 0xFF, 
0xFF, 0xFF, 0xFF, 0xFF, 0xFF, 0xFF, 0xFF, 0xFF, 
0xFF, 0xFF, 0xFF, 0xFF, 0xFF, 0xFF, 0xFF, 0xFF, 
0xFF, 0xFF, 0xFF, 0xFF, 0xFF, 0xFF, 0xFF, 0xFF, 
0xFF, 0xFF, 0xFF, 0xFF, 0xFF, 0xFF, 0xFF, 0xFF, 
0xFF, 0xFF, 0xFF, 0xFF, 0xFF, 0xFF, 0xFF, 0xFF, 
0xFF, 0xFF, 0xFF, 0xFF, 0xFF, 0xFF, 0xFF, 0xFF, 
0xFF, 0xFF, 0xFF, 0xFF, 0xFF, 0xFF, 0xFF, 0xFF, 
0xFF, 0xFF, 0xFF, 0xFF, 0xFF, 0xFF, 0xFF, 0xFF, 
0xFF, 0xFF, 0xFF, 0xFF, 0xFF, 0xFF, 0xFF, 0xFF, 
0xFF, 0xFF, 0xFF, 0xFF, 0xFF, 0xFF, 0xFF, 0xFF, 
0xFF, 0xFF, 0xFF, 0xFF, 0xFF, 0xFF, 0xFF, 0xFF, 
0xFF, 0xFF, 0xFF, 0xFF, 0xFF, 0xFF, 0xFF, 0xFF, 
0xFF, 0xFF, 0xFF, 0xFF, 0xFF, 0xFF, 0xFF, 0xFF, 
0xFF, 0xFF, 0xFF, 0xFF, 0xFF, 0xFF, 0xFF, 0xFF, 
0xFF, 0xFF, 0xFF, 0xFF, 0xFF, 0xFF, 0xFF, 0xFF, 
0xFF, 0xFF, 0xFF, 0xFF, 0xFF, 0xFF, 0xFF, 0xFF, 
0xFF, 0xFF, 0xFF, 0xFF, 0xFF, 0xFF, 0xFF, 0xFF, 
0xFF, 0xFF, 0xFF, 0xFF, 0xFF, 0xFF, 0xFF, 0xFF, 
0xFF, 0xFF, 0xFF, 0xFF, 0xFF, 0xFF, 0xFF, 0xFF, 
0xFF, 0xFF, 0xFF, 0xFF, 0xFF, 0xFF, 0xFF, 0xFF, 
0xFF, 0xFF, 0xFF, 0xFF, 0xFF, 0xFF, 0xFF, 0xFF, 
0xFF, 0xFF, 0xFF, 0xFF, 0xFF, 0xFF, 0xFF, 0xFF, 
0xFF, 0xFF, 0xFF, 0xFF, 0xFF, 0xFF, 0xFF, 0xFF, 
0xFF, 0xFF, 0xFF, 0xFF, 0xFF, 0xFF, 0xFF, 0xFF, 
0xFF, 0xFF, 0xFF, 0xFF, 0xFF, 0xFF, 0xFF, 0xFF, 
0xFF, 0xFF, 0xFF, 0xFF, 0xFF, 0xFF, 0xFF, 0xFF, 
0xFF, 0xFF, 0xFF, 0xFF, 0xFF, 0xFF, 0xFF, 0xFF, 
0xFF, 0xFF, 0xFF, 0xFF, 0xFF, 0xFF, 0xFF, 0xFF, 
0xFF, 0xFF, 0xFF, 0xFF, 0xFF, 0xFF, 0xFF, 0xFF, 
0xFF, 0xFF, 0xFF, 0xFF, 0xFF, 0xFF, 0xFF, 0xFF, 
0xFF, 0xFF, 0xFF, 0xFF, 0xFF, 0xFF, 0xFF, 0xFF, 
0xFF, 0xFF, 0xFF, 0xFF, 0xFF, 0xFF, 0xFF, 0xFF, 
0xFF, 0xFF, 0xFF, 0xFF, 0xFF, 0xFF, 0xFF, 0xFF, 
0xFF, 0xFF, 0xFF, 0xFF, 0xFF, 0xFF, 0xFF, 0xFF, 
0xFF, 0xFF, 0xFF, 0xFF, 0xFF, 0xFF, 0xFF, 0xFF, 
0xFF, 0xFF, 0xFF, 0xFF, 0xFF, 0xFF, 0xFF, 0xFF, 
0xFF, 0xFF, 0xFF, 0xFF, 0xFF, 0xFF, 0xFF, 0xFF, 
0xFF, 0xFF, 0xFF, 0xFF, 0xFF, 0xFF, 0xFF, 0xFF, 
0xFF, 0xFF, 0xFF, 0xFF, 0xFF, 0xFF, 0xFF, 0xFF, 
0xFF, 0xFF, 0xFF, 0xFF, 0xFF, 0xFF, 0xFF, 0xFF, 
0xFF, 0xFF, 0xFF, 0xFF, 0xFF, 0xFF, 0xFF, 0xFF, 
0xFF, 0xFF, 0xFF, 0xFF, 0xFF, 0xFF, 0xFF, 0xFF, 
0xFF, 0xFF, 0xFF, 0xFF, 0xFF, 0xFF, 0xFF, 0xFF, 
0xFF, 0xFF, 0xFF, 0xFF, 0xFF, 0xFF, 0xFF, 0xFF, 
0xFF, 0xFF, 0xFF, 0xFF, 0xFF, 0xFF, 0xFF, 0xFF, 
0xFF, 0xFF, 0xFF, 0xFF, 0xFF, 0xFF, 0xFF, 0xFF, 
0xFF, 0xFF, 0xFF, 0xFF, 0xFF, 0xFF, 0xFF, 0xFF, 
0xFF, 0xFF, 0xFF, 0xFF, 0xFF, 0xFF, 0xFF, 0xFF, 
0xFF, 0xFF, 0xFF, 0xFF, 0xFF, 0xFF, 0xFF, 0xFF, 
0xFF, 0xFF, 0xFF, 0xFF, 0xFF, 0xFF, 0xFF, 0xFF, 
0xFF, 0xFF, 0xFF, 0xFF, 0xFF, 0xFF, 0xFF, 0xFF, 
0xFF, 0xFF, 0xFF, 0xFF, 0xFF, 0xFF, 0xFF, 0xFF, 
0xFF, 0xFF, 0xFF, 0xFF, 0xFF, 0xFF, 0xFF, 0xFF, 
0xFF, 0xFF, 0xFF, 0xFF, 0xFF, 0xFF, 0xFF, 0xFF, 
0xFF, 0xFF, 0xFF, 0xFF, 0xFF, 0xFF, 0xFF, 0xFF, 
0xFF, 0xFF, 0xFF, 0xFF, 0xFF, 0xFF, 0xFF, 0xFF, 
0xFF, 0xFF, 0xFF, 0xFF, 0xFF, 0xFF, 0xFF, 0xFF, 
0xFF, 0xFF, 0xFF, 0xFF, 0xFF, 0xFF, 0xFF, 0xFF, 
0xFF, 0xFF, 0xFF, 0xFF, 0xFF, 0xFF, 0xFF, 0xFF, 
0xFF, 0xFF, 0xFF, 0xFF, 0xFF, 0xFF, 0xFF, 0xFF, 
0xFF, 0xFF, 0xFF, 0xFF, 0xFF, 0xFF, 0xFF, 0xFF, 
0xFF, 0xFF, 0xFF, 0xFF, 0xFF, 0xFF, 0xFF, 0xFF, 
0xFF, 0xFF, 0xFF, 0xFF, 0xFF, 0xFF, 0xFF, 0xFF, 
0xFF, 0xFF, 0xFF, 0xFF, 0xFF, 0xFF, 0xFF, 0xFF, 
0xFF, 0xFF, 0xFF, 0xFF, 0xFF, 0xFF, 0xFF, 0xFF, 
0xFF, 0xFF, 0xFF, 0xFF, 0xFF, 0xFF, 0xFF, 0xFF, 
0xFF, 0xFF, 0xFF, 0xFF, 0xFF, 0xFF, 0xFF, 0xFF, 
0xFF, 0xFF, 0xFF, 0xFF, 0xFF, 0xFF, 0xFF, 0xFF, 
0xFF, 0xFF, 0xFF, 0xFF, 0xFF, 0xFF, 0xFF, 0xFF, 
0xFF, 0xFF, 0xFF, 0xFF, 0xFF, 0xFF, 0xFF, 0xFF, 
0xFF, 0xFF, 0xFF, 0xFF, 0xFF, 0xFF, 0xFF, 0xFF, 
0xFF, 0xFF, 0xFF, 0xFF, 0xFF, 0xFF, 0xFF, 0xFF, 
0xFF, 0xFF, 0xFF, 0xFF, 0xFF, 0xFF, 0xFF, 0xFF, 
0xFF, 0xFF, 0xFF, 0xFF, 0xFF, 0xFF, 0xFF, 0xFF, 
0xFF, 0xFF, 0xFF, 0xFF, 0xFF, 0xFF, 0xFF, 0xFF, 
0xFF, 0xFF, 0xFF, 0xFF, 0xFF, 0xFF, 0xFF, 0xFF, 
0xFF, 0xFF, 0xFF, 0xFF, 0xFF, 0xFF, 0xFF, 0xFF, 
0xFF, 0xFF, 0xFF, 0xFF, 0xFF, 0xFF, 0xFF, 0xFF, 
0xFF, 0xFF, 0xFF, 0xFF, 0xFF, 0xFF, 0xFF, 0xFF, 
0xFF, 0xFF, 0xFF, 0xFF, 0xFF, 0xFF, 0xFF, 0xFF, 
0xFF, 0xFF, 0xFF, 0xFF, 0xFF, 0xFF, 0xFF, 0xFF, 
0xFF, 0xFF, 0xFF, 0xFF, 0xFF, 0xFF, 0xFF, 0xFF, 
0xFF, 0xFF, 0xFF, 0xFF, 0xFF, 0xFF, 0xFF, 0xFF, 
0xFF, 0xFF, 0xFF, 0xFF, 0xFF, 0xFF, 0xFF, 0xFF, 
0xFF, 0xFF, 0xFF, 0xFF, 0xFF, 0xFF, 0xFF, 0xFF, 
0xFF, 0xFF, 0xFF, 0xFF, 0xFF, 0xFF, 0xFF, 0xFF, 
0xFF, 0xFF, 0xFF, 0xFF, 0xFF, 0xFF, 0xFF, 0xFF, 
0xFF, 0xFF, 0xFF, 0xFF, 0xFF, 0xFF, 0xFF, 0xFF, 
0xFF, 0xFF, 0xFF, 0xFF, 0xFF, 0xFF, 0xFF, 0xFF, 
0xFF, 0xFF, 0xFF, 0xFF, 0xFF, 0xFF, 0xFF, 0xFF, 
0xFF, 0xFF, 0xFF, 0xFF, 0xFF, 0xFF, 0xFF, 0xFF, 
0xFF, 0xFF, 0xFF, 0xFF, 0xFF, 0xFF, 0xFF, 0xFF, 
0xFF, 0xFF, 0xFF, 0xFF, 0xFF, 0xFF, 0xFF, 0xFF, 
0xFF, 0xFF, 0xFF, 0xFF, 0xFF, 0xFF, 0xFF, 0xFF, 
0xFF, 0xFF, 0xFF, 0xFF, 0xFF, 0xFF, 0xFF, 0xFF, 
0xFF, 0xFF, 0xFF, 0xFF, 0xFF, 0xFF, 0xFF, 0xFF, 
0xFF, 0xFF, 0xFF, 0xFF, 0xFF, 0xFF, 0xFF, 0xFF, 
0xFF, 0xFF, 0xFF, 0xFF, 0xFF, 0xFF, 0xFF, 0xFF, 
0xFF, 0xFF, 0xFF, 0xFF, 0xFF, 0xFF, 0xFF, 0xFF, 
0xFF, 0xFF, 0xFF, 0xFF, 0xFF, 0xFF, 0xFF, 0xFF, 
0xFF, 0xFF, 0xFF, 0xFF, 0xFF, 0xFF, 0xFF, 0xFF, 
0xFF, 0xFF, 0xFF, 0xFF, 0xFF, 0xFF, 0xFF, 0xFF, 
0xFF, 0xFF, 0xFF, 0xFF, 0xFF, 0xFF, 0xFF, 0xFF, 
0xFF, 0xFF, 0xFF, 0xFF, 0xFF, 0xFF, 0xFF, 0xFF, 
0xFF, 0xFF, 0xFF, 0xFF, 0xFF, 0xFF, 0xFF, 0xFF, 
0xFF, 0xFF, 0xFF, 0xFF, 0xFF, 0xFF, 0xFF, 0xFF, 
0xFF, 0xFF, 0xFF, 0xFF, 0xFF, 0xFF, 0xFF, 0xFF, 
0xFF, 0xFF, 0xFF, 0xFF, 0xFF, 0xFF, 0xFF, 0xFF, 
0xFF, 0xFF, 0xFF, 0xFF, 0xFF, 0xFF, 0xFF, 0xFF, 
0xFF, 0xFF, 0xFF, 0xFF, 0xFF, 0xFF, 0xFF, 0xFF, 
0xFF, 0xFF, 0xFF, 0xFF, 0xFF, 0xFF, 0xFF, 0xFF, 
0xFF, 0xFF, 0xFF, 0xFF, 0xFF, 0xFF, 0xFF, 0xFF, 
0xFF, 0xFF, 0xFF, 0xFF, 0xFF, 0xFF, 0xFF, 0xFF, 
0xFF, 0xFF, 0xFF, 0xFF, 0xFF, 0xFF, 0xFF, 0xFF, 
0xFF, 0xFF, 0xFF, 0xFF, 0xFF, 0xFF, 0xFF, 0xFF, 
0xFF, 0xFF, 0xFF, 0xFF, 0xFF, 0xFF, 0xFF, 0xFF, 
0xFF, 0xFF, 0xFF, 0xFF, 0xFF, 0xFF, 0xFF, 0xFF, 
0xFF, 0xFF, 0xFF, 0xFF, 0xFF, 0xFF, 0xFF, 0xFF, 
0xFF, 0xFF, 0xFF, 0xFF, 0xFF, 0xFF, 0xFF, 0xFF, 
0xFF, 0xFF, 0xFF, 0xFF, 0xFF, 0xFF, 0xFF, 0xFF, 
0xFF, 0xFF, 0xFF, 0xFF, 0xFF, 0xFF, 0xFF, 0xFF, 
0xFF, 0xFF, 0xFF, 0xFF, 0xFF, 0xFF, 0xFF, 0xFF, 
0xFF, 0xFF, 0xFF, 0xFF, 0xFF, 0xFF, 0xFF, 0xFF, 
0xFF, 0xFF, 0xFF, 0xFF, 0xFF, 0xFF, 0xFF, 0xFF, 
0xFF, 0xFF, 0xFF, 0xFF, 0xFF, 0xFF, 0xFF, 0xFF, 
0xFF, 0xFF, 0xFF, 0xFF, 0xFF, 0xFF, 0xFF, 0xFF, 
0xFF, 0xFF, 0xFF, 0xFF, 0xFF, 0xFF, 0xFF, 0xFF, 
0xFF, 0xFF, 0xFF, 0xFF, 0xFF, 0xFF, 0xFF, 0xFF, 
0xFF, 0xFF, 0xFF, 0xFF, 0xFF, 0xFF, 0xFF, 0xFF, 
0xFF, 0xFF, 0xFF, 0xFF, 0xFF, 0xFF, 0xFF, 0xFF, 
0xFF, 0xFF, 0xFF, 0xFF, 0xFF, 0xFF, 0xFF, 0xFF, 
0xFF, 0xFF, 0xFF, 0xFF, 0xFF, 0xFF, 0xFF, 0xFF, 
0xFF, 0xFF, 0xFF, 0xFF, 0xFF, 0xFF, 0xFF, 0xFF, 
0xFF, 0xFF, 0xFF, 0xFF, 0xFF, 0xFF, 0xFF, 0xFF, 
0xFF, 0xFF, 0xFF, 0xFF, 0xFF, 0xFF, 0xFF, 0xFF, 
0xFF, 0xFF, 0xFF, 0xFF, 0xFF, 0xFF, 0xFF, 0xFF, 
0xFF, 0xFF, 0xFF, 0xFF, 0xFF, 0xFF, 0xFF, 0xFF, 
0xFF, 0xFF, 0xFF, 0xFF, 0xFF, 0xFF, 0xFF, 0xFF, 
0xFF, 0xFF, 0xFF, 0xFF, 0xFF, 0xFF, 0xFF, 0xFF, 
0xFF, 0xFF, 0xFF, 0xFF, 0xFF, 0xFF, 0xFF, 0xFF, 
0xFF, 0xFF, 0xFF, 0xFF, 0xFF, 0xFF, 0xFF, 0xFF, 
0xFF, 0xFF, 0xFF, 0xFF, 0xFF, 0xFF, 0xFF, 0xFF, 
0xFF, 0xFF, 0xFF, 0xFF, 0xFF, 0xFF, 0xFF, 0xFF, 
0xFF, 0xFF, 0xFF, 0xFF, 0xFF, 0xFF, 0xFF, 0xFF, 
0xFF, 0xFF, 0xFF, 0xFF, 0xFF, 0xFF, 0xFF, 0xFF, 
0xFF, 0xFF, 0xFF, 0xFF, 0xFF, 0xFF, 0xFF, 0xFF, 
0xFF, 0xFF, 0xFF, 0xFF, 0xFF, 0xFF, 0xFF, 0xFF, 
0xFF, 0xFF, 0xFF, 0xFF, 0xFF, 0xFF, 0xFF, 0xFF, 
0xFF, 0xFF, 0xFF, 0xFF, 0xFF, 0xFF, 0xFF, 0xFF, 
0xFF, 0xFF, 0xFF, 0xFF, 0xFF, 0xFF, 0xFF, 0xFF, 
0xFF, 0xFF, 0xFF, 0xFF, 0xFF, 0xFF, 0xFF, 0xFF, 
0xFF, 0xFF, 0xFF, 0xFF, 0xFF, 0xFF, 0xFF, 0xFF, 
0xFF, 0xFF, 0xFF, 0xFF, 0xFF, 0xFF, 0xFF, 0xFF, 
0xFF, 0xFF, 0xFF, 0xFF, 0xFF, 0xFF, 0xFF, 0xFF, 
0xFF, 0xFF, 0xFF, 0xFF, 0xFF, 0xFF, 0xFF, 0xFF, 
0xFF, 0xFF, 0xFF, 0xFF, 0xFF, 0xFF, 0xFF, 0xFF, 
0xFF, 0xFF, 0xFF, 0xFF, 0xFF, 0xFF, 0xFF, 0xFF, 
0xFF, 0xFF, 0xFF, 0xFF, 0xFF, 0xFF, 0xFF, 0xFF, 
0xFF, 0xFF, 0xFF, 0xFF, 0xFF, 0xFF, 0xFF, 0xFF, 
0xFF, 0xFF, 0xFF, 0xFF, 0xFF, 0xFF, 0xFF, 0xFF, 
0xFF, 0xFF, 0xFF, 0xFF, 0xFF, 0xFF, 0xFF, 0xFF, 
0xFF, 0xFF, 0xFF, 0xFF, 0xFF, 0xFF, 0xFF, 0xFF, 
0xFF, 0xFF, 0xFF, 0xFF, 0xFF, 0xFF, 0xFF, 0xFF, 
0xFF, 0xFF, 0xFF, 0xFF, 0xFF, 0xFF, 0xFF, 0xFF, 
0xFF, 0xFF, 0xFF, 0xFF, 0xFF, 0xFF, 0xFF, 0xFF, 
0xFF, 0xFF, 0xFF, 0xFF, 0xFF, 0xFF, 0xFF, 0xFF, 
0xFF, 0xFF, 0xFF, 0xFF, 0xFF, 0xFF, 0xFF, 0xFF, 
0xFF, 0xFF, 0xFF, 0xFF, 0xFF, 0xFF, 0xFF, 0xFF, 
0xFF, 0xFF, 0xFF, 0xFF, 0xFF, 0xFF, 0xFF, 0xFF, 
0xFF, 0xFF, 0xFF, 0xFF, 0xFF, 0xFF, 0xFF, 0xFF, 
0xFF, 0xFF, 0xFF, 0xFF, 0xFF, 0xFF, 0xFF, 0xFF, 
0xFF, 0xFF, 0xFF, 0xFF, 0xFF, 0xFF, 0xFF, 0xFF, 
0xFF, 0xFF, 0xFF, 0xFF, 0xFF, 0xFF, 0xFF, 0xFF, 
0xFF, 0xFF, 0xFF, 0xFF, 0xFF, 0xFF, 0xFF, 0xFF, 
0xFF, 0xFF, 0xFF, 0xFF, 0xFF, 0xFF, 0xFF, 0xFF, 
0xFF, 0xFF, 0xFF, 0xFF, 0xFF, 0xFF, 0xFF, 0xFF, 
0xFF, 0xFF, 0xFF, 0xFF, 0xFF, 0xFF, 0xFF, 0xFF, 
0xFF, 0xFF, 0xFF, 0xFF, 0xFF, 0xFF, 0xFF, 0xFF, 
0xFF, 0xFF, 0xFF, 0xFF, 0xFF, 0xFF, 0xFF, 0xFF, 
0xFF, 0xFF, 0xFF, 0xFF, 0xFF, 0xFF, 0xFF, 0xFF, 
0xFF, 0xFF, 0xFF, 0xFF, 0xFF, 0xFF, 0xFF, 0xFF, 
0xFF, 0xFF, 0xFF, 0xFF, 0xFF, 0xFF, 0xFF, 0xFF, 
0xFF, 0xFF, 0xFF, 0xFF, 0xFF, 0xFF, 0xFF, 0xFF, 
0xFF, 0xFF, 0xFF, 0xFF, 0xFF, 0xFF, 0xFF, 0xFF, 
0xFF, 0xFF, 0xFF, 0xFF, 0xFF, 0xFF, 0xFF, 0xFF, 
0xFF, 0xFF, 0xFF, 0xFF, 0xFF, 0xFF, 0xFF, 0xFF, 
0xFF, 0xFF, 0xFF, 0xFF, 0xFF, 0xFF, 0xFF, 0xFF, 
0xFF, 0xFF, 0xFF, 0xFF, 0xFF, 0xFF, 0xFF, 0xFF, 
0xFF, 0xFF, 0xFF, 0xFF, 0xFF, 0xFF, 0xFF, 0xFF, 
0xFF, 0xFF, 0xFF, 0xFF, 0xFF, 0xFF, 0xFF, 0xFF, 
0xFF, 0xFF, 0xFF, 0xFF, 0xFF, 0xFF, 0xFF, 0xFF, 
0xFF, 0xFF, 0xFF, 0xFF, 0xFF, 0xFF, 0xFF, 0xFF, 
0xFF, 0xFF, 0xFF, 0xFF, 0xFF, 0xFF, 0xFF, 0xFF, 
0xFF, 0xFF, 0xFF, 0xFF, 0xFF, 0xFF, 0xFF, 0xFF, 
0xFF, 0xFF, 0xFF, 0xFF, 0xFF, 0xFF, 0xFF, 0xFF, 
0xFF, 0xFF, 0xFF, 0xFF, 0xFF, 0xFF, 0xFF, 0xFF, 
0xFF, 0xFF, 0xFF, 0xFF, 0xFF, 0xFF, 0xFF, 0xFF, 
0xFF, 0xFF, 0xFF, 0xFF, 0xFF, 0xFF, 0xFF, 0xFF, 
0xFF, 0xFF, 0xFF, 0xFF, 0xFF, 0xFF, 0xFF, 0xFF, 
0xFF, 0xFF, 0xFF, 0xFF, 0xFF, 0xFF, 0xFF, 0xFF, 
0xFF, 0xFF, 0xFF, 0xFF, 0xFF, 0xFF, 0xFF, 0xFF, 
0xFF, 0xFF, 0xFF, 0xFF, 0xFF, 0xFF, 0xFF, 0xFF, 
0xFF, 0xFF, 0xFF, 0xFF, 0xFF, 0xFF, 0xFF, 0xFF, 
0xFF, 0xFF, 0xFF, 0xFF, 0xFF, 0xFF, 0xFF, 0xFF, 
0xFF, 0xFF, 0xFF, 0xFF, 0xFF, 0xFF, 0xFF, 0xFF, 
0xFF, 0xFF, 0xFF, 0xFF, 0xFF, 0xFF, 0xFF, 0xFF, 
0xFF, 0xFF, 0xFF, 0xFF, 0xFF, 0xFF, 0xFF, 0xFF, 
0xFF, 0xFF, 0xFF, 0xFF, 0xFF, 0xFF, 0xFF, 0xFF, 
0xFF, 0xFF, 0xFF, 0xFF, 0xFF, 0xFF, 0xFF, 0xFF, 
0xFF, 0xFF, 0xFF, 0xFF, 0xFF, 0xFF, 0xFF, 0xFF, 
0xFF, 0xFF, 0xFF, 0xFF, 0xFF, 0xFF, 0xFF, 0xFF, 
0xFF, 0xFF, 0xFF, 0xFF, 0xFF, 0xFF, 0xFF, 0xFF, 
0xFF, 0xFF, 0xFF, 0xFF, 0xFF, 0xFF, 0xFF, 0xFF, 
0xFF, 0xFF, 0xFF, 0xFF, 0xFF, 0xFF, 0xFF, 0xFF, 
0xFF, 0xFF, 0xFF, 0xFF, 0xFF, 0xFF, 0xFF, 0xFF, 
0xFF, 0xFF, 0xFF, 0xFF, 0xFF, 0xFF, 0xFF, 0xFF, 
0xFF, 0xFF, 0xFF, 0xFF, 0xFF, 0xFF, 0xFF, 0xFF, 
0xFF, 0xFF, 0xFF, 0xFF, 0xFF, 0xFF, 0xFF, 0xFF, 
0xFF, 0xFF, 0xFF, 0xFF, 0xFF, 0xFF, 0xFF, 0xFF, 
0xFF, 0xFF, 0xFF, 0xFF, 0xFF, 0xFF, 0xFF, 0xFF, 
0xFF, 0xFF, 0xFF, 0xFF, 0xFF, 0xFF, 0xFF, 0xFF, 
0xFF, 0xFF, 0xFF, 0xFF, 0xFF, 0xFF, 0xFF, 0xFF, 
0xFF, 0xFF, 0xFF, 0xFF, 0xFF, 0xFF, 0xFF, 0xFF, 
0xFF, 0xFF, 0xFF, 0xFF, 0xFF, 0xFF, 0xFF, 0xFF, 
0xFF, 0xFF, 0xFF, 0xFF, 0xFF, 0xFF, 0xFF, 0xFF, 
0xFF, 0xFF, 0xFF, 0xFF, 0xFF, 0xFF, 0xFF, 0xFF, 
0xFF, 0xFF, 0xFF, 0xFF, 0xFF, 0xFF, 0xFF, 0xFF, 
0xFF, 0xFF, 0xFF, 0xFF, 0xFF, 0xFF, 0xFF, 0xFF, 
0xFF, 0xFF, 0xFF, 0xFF, 0xFF, 0xFF, 0xFF, 0xFF, 
0xFF, 0xFF, 0xFF, 0xFF, 0xFF, 0xFF, 0xFF, 0xFF, 
0xFF, 0xFF, 0xFF, 0xFF, 0xFF, 0xFF, 0xFF, 0xFF, 
0xFF, 0xFF, 0xFF, 0xFF, 0xFF, 0xFF, 0xFF, 0xFF, 
0xFF, 0xFF, 0xFF, 0xFF, 0xFF, 0xFF, 0xFF, 0xFF, 
0xFF, 0xFF, 0xFF, 0xFF, 0xFF, 0xFF, 0xFF, 0xFF, 
0xFF, 0xFF, 0xFF, 0xFF, 0xFF, 0xFF, 0xFF, 0xFF, 
0xFF, 0xFF, 0xFF, 0xFF, 0xFF, 0xFF, 0xFF, 0xFF, 
0xFF, 0xFF, 0xFF, 0xFF, 0xFF, 0xFF, 0xFF, 0xFF, 
0xFF, 0xFF, 0xFF, 0xFF, 0xFF, 0xFF, 0xFF, 0xFF, 
0xFF, 0xFF, 0xFF, 0xFF, 0xFF, 0xFF, 0xFF, 0xFF, 
0xFF, 0xFF, 0xFF, 0xFF, 0xFF, 0xFF, 0xFF, 0xFF, 
0xFF, 0xFF, 0xFF, 0xFF, 0xFF, 0xFF, 0xFF, 0xFF, 
0xFF, 0xFF, 0xFF, 0xFF, 0xFF, 0xFF, 0xFF, 0xFF, 
0xFF, 0xFF, 0xFF, 0xFF, 0xFF, 0xFF, 0xFF, 0xFF, 
0xFF, 0xFF, 0xFF, 0xFF, 0xFF, 0xFF, 0xFF, 0xFF, 
0xFF, 0xFF, 0xFF, 0xFF, 0xFF, 0xFF, 0xFF, 0xFF, 
0xFF, 0xFF, 0xFF, 0xFF, 0xFF, 0xFF, 0xFF, 0xFF, 
0xFF, 0xFF, 0xFF, 0xFF, 0xFF, 0xFF, 0xFF, 0xFF, 
0xFF, 0xFF, 0xFF, 0xFF, 0xFF, 0xFF, 0xFF, 0xFF, 
0xFF, 0xFF, 0xFF, 0xFF, 0xFF, 0xFF, 0xFF, 0xFF, 
0xFF, 0xFF, 0xFF, 0xFF, 0xFF, 0xFF, 0xFF, 0xFF, 
0xFF, 0xFF, 0xFF, 0xFF, 0xFF, 0xFF, 0xFF, 0xFF, 
0xFF, 0xFF, 0xFF, 0xFF, 0xFF, 0xFF, 0xFF, 0xFF, 
0xFF, 0xFF, 0xFF, 0xFF, 0xFF, 0xFF, 0xFF, 0xFF, 
0xFF, 0xFF, 0xFF, 0xFF, 0xFF, 0xFF, 0xFF, 0xFF, 
0xFF, 0xFF, 0xFF, 0xFF, 0xFF, 0xFF, 0xFF, 0xFF, 
0xFF, 0xFF, 0xFF, 0xFF, 0xFF, 0xFF, 0xFF, 0xFF, 
0xFF, 0xFF, 0xFF, 0xFF, 0xFF, 0xFF, 0xFF, 0xFF, 
0xFF, 0xFF, 0xFF, 0xFF, 0xFF, 0xFF, 0xFF, 0xFF, 
0xFF, 0xFF, 0xFF, 0xFF, 0xFF, 0xFF, 0xFF, 0xFF, 
0xFF, 0xFF, 0xFF, 0xFF, 0xFF, 0xFF, 0xFF, 0xFF, 
0xFF, 0xFF, 0xFF, 0xFF, 0xFF, 0xFF, 0xFF, 0xFF, 
0xFF, 0xFF, 0xFF, 0xFF, 0xFF, 0xFF, 0xFF, 0xFF, 
0xFF, 0xFF, 0xFF, 0xFF, 0xFF, 0xFF, 0xFF, 0xFF, 
0xFF, 0xFF, 0xFF, 0xFF, 0xFF, 0xFF, 0xFF, 0xFF, 
0xFF, 0xFF, 0xFF, 0xFF, 0xFF, 0xFF, 0xFF, 0xFF, 
0xFF, 0xFF, 0xFF, 0xFF, 0xFF, 0xFF, 0xFF, 0xFF, 
0xFF, 0xFF, 0xFF, 0xFF, 0xFF, 0xFF, 0xFF, 0xFF, 
0xFF, 0xFF, 0xFF, 0xFF, 0xFF, 0xFF, 0xFF, 0xFF, 
0xFF, 0xFF, 0xFF, 0xFF, 0xFF, 0xFF, 0xFF, 0xFF, 
0xFF, 0xFF, 0xFF, 0xFF, 0xFF, 0xFF, 0xFF, 0xFF, 
0xFF, 0xFF, 0xFF, 0xFF, 0xFF, 0xFF, 0xFF, 0xFF, 
0xFF, 0xFF, 0xFF, 0xFF, 0xFF, 0xFF, 0xFF, 0xFF, 
0xFF, 0xFF, 0xFF, 0xFF, 0xFF, 0xFF, 0xFF, 0xFF, 
0xFF, 0xFF, 0xFF, 0xFF, 0xFF, 0xFF, 0xFF, 0xFF, 
0xFF, 0xFF, 0xFF, 0xFF, 0xFF, 0xFF, 0xFF, 0xFF, 
0xFF, 0xFF, 0xFF, 0xFF, 0xFF, 0xFF, 0xFF, 0xFF, 
0xFF, 0xFF, 0xFF, 0xFF, 0xFF, 0xFF, 0xFF, 0xFF, 
0xFF, 0xFF, 0xFF, 0xFF, 0xFF, 0xFF, 0xFF, 0xFF, 
0xFF, 0xFF, 0xFF, 0xFF, 0xFF, 0xFF, 0xFF, 0xFF, 
0xFF, 0xFF, 0xFF, 0xFF, 0xFF, 0xFF, 0xFF, 0xFF, 
0xFF, 0xFF, 0xFF, 0xFF, 0xFF, 0xFF, 0xFF, 0xFF, 
0xFF, 0xFF, 0xFF, 0xFF, 0xFF, 0xFF, 0xFF, 0xFF, 
0xFF, 0xFF, 0xFF, 0xFF, 0xFF, 0xFF, 0xFF, 0xFF, 
0xFF, 0xFF, 0xFF, 0xFF, 0xFF, 0xFF, 0xFF, 0xFF, 
0xFF, 0xFF, 0xFF, 0xFF, 0xFF, 0xFF, 0xFF, 0xFF, 
0xFF, 0xFF, 0xFF, 0xFF, 0xFF, 0xFF, 0xFF, 0xFF, 
0xFF, 0xFF, 0xFF, 0xFF, 0xFF, 0xFF, 0xFF, 0xFF, 
0xFF, 0xFF, 0xFF, 0xFF, 0xFF, 0xFF, 0xFF, 0xFF, 
0xFF, 0xFF, 0xFF, 0xFF, 0xFF, 0xFF, 0xFF, 0xFF, 
0xFF, 0xFF, 0xFF, 0xFF, 0xFF, 0xFF, 0xFF, 0xFF, 
0xFF, 0xFF, 0xFF, 0xFF, 0xFF, 0xFF, 0xFF, 0xFF, 
0xFF, 0xFF, 0xFF, 0xFF, 0xFF, 0xFF, 0xFF, 0xFF, 
0xFF, 0xFF, 0xFF, 0xFF, 0xFF, 0xFF, 0xFF, 0xFF, 
0xFF, 0xFF, 0xFF, 0xFF, 0xFF, 0xFF, 0xFF, 0xFF, 
0xFF, 0xFF, 0xFF, 0xFF, 0xFF, 0xFF, 0xFF, 0xFF, 
0xFF, 0xFF, 0xFF, 0xFF, 0xFF, 0xFF, 0xFF, 0xFF, 
0xFF, 0xFF, 0xFF, 0xFF, 0xFF, 0xFF, 0xFF, 0xFF, 
0xFF, 0xFF, 0xFF, 0xFF, 0xFF, 0xFF, 0xFF, 0xFF, 
0xFF, 0xFF, 0xFF, 0xFF, 0xFF, 0xFF, 0xFF, 0xFF, 
0xFF, 0xFF, 0xFF, 0xFF, 0xFF, 0xFF, 0xFF, 0xFF, 
0xFF, 0xFF, 0xFF, 0xFF, 0xFF, 0xFF, 0xFF, 0xFF, 
0xFF, 0xFF, 0xFF, 0xFF, 0xFF, 0xFF, 0xFF, 0xFF, 
0xFF, 0xFF, 0xFF, 0xFF, 0xFF, 0xFF, 0xFF, 0xFF, 
0xFF, 0xFF, 0xFF, 0xFF, 0xFF, 0xFF, 0xFF, 0xFF, 
0xFF, 0xFF, 0xFF, 0xFF, 0xFF, 0xFF, 0xFF, 0xFF, 
0xFF, 0xFF, 0xFF, 0xFF, 0xFF, 0xFF, 0xFF, 0xFF, 
0xFF, 0xFF, 0xFF, 0xFF, 0xFF, 0xFF, 0xFF, 0xFF, 
0xFF, 0xFF, 0xFF, 0xFF, 0xFF, 0xFF, 0xFF, 0xFF, 
0xFF, 0xFF, 0xFF, 0xFF, 0xFF, 0xFF, 0xFF, 0xFF, 
0xFF, 0xFF, 0xFF, 0xFF, 0xFF, 0xFF, 0xFF, 0xFF, 
0xFF, 0xFF, 0xFF, 0xFF, 0xFF, 0xFF, 0xFF, 0xFF, 
0xFF, 0xFF, 0xFF, 0xFF, 0xFF, 0xFF, 0xFF, 0xFF, 
0xFF, 0xFF, 0xFF, 0xFF, 0xFF, 0xFF, 0xFF, 0xFF, 
0xFF, 0xFF, 0xFF, 0xFF, 0xFF, 0xFF, 0xFF, 0xFF, 
0xFF, 0xFF, 0xFF, 0xFF, 0xFF, 0xFF, 0xFF, 0xFF, 
0xFF, 0xFF, 0xFF, 0xFF, 0xFF, 0xFF, 0xFF, 0xFF, 
0xFF, 0xFF, 0xFF, 0xFF, 0xFF, 0xFF, 0xFF, 0xFF, 
0xFF, 0xFF, 0xFF, 0xFF, 0xFF, 0xFF, 0xFF, 0xFF, 
0xFF, 0xFF, 0xFF, 0xFF, 0xFF, 0xFF, 0xFF, 0xFF, 
0xFF, 0xFF, 0xFF, 0xFF, 0xFF, 0xFF, 0xFF, 0xFF, 
0xFF, 0xFF, 0xFF, 0xFF, 0xFF, 0xFF, 0xFF, 0xFF, 
0xFF, 0xFF, 0xFF, 0xFF, 0xFF, 0xFF, 0xFF, 0xFF, 
0xFF, 0xFF, 0xFF, 0xFF, 0xFF, 0xFF, 0xFF, 0xFF, 
0xFF, 0xFF, 0xFF, 0xFF, 0xFF, 0xFF, 0xFF, 0xFF, 
0xFF, 0xFF, 0xFF, 0xFF, 0xFF, 0xFF, 0xFF, 0xFF, 
0xFF, 0xFF, 0xFF, 0xFF, 0xFF, 0xFF, 0xFF, 0xFF, 
0xFF, 0xFF, 0xFF, 0xFF, 0xFF, 0xFF, 0xFF, 0xFF, 
0xFF, 0xFF, 0xFF, 0xFF, 0xFF, 0xFF, 0xFF, 0xFF, 
0xFF, 0xFF, 0xFF, 0xFF, 0xFF, 0xFF, 0xFF, 0xFF, 
0xFF, 0xFF, 0xFF, 0xFF, 0xFF, 0xFF, 0xFF, 0xFF, 
0xFF, 0xFF, 0xFF, 0xFF, 0xFF, 0xFF, 0xFF, 0xFF, 
0xFF, 0xFF, 0xFF, 0xFF, 0xFF, 0xFF, 0xFF, 0xFF, 
0xFF, 0xFF, 0xFF, 0xFF, 0xFF, 0xFF, 0xFF, 0xFF, 
0xFF, 0xFF, 0xFF, 0xFF, 0xFF, 0xFF, 0xFF, 0xFF, 
0xFF, 0xFF, 0xFF, 0xFF, 0xFF, 0xFF, 0xFF, 0xFF, 
0xFF, 0xFF, 0xFF, 0xFF, 0xFF, 0xFF, 0xFF, 0xFF, 
0xFF, 0xFF, 0xFF, 0xFF, 0xFF, 0xFF, 0xFF, 0xFF, 
0xFF, 0xFF, 0xFF, 0xFF, 0xFF, 0xFF, 0xFF, 0xFF, 
0xFF, 0xFF, 0xFF, 0xFF, 0xFF, 0xFF, 0xFF, 0xFF, 
0xFF, 0xFF, 0xFF, 0xFF, 0xFF, 0xFF, 0xFF, 0xFF, 
0xFF, 0xFF, 0xFF, 0xFF, 0xFF, 0xFF, 0xFF, 0xFF, 
0xFF, 0xFF, 0xFF, 0xFF, 0xFF, 0xFF, 0xFF, 0xFF, 
0xFF, 0xFF, 0xFF, 0xFF, 0xFF, 0xFF, 0xFF, 0xFF, 
0xFF, 0xFF, 0xFF, 0xFF, 0xFF, 0xFF, 0xFF, 0xFF, 
0xFF, 0xFF, 0xFF, 0xFF, 0xFF, 0xFF, 0xFF, 0xFF, 
0xFF, 0xFF, 0xFF, 0xFF, 0xFF, 0xFF, 0xFF, 0xFF, 
0xFF, 0xFF, 0xFF, 0xFF, 0xFF, 0xFF, 0xFF, 0xFF, 
0xFF, 0xFF, 0xFF, 0xFF, 0xFF, 0xFF, 0xFF, 0xFF, 
0xFF, 0xFF, 0xFF, 0xFF, 0xFF, 0xFF, 0xFF, 0xFF, 
0xFF, 0xFF, 0xFF, 0xFF, 0xFF, 0xFF, 0xFF, 0xFF, 
0xFF, 0xFF, 0xFF, 0xFF, 0xFF, 0xFF, 0xFF, 0xFF, 
0xFF, 0xFF, 0xFF, 0xFF, 0xFF, 0xFF, 0xFF, 0xFF, 
0xFF, 0xFF, 0xFF, 0xFF, 0xFF, 0xFF, 0xFF, 0xFF, 
0xFF, 0xFF, 0xFF, 0xFF, 0xFF, 0xFF, 0xFF, 0xFF, 
0xFF, 0xFF, 0xFF, 0xFF, 0xFF, 0xFF, 0xFF, 0xFF, 
0xFF, 0xFF, 0xFF, 0xFF, 0xFF, 0xFF, 0xFF, 0xFF, 
0xFF, 0xFF, 0xFF, 0xFF, 0xFF, 0xFF, 0xFF, 0xFF, 
0xFF, 0xFF, 0xFF, 0xFF, 0xFF, 0xFF, 0xFF, 0xFF, 
0xFF, 0xFF, 0xFF, 0xFF, 0xFF, 0xFF, 0xFF, 0xFF, 
0xFF, 0xFF, 0xFF, 0xFF, 0xFF, 0xFF, 0xFF, 0xFF, 
0xFF, 0xFF, 0xFF, 0xFF, 0xFF, 0xFF, 0xFF, 0xFF, 
0xFF, 0xFF, 0xFF, 0xFF, 0xFF, 0xFF, 0xFF, 0xFF, 
0xFF, 0xFF, 0xFF, 0xFF, 0xFF, 0xFF, 0xFF, 0xFF, 
0xFF, 0xFF, 0xFF, 0xFF, 0xFF, 0xFF, 0xFF, 0xFF, 
0xFF, 0xFF, 0xFF, 0xFF, 0xFF, 0xFF, 0xFF, 0xFF, 
0xFF, 0xFF, 0xFF, 0xFF, 0xFF, 0xFF, 0xFF, 0xFF, 
0xFF, 0xFF, 0xFF, 0xFF, 0xFF, 0xFF, 0xFF, 0xFF, 
0xFF, 0xFF, 0xFF, 0xFF, 0xFF, 0xFF, 0xFF, 0xFF, 
0xFF, 0xFF, 0xFF, 0xFF, 0xFF, 0xFF, 0xFF, 0xFF, 
0xFF, 0xFF, 0xFF, 0xFF, 0xFF, 0xFF, 0xFF, 0xFF, 
0xFF, 0xFF, 0xFF, 0xFF, 0xFF, 0xFF, 0xFF, 0xFF, 
0xFF, 0xFF, 0xFF, 0xFF, 0xFF, 0xFF, 0xFF, 0xFF, 
0xFF, 0xFF, 0xFF, 0xFF, 0xFF, 0xFF, 0xFF, 0xFF, 
0xFF, 0xFF, 0xFF, 0xFF, 0xFF, 0xFF, 0xFF, 0xFF, 
0xFF, 0xFF, 0xFF, 0xFF, 0xFF, 0xFF, 0xFF, 0xFF, 
0xFF, 0xFF, 0xFF, 0xFF, 0xFF, 0xFF, 0xFF, 0xFF, 
0xFF, 0xFF, 0xFF, 0xFF, 0xFF, 0xFF, 0xFF, 0xFF, 
0xFF, 0xFF, 0xFF, 0xFF, 0xFF, 0xFF, 0xFF, 0xFF, 
0xFF, 0xFF, 0xFF, 0xFF, 0xFF, 0xFF, 0xFF, 0xFF, 
0xFF, 0xFF, 0xFF, 0xFF, 0xFF, 0xFF, 0xFF, 0xFF, 
0xFF, 0xFF, 0xFF, 0xFF, 0xFF, 0xFF, 0xFF, 0xFF, 
0xFF, 0xFF, 0xFF, 0xFF, 0xFF, 0xFF, 0xFF, 0xFF, 
0xFF, 0xFF, 0xFF, 0xFF, 0xFF, 0xFF, 0xFF, 0xFF, 
0xFF, 0xFF, 0xFF, 0xFF, 0xFF, 0xFF, 0xFF, 0xFF, 
0xFF, 0xFF, 0xFF, 0xFF, 0xFF, 0xFF, 0xFF, 0xFF, 
0xFF, 0xFF, 0xFF, 0xFF, 0xFF, 0xFF, 0xFF, 0xFF, 
0xFF, 0xFF, 0xFF, 0xFF, 0xFF, 0xFF, 0xFF, 0xFF, 
0xFF, 0xFF, 0xFF, 0xFF, 0xFF, 0xFF, 0xFF, 0xFF, 
0xFF, 0xFF, 0xFF, 0xFF, 0xFF, 0xFF, 0xFF, 0xFF, 
0xFF, 0xFF, 0xFF, 0xFF, 0xFF, 0xFF, 0xFF, 0xFF, 
0xFF, 0xFF, 0xFF, 0xFF, 0xFF, 0xFF, 0xFF, 0xFF, 
0xFF, 0xFF, 0xFF, 0xFF, 0xFF, 0xFF, 0xFF, 0xFF, 
0xFF, 0xFF, 0xFF, 0xFF, 0xFF, 0xFF, 0xFF, 0xFF, 
0xFF, 0xFF, 0xFF, 0xFF, 0xFF, 0xFF, 0xFF, 0xFF, 
0xFF, 0xFF, 0xFF, 0xFF, 0xFF, 0xFF, 0xFF, 0xFF, 
0xFF, 0xFF, 0xFF, 0xFF, 0xFF, 0xFF, 0xFF, 0xFF, 
0xFF, 0xFF, 0xFF, 0xFF, 0xFF, 0xFF, 0xFF, 0xFF, 
0xFF, 0xFF, 0xFF, 0xFF, 0xFF, 0xFF, 0xFF, 0xFF, 
0xFF, 0xFF, 0xFF, 0xFF, 0xFF, 0xFF, 0xFF, 0xFF, 
0xFF, 0xFF, 0xFF, 0xFF, 0xFF, 0xFF, 0xFF, 0xFF, 
0xFF, 0xFF, 0xFF, 0xFF, 0xFF, 0xFF, 0xFF, 0xFF, 
0xFF, 0xFF, 0xFF, 0xFF, 0xFF, 0xFF, 0xFF, 0xFF, 
0xFF, 0xFF, 0xFF, 0xFF, 0xFF, 0xFF, 0xFF, 0xFF, 
0xFF, 0xFF, 0xFF, 0xFF, 0xFF, 0xFF, 0xFF, 0xFF, 
0xFF, 0xFF, 0xFF, 0xFF, 0xFF, 0xFF, 0xFF, 0xFF, 
0xFF, 0xFF, 0xFF, 0xFF, 0xFF, 0xFF, 0xFF, 0xFF, 
0xFF, 0xFF, 0xFF, 0xFF, 0xFF, 0xFF, 0xFF, 0xFF, 
0xFF, 0xFF, 0xFF, 0xFF, 0xFF, 0xFF, 0xFF, 0xFF, 
0xFF, 0xFF, 0xFF, 0xFF, 0xFF, 0xFF, 0xFF, 0xFF, 
0xFF, 0xFF, 0xFF, 0xFF, 0xFF, 0xFF, 0xFF, 0xFF, 
0xFF, 0xFF, 0xFF, 0xFF, 0xFF, 0xFF, 0xFF, 0xFF, 
0xFF, 0xFF, 0xFF, 0xFF, 0xFF, 0xFF, 0xFF, 0xFF, 
0xFF, 0xFF, 0xFF, 0xFF, 0xFF, 0xFF, 0xFF, 0xFF, 
0xFF, 0xFF, 0xFF, 0xFF, 0xFF, 0xFF, 0xFF, 0xFF, 
0xFF, 0xFF, 0xFF, 0xFF, 0xFF, 0xFF, 0xFF, 0xFF, 
0xFF, 0xFF, 0xFF, 0xFF, 0xFF, 0xFF, 0xFF, 0xFF, 
0xFF, 0xFF, 0xFF, 0xFF, 0xFF, 0xFF, 0xFF, 0xFF, 
0xFF, 0xFF, 0xFF, 0xFF, 0xFF, 0xFF, 0xFF, 0xFF, 
0xFF, 0xFF, 0xFF, 0xFF, 0xFF, 0xFF, 0xFF, 0xFF, 
0xFF, 0xFF, 0xFF, 0xFF, 0xFF, 0xFF, 0xFF, 0xFF, 
0xFF, 0xFF, 0xFF, 0xFF, 0xFF, 0xFF, 0xFF, 0xFF, 
0xFF, 0xFF, 0xFF, 0xFF, 0xFF, 0xFF, 0xFF, 0xFF, 
0xFF, 0xFF, 0xFF, 0xFF, 0xFF, 0xFF, 0xFF, 0xFF, 
0xFF, 0xFF, 0xFF, 0xFF, 0xFF, 0xFF, 0xFF, 0xFF, 
0xFF, 0xFF, 0xFF, 0xFF, 0xFF, 0xFF, 0xFF, 0xFF, 
0xFF, 0xFF, 0xFF, 0xFF, 0xFF, 0xFF, 0xFF, 0xFF, 
0xFF, 0xFF, 0xFF, 0xFF, 0xFF, 0xFF, 0xFF, 0xFF, 
0xFF, 0xFF, 0xFF, 0xFF, 0xFF, 0xFF, 0xFF, 0xFF, 
0xFF, 0xFF, 0xFF, 0xFF, 0xFF, 0xFF, 0xFF, 0xFF, 
0xFF, 0xFF, 0xFF, 0xFF, 0xFF, 0xFF, 0xFF, 0xFF, 
0xFF, 0xFF, 0xFF, 0xFF, 0xFF, 0xFF, 0xFF, 0xFF, 
0xFF, 0xFF, 0xFF, 0xFF, 0xFF, 0xFF, 0xFF, 0xFF, 
0xFF, 0xFF, 0xFF, 0xFF, 0xFF, 0xFF, 0xFF, 0xFF, 
0xFF, 0xFF, 0xFF, 0xFF, 0xFF, 0xFF, 0xFF, 0xFF, 
0xFF, 0xFF, 0xFF, 0xFF, 0xFF, 0xFF, 0xFF, 0xFF, 
0xFF, 0xFF, 0xFF, 0xFF, 0xFF, 0xFF, 0xFF, 0xFF, 
0xFF, 0xFF, 0xFF, 0xFF, 0xFF, 0xFF, 0xFF, 0xFF, 
0xFF, 0xFF, 0xFF, 0xFF, 0xFF, 0xFF, 0xFF, 0xFF, 
0xFF, 0xFF, 0xFF, 0xFF, 0xFF, 0xFF, 0xFF, 0xFF, 
0xFF, 0xFF, 0xFF, 0xFF, 0xFF, 0xFF, 0xFF, 0xFF, 
0xFF, 0xFF, 0xFF, 0xFF, 0xFF, 0xFF, 0xFF, 0xFF, 
0xFF, 0xFF, 0xFF, 0xFF, 0xFF, 0xFF, 0xFF, 0xFF, 
0xFF, 0xFF, 0xFF, 0xFF, 0xFF, 0xFF, 0xFF, 0xFF, 
0xFF, 0xFF, 0xFF, 0xFF, 0xFF, 0xFF, 0xFF, 0xFF, 
0xFF, 0xFF, 0xFF, 0xFF, 0xFF, 0xFF, 0xFF, 0xFF, 
0xFF, 0xFF, 0xFF, 0xFF, 0xFF, 0xFF, 0xFF, 0xFF, 
0xFF, 0xFF, 0xFF, 0xFF, 0xFF, 0xFF, 0xFF, 0xFF, 
0xFF, 0xFF, 0xFF, 0xFF, 0xFF, 0xFF, 0xFF, 0xFF, 
0xFF, 0xFF, 0xFF, 0xFF, 0xFF, 0xFF, 0xFF, 0xFF, 
0xFF, 0xFF, 0xFF, 0xFF, 0xFF, 0xFF, 0xFF, 0xFF, 
0xFF, 0xFF, 0xFF, 0xFF, 0xFF, 0xFF, 0xFF, 0xFF, 
0xFF, 0xFF, 0xFF, 0xFF, 0xFF, 0xFF, 0xFF, 0xFF, 
0xFF, 0xFF, 0xFF, 0xFF, 0xFF, 0xFF, 0xFF, 0xFF, 
0xFF, 0xFF, 0xFF, 0xFF, 0xFF, 0xFF, 0xFF, 0xFF, 
0xFF, 0xFF, 0xFF, 0xFF, 0xFF, 0xFF, 0xFF, 0xFF, 
0xFF, 0xFF, 0xFF, 0xFF, 0xFF, 0xFF, 0xFF, 0xFF, 
0xFF, 0xFF, 0xFF, 0xFF, 0xFF, 0xFF, 0xFF, 0xFF, 
0xFF, 0xFF, 0xFF, 0xFF, 0xFF, 0xFF, 0xFF, 0xFF, 
0xFF, 0xFF, 0xFF, 0xFF, 0xFF, 0xFF, 0xFF, 0xFF, 
0xFF, 0xFF, 0xFF, 0xFF, 0xFF, 0xFF, 0xFF, 0xFF, 
0xFF, 0xFF, 0xFF, 0xFF, 0xFF, 0xFF, 0xFF, 0xFF, 
0xFF, 0xFF, 0xFF, 0xFF, 0xFF, 0xFF, 0xFF, 0xFF, 
0xFF, 0xFF, 0xFF, 0xFF, 0xFF, 0xFF, 0xFF, 0xFF, 
0xFF, 0xFF, 0xFF, 0xFF, 0xFF, 0xFF, 0xFF, 0xFF, 
0xFF, 0xFF, 0xFF, 0xFF, 0xFF, 0xFF, 0xFF, 0xFF, 
0xFF, 0xFF, 0xFF, 0xFF, 0xFF, 0xFF, 0xFF, 0xFF, 
0xFF, 0xFF, 0xFF, 0xFF, 0xFF, 0xFF, 0xFF, 0xFF, 
0xFF, 0xFF, 0xFF, 0xFF, 0xFF, 0xFF, 0xFF, 0xFF, 
0xFF, 0xFF, 0xFF, 0xFF, 0xFF, 0xFF, 0xFF, 0xFF, 
0xFF, 0xFF, 0xFF, 0xFF, 0xFF, 0xFF, 0xFF, 0xFF, 
0xFF, 0xFF, 0xFF, 0xFF, 0xFF, 0xFF, 0xFF, 0xFF, 
0xFF, 0xFF, 0xFF, 0xFF, 0xFF, 0xFF, 0xFF, 0xFF, 
0xFF, 0xFF, 0xFF, 0xFF, 0xFF, 0xFF, 0xFF, 0xFF, 
0xFF, 0xFF, 0xFF, 0xFF, 0xFF, 0xFF, 0xFF, 0xFF, 
0xFF, 0xFF, 0xFF, 0xFF, 0xFF, 0xFF, 0xFF, 0xFF, 
0xFF, 0xFF, 0xFF, 0xFF, 0xFF, 0xFF, 0xFF, 0xFF, 
0xFF, 0xFF, 0xFF, 0xFF, 0xFF, 0xFF, 0xFF, 0xFF, 
0xFF, 0xFF, 0xFF, 0xFF, 0xFF, 0xFF, 0xFF, 0xFF, 
0xFF, 0xFF, 0xFF, 0xFF, 0xFF, 0xFF, 0xFF, 0xFF, 
0xFF, 0xFF, 0xFF, 0xFF, 0xFF, 0xFF, 0xFF, 0xFF, 
0xFF, 0xFF, 0xFF, 0xFF, 0xFF, 0xFF, 0xFF, 0xFF, 
0xFF, 0xFF, 0xFF, 0xFF, 0xFF, 0xFF, 0xFF, 0xFF, 
0xFF, 0xFF, 0xFF, 0xFF, 0xFF, 0xFF, 0xFF, 0xFF, 
0xFF, 0xFF, 0xFF, 0xFF, 0xFF, 0xFF, 0xFF, 0xFF, 
0xFF, 0xFF, 0xFF, 0xFF, 0xFF, 0xFF, 0xFF, 0xFF, 
0xFF, 0xFF, 0xFF, 0xFF, 0xFF, 0xFF, 0xFF, 0xFF, 
0xFF, 0xFF, 0xFF, 0xFF, 0xFF, 0xFF, 0xFF, 0xFF, 
0xFF, 0xFF, 0xFF, 0xFF, 0xFF, 0xFF, 0xFF, 0xFF, 
0xFF, 0xFF, 0xFF, 0xFF, 0xFF, 0xFF, 0xFF, 0xFF, 
0xFF, 0xFF, 0xFF, 0xFF, 0xFF, 0xFF, 0xFF, 0xFF, 
0xFF, 0xFF, 0xFF, 0xFF, 0xFF, 0xFF, 0xFF, 0xFF, 
0xFF, 0xFF, 0xFF, 0xFF, 0xFF, 0xFF, 0xFF, 0xFF, 
0xFF, 0xFF, 0xFF, 0xFF, 0xFF, 0xFF, 0xFF, 0xFF, 
0xFF, 0xFF, 0xFF, 0xFF, 0xFF, 0xFF, 0xFF, 0xFF, 
0xFF, 0xFF, 0xFF, 0xFF, 0xFF, 0xFF, 0xFF, 0xFF, 
0xFF, 0xFF, 0xFF, 0xFF, 0xFF, 0xFF, 0xFF, 0xFF, 
0xFF, 0xFF, 0xFF, 0xFF, 0xFF, 0xFF, 0xFF, 0xFF, 
0xFF, 0xFF, 0xFF, 0xFF, 0xFF, 0xFF, 0xFF, 0xFF, 
0xFF, 0xFF, 0xFF, 0xFF, 0xFF, 0xFF, 0xFF, 0xFF, 
0xFF, 0xFF, 0xFF, 0xFF, 0xFF, 0xFF, 0xFF, 0xFF, 
0xFF, 0xFF, 0xFF, 0xFF, 0xFF, 0xFF, 0xFF, 0xFF, 
0xFF, 0xFF, 0xFF, 0xFF, 0xFF, 0xFF, 0xFF, 0xFF, 
0xFF, 0xFF, 0xFF, 0xFF, 0xFF, 0xFF, 0xFF, 0xFF, 
0xFF, 0xFF, 0xFF, 0xFF, 0xFF, 0xFF, 0xFF, 0xFF, 
0xFF, 0xFF, 0xFF, 0xFF, 0xFF, 0xFF, 0xFF, 0xFF, 
0xFF, 0xFF, 0xFF, 0xFF, 0xFF, 0xFF, 0xFF, 0xFF, 
0xFF, 0xFF, 0xFF, 0xFF, 0xFF, 0xFF, 0xFF, 0xFF, 
0xFF, 0xFF, 0xFF, 0xFF, 0xFF, 0xFF, 0xFF, 0xFF, 
0xFF, 0xFF, 0xFF, 0xFF, 0xFF, 0xFF, 0xFF, 0xFF, 
0xFF, 0xFF, 0xFF, 0xFF, 0xFF, 0xFF, 0xFF, 0xFF, 
0xFF, 0xFF, 0xFF, 0xFF, 0xFF, 0xFF, 0xFF, 0xFF, 
0xFF, 0xFF, 0xFF, 0xFF, 0xFF, 0xFF, 0xFF, 0xFF, 
0xFF, 0xFF, 0xFF, 0xFF, 0xFF, 0xFF, 0xFF, 0xFF, 
0xFF, 0xFF, 0xFF, 0xFF, 0xFF, 0xFF, 0xFF, 0xFF, 
0xFF, 0xFF, 0xFF, 0xFF, 0xFF, 0xFF, 0xFF, 0xFF, 
0xFF, 0xFF, 0xFF, 0xFF, 0xFF, 0xFF, 0xFF, 0xFF, 
0xFF, 0xFF, 0xFF, 0xFF, 0xFF, 0xFF, 0xFF, 0xFF, 
0xFF, 0xFF, 0xFF, 0xFF, 0xFF, 0xFF, 0xFF, 0xFF, 
0xFF, 0xFF, 0xFF, 0xFF, 0xFF, 0xFF, 0xFF, 0xFF, 
0xFF, 0xFF, 0xFF, 0xFF, 0xFF, 0xFF, 0xFF, 0xFF, 
0xFF, 0xFF, 0xFF, 0xFF, 0xFF, 0xFF, 0xFF, 0xFF, 
0xFF, 0xFF, 0xFF, 0xFF, 0xFF, 0xFF, 0xFF, 0xFF, 
0xFF, 0xFF, 0xFF, 0xFF, 0xFF, 0xFF, 0xFF, 0xFF, 
0xFF, 0xFF, 0xFF, 0xFF, 0xFF, 0xFF, 0xFF, 0xFF, 
0xFF, 0xFF, 0xFF, 0xFF, 0xFF, 0xFF, 0xFF, 0xFF, 
0xFF, 0xFF, 0xFF, 0xFF, 0xFF, 0xFF, 0xFF, 0xFF, 
0xFF, 0xFF, 0xFF, 0xFF, 0xFF, 0xFF, 0xFF, 0xFF, 
0xFF, 0xFF, 0xFF, 0xFF, 0xFF, 0xFF, 0xFF, 0xFF, 
0xFF, 0xFF, 0xFF, 0xFF, 0xFF, 0xFF, 0xFF, 0xFF, 
0xFF, 0xFF, 0xFF, 0xFF, 0xFF, 0xFF, 0xFF, 0xFF, 
0xFF, 0xFF, 0xFF, 0xFF, 0xFF, 0xFF, 0xFF, 0xFF, 
0xFF, 0xFF, 0xFF, 0xFF, 0xFF, 0xFF, 0xFF, 0xFF, 
0xFF, 0xFF, 0xFF, 0xFF, 0xFF, 0xFF, 0xFF, 0xFF, 
0xFF, 0xFF, 0xFF, 0xFF, 0xFF, 0xFF, 0xFF, 0xFF, 
0xFF, 0xFF, 0xFF, 0xFF, 0xFF, 0xFF, 0xFF, 0xFF, 
0xFF, 0xFF, 0xFF, 0xFF, 0xFF, 0xFF, 0xFF, 0xFF, 
0xFF, 0xFF, 0xFF, 0xFF, 0xFF, 0xFF, 0xFF, 0xFF, 
0xFF, 0xFF, 0xFF, 0xFF, 0xFF, 0xFF, 0xFF, 0xFF, 
0xFF, 0xFF, 0xFF, 0xFF, 0xFF, 0xFF, 0xFF, 0xFF, 
0xFF, 0xFF, 0xFF, 0xFF, 0xFF, 0xFF, 0xFF, 0xFF, 
0xFF, 0xFF, 0xFF, 0xFF, 0xFF, 0xFF, 0xFF, 0xFF, 
0xFF, 0xFF, 0xFF, 0xFF, 0xFF, 0xFF, 0xFF, 0xFF, 
0xFF, 0xFF, 0xFF, 0xFF, 0xFF, 0xFF, 0xFF, 0xFF, 
0xFF, 0xFF, 0xFF, 0xFF, 0xFF, 0xFF, 0xFF, 0xFF, 
0xFF, 0xFF, 0xFF, 0xFF, 0xFF, 0xFF, 0xFF, 0xFF, 
0xFF, 0xFF, 0xFF, 0xFF, 0xFF, 0xFF, 0xFF, 0xFF, 
0xFF, 0xFF, 0xFF, 0xFF, 0xFF, 0xFF, 0xFF, 0xFF, 
0xFF, 0xFF, 0xFF, 0xFF, 0xFF, 0xFF, 0xFF, 0xFF, 
0xFF, 0xFF, 0xFF, 0xFF, 0xFF, 0xFF, 0xFF, 0xFF, 
0xFF, 0xFF, 0xFF, 0xFF, 0xFF, 0xFF, 0xFF, 0xFF, 
0xFF, 0xFF, 0xFF, 0xFF, 0xFF, 0xFF, 0xFF, 0xFF, 
0xFF, 0xFF, 0xFF, 0xFF, 0xFF, 0xFF, 0xFF, 0xFF, 
0xFF, 0xFF, 0xFF, 0xFF, 0xFF, 0xFF, 0xFF, 0xFF, 
0xFF, 0xFF, 0xFF, 0xFF, 0xFF, 0xFF, 0xFF, 0xFF, 
0xFF, 0xFF, 0xFF, 0xFF, 0xFF, 0xFF, 0xFF, 0xFF, 
0xFF, 0xFF, 0xFF, 0xFF, 0xFF, 0xFF, 0xFF, 0xFF, 
0xFF, 0xFF, 0xFF, 0xFF, 0xFF, 0xFF, 0xFF, 0xFF, 
0xFF, 0xFF, 0xFF, 0xFF, 0xFF, 0xFF, 0xFF, 0xFF, 
0xFF, 0xFF, 0xFF, 0xFF, 0xFF, 0xFF, 0xFF, 0xFF, 
0xFF, 0xFF, 0xFF, 0xFF, 0xFF, 0xFF, 0xFF, 0xFF, 
0xFF, 0xFF, 0xFF, 0xFF, 0xFF, 0xFF, 0xFF, 0xFF, 
0xFF, 0xFF, 0xFF, 0xFF, 0xFF, 0xFF, 0xFF, 0xFF, 
0xFF, 0xFF, 0xFF, 0xFF, 0xFF, 0xFF, 0xFF, 0xFF, 
0xFF, 0xFF, 0xFF, 0xFF, 0xFF, 0xFF, 0xFF, 0xFF, 
0xFF, 0xFF, 0xFF, 0xFF, 0xFF, 0xFF, 0xFF, 0xFF, 
0xFF, 0xFF, 0xFF, 0xFF, 0xFF, 0xFF, 0xFF, 0xFF, 
0xFF, 0xFF, 0xFF, 0xFF, 0xFF, 0xFF, 0xFF, 0xFF, 
0xFF, 0xFF, 0xFF, 0xFF, 0xFF, 0xFF, 0xFF, 0xFF, 
0xFF, 0xFF, 0xFF, 0xFF, 0xFF, 0xFF, 0xFF, 0xFF, 
0xFF, 0xFF, 0xFF, 0xFF, 0xFF, 0xFF, 0xFF, 0xFF, 
0xFF, 0xFF, 0xFF, 0xFF, 0xFF, 0xFF, 0xFF, 0xFF, 
0xFF, 0xFF, 0xFF, 0xFF, 0xFF, 0xFF, 0xFF, 0xFF, 
0xFF, 0xFF, 0xFF, 0xFF, 0xFF, 0xFF, 0xFF, 0xFF, 
0xFF, 0xFF, 0xFF, 0xFF, 0xFF, 0xFF, 0xFF, 0xFF, 
0xFF, 0xFF, 0xFF, 0xFF, 0xFF, 0xFF, 0xFF, 0xFF, 
0xFF, 0xFF, 0xFF, 0xFF, 0xFF, 0xFF, 0xFF, 0xFF, 
0xFF, 0xFF, 0xFF, 0xFF, 0xFF, 0xFF, 0xFF, 0xFF, 
0xFF, 0xFF, 0xFF, 0xFF, 0xFF, 0xFF, 0xFF, 0xFF, 
0xFF, 0xFF, 0xFF, 0xFF, 0xFF, 0xFF, 0xFF, 0xFF, 
0xFF, 0xFF, 0xFF, 0xFF, 0xFF, 0xFF, 0xFF, 0xFF, 
0xFF, 0xFF, 0xFF, 0xFF, 0xFF, 0xFF, 0xFF, 0xFF, 
0xFF, 0xFF, 0xFF, 0xFF, 0xFF, 0xFF, 0xFF, 0xFF, 
0xFF, 0xFF, 0xFF, 0xFF, 0xFF, 0xFF, 0xFF, 0xFF, 
0xFF, 0xFF, 0xFF, 0xFF, 0xFF, 0xFF, 0xFF, 0xFF, 
0xFF, 0xFF, 0xFF, 0xFF, 0xFF, 0xFF, 0xFF, 0xFF, 
0xFF, 0xFF, 0xFF, 0xFF, 0xFF, 0xFF, 0xFF, 0xFF, 
0xFF, 0xFF, 0xFF, 0xFF, 0xFF, 0xFF, 0xFF, 0xFF, 
0xFF, 0xFF, 0xFF, 0xFF, 0xFF, 0xFF, 0xFF, 0xFF, 
0xFF, 0xFF, 0xFF, 0xFF, 0xFF, 0xFF, 0xFF, 0xFF, 
0xFF, 0xFF, 0xFF, 0xFF, 0xFF, 0xFF, 0xFF, 0xFF, 
0xFF, 0xFF, 0xFF, 0xFF, 0xFF, 0xFF, 0xFF, 0xFF, 
0xFF, 0xFF, 0xFF, 0xFF, 0xFF, 0xFF, 0xFF, 0xFF, 
0xFF, 0xFF, 0xFF, 0xFF, 0xFF, 0xFF, 0xFF, 0xFF, 
0xFF, 0xFF, 0xFF, 0xFF, 0xFF, 0xFF, 0xFF, 0xFF, 
0xFF, 0xFF, 0xFF, 0xFF, 0xFF, 0xFF, 0xFF, 0xFF, 
0xFF, 0xFF, 0xFF, 0xFF, 0xFF, 0xFF, 0xFF, 0xFF, 
0xFF, 0xFF, 0xFF, 0xFF, 0xFF, 0xFF, 0xFF, 0xFF, 
0xFF, 0xFF, 0xFF, 0xFF, 0xFF, 0xFF, 0xFF, 0xFF, 
0xFF, 0xFF, 0xFF, 0xFF, 0xFF, 0xFF, 0xFF, 0xFF, 
0xFF, 0xFF, 0xFF, 0xFF, 0xFF, 0xFF, 0xFF, 0xFF, 
0xFF, 0xFF, 0xFF, 0xFF, 0xFF, 0xFF, 0xFF, 0xFF, 
0xFF, 0xFF, 0xFF, 0xFF, 0xFF, 0xFF, 0xFF, 0xFF, 
0xFF, 0xFF, 0xFF, 0xFF, 0xFF, 0xFF, 0xFF, 0xFF, 
0xFF, 0xFF, 0xFF, 0xFF, 0xFF, 0xFF, 0xFF, 0xFF, 
0xFF, 0xFF, 0xFF, 0xFF, 0xFF, 0xFF, 0xFF, 0xFF, 
0xFF, 0xFF, 0xFF, 0xFF, 0xFF, 0xFF, 0xFF, 0xFF, 
0xFF, 0xFF, 0xFF, 0xFF, 0xFF, 0xFF, 0xFF, 0xFF, 
0xFF, 0xFF, 0xFF, 0xFF, 0xFF, 0xFF, 0xFF, 0xFF, 
0xFF, 0xFF, 0xFF, 0xFF, 0xFF, 0xFF, 0xFF, 0xFF, 
0xFF, 0xFF, 0xFF, 0xFF, 0xFF, 0xFF, 0xFF, 0xFF, 
0xFF, 0xFF, 0xFF, 0xFF, 0xFF, 0xFF, 0xFF, 0xFF, 
0xFF, 0xFF, 0xFF, 0xFF, 0xFF, 0xFF, 0xFF, 0xFF, 
0xFF, 0xFF, 0xFF, 0xFF, 0xFF, 0xFF, 0xFF, 0xFF, 
0xFF, 0xFF, 0xFF, 0xFF, 0xFF, 0xFF, 0xFF, 0xFF, 
0xFF, 0xFF, 0xFF, 0xFF, 0xFF, 0xFF, 0xFF, 0xFF, 
0xFF, 0xFF, 0xFF, 0xFF, 0xFF, 0xFF, 0xFF, 0xFF, 
0xFF, 0xFF, 0xFF, 0xFF, 0xFF, 0xFF, 0xFF, 0xFF, 
0xFF, 0xFF, 0xFF, 0xFF, 0xFF, 0xFF, 0xFF, 0xFF, 
0xFF, 0xFF, 0xFF, 0xFF, 0xFF, 0xFF, 0xFF, 0xFF, 
0xFF, 0xFF, 0xFF, 0xFF, 0xFF, 0xFF, 0xFF, 0xFF, 
0xFF, 0xFF, 0xFF, 0xFF, 0xFF, 0xFF, 0xFF, 0xFF, 
0xFF, 0xFF, 0xFF, 0xFF, 0xFF, 0xFF, 0xFF, 0xFF, 
0xFF, 0xFF, 0xFF, 0xFF, 0xFF, 0xFF, 0xFF, 0xFF, 
0xFF, 0xFF, 0xFF, 0xFF, 0xFF, 0xFF, 0xFF, 0xFF, 
0xFF, 0xFF, 0xFF, 0xFF, 0xFF, 0xFF, 0xFF, 0xFF, 
0xFF, 0xFF, 0xFF, 0xFF, 0xFF, 0xFF, 0xFF, 0xFF, 
0xFF, 0xFF, 0xFF, 0xFF, 0xFF, 0xFF, 0xFF, 0xFF, 
0xFF, 0xFF, 0xFF, 0xFF, 0xFF, 0xFF, 0xFF, 0xFF, 
0xFF, 0xFF, 0xFF, 0xFF, 0xFF, 0xFF, 0xFF, 0xFF, 
0xFF, 0xFF, 0xFF, 0xFF, 0xFF, 0xFF, 0xFF, 0xFF, 
0xFF, 0xFF, 0xFF, 0xFF, 0xFF, 0xFF, 0xFF, 0xFF, 
0xFF, 0xFF, 0xFF, 0xFF, 0xFF, 0xFF, 0xFF, 0xFF, 
0xFF, 0xFF, 0xFF, 0xFF, 0xFF, 0xFF, 0xFF, 0xFF, 
0xFF, 0xFF, 0xFF, 0xFF, 0xFF, 0xFF, 0xFF, 0xFF, 
0xFF, 0xFF, 0xFF, 0xFF, 0xFF, 0xFF, 0xFF, 0xFF, 
0xFF, 0xFF, 0xFF, 0xFF, 0xFF, 0xFF, 0xFF, 0xFF, 
0xFF, 0xFF, 0xFF, 0xFF, 0xFF, 0xFF, 0xFF, 0xFF, 
0xFF, 0xFF, 0xFF, 0xFF, 0xFF, 0xFF, 0xFF, 0xFF, 
0xFF, 0xFF, 0xFF, 0xFF, 0xFF, 0xFF, 0xFF, 0xFF, 
0xFF, 0xFF, 0xFF, 0xFF, 0xFF, 0xFF, 0xFF, 0xFF, 
0xFF, 0xFF, 0xFF, 0xFF, 0xFF, 0xFF, 0xFF, 0xFF, 
0xFF, 0xFF, 0xFF, 0xFF, 0xFF, 0xFF, 0xFF, 0xFF, 
0xFF, 0xFF, 0xFF, 0xFF, 0xFF, 0xFF, 0xFF, 0xFF, 
0xFF, 0xFF, 0xFF, 0xFF, 0xFF, 0xFF, 0xFF, 0xFF, 
0xFF, 0xFF, 0xFF, 0xFF, 0xFF, 0xFF, 0xFF, 0xFF, 
0xFF, 0xFF, 0xFF, 0xFF, 0xFF, 0xFF, 0xFF, 0xFF, 
0xFF, 0xFF, 0xFF, 0xFF, 0xFF, 0xFF, 0xFF, 0xFF, 
0xFF, 0xFF, 0xFF, 0xFF, 0xFF, 0xFF, 0xFF, 0xFF, 
0xFF, 0xFF, 0xFF, 0xFF, 0xFF, 0xFF, 0xFF, 0xFF, 
0xFF, 0xFF, 0xFF, 0xFF, 0xFF, 0xFF, 0xFF, 0xFF, 
0xFF, 0xFF, 0xFF, 0xFF, 0xFF, 0xFF, 0xFF, 0xFF, 
0xFF, 0xFF, 0xFF, 0xFF, 0xFF, 0xFF, 0xFF, 0xFF, 
0xFF, 0xFF, 0xFF, 0xFF, 0xFF, 0xFF, 0xFF, 0xFF, 
0xFF, 0xFF, 0xFF, 0xFF, 0xFF, 0xFF, 0xFF, 0xFF, 
0xFF, 0xFF, 0xFF, 0xFF, 0xFF, 0xFF, 0xFF, 0xFF, 
0xFF, 0xFF, 0xFF, 0xFF, 0xFF, 0xFF, 0xFF, 0xFF, 
0xFF, 0xFF, 0xFF, 0xFF, 0xFF, 0xFF, 0xFF, 0xFF, 
0xFF, 0xFF, 0xFF, 0xFF, 0xFF, 0xFF, 0xFF, 0xFF, 
0xFF, 0xFF, 0xFF, 0xFF, 0xFF, 0xFF, 0xFF, 0xFF, 
0xFF, 0xFF, 0xFF, 0xFF, 0xFF, 0xFF, 0xFF, 0xFF, 
0xFF, 0xFF, 0xFF, 0xFF, 0xFF, 0xFF, 0xFF, 0xFF, 
0xFF, 0xFF, 0xFF, 0xFF, 0xFF, 0xFF, 0xFF, 0xFF, 
0xFF, 0xFF, 0xFF, 0xFF, 0xFF, 0xFF, 0xFF, 0xFF, 
0xFF, 0xFF, 0xFF, 0xFF, 0xFF, 0xFF, 0xFF, 0xFF, 
0xFF, 0xFF, 0xFF, 0xFF, 0xFF, 0xFF, 0xFF, 0xFF, 
0xFF, 0xFF, 0xFF, 0xFF, 0xFF, 0xFF, 0xFF, 0xFF, 
0xFF, 0xFF, 0xFF, 0xFF, 0xFF, 0xFF, 0xFF, 0xFF, 
0xFF, 0xFF, 0xFF, 0xFF, 0xFF, 0xFF, 0xFF, 0xFF, 
0xFF, 0xFF, 0xFF, 0xFF, 0xFF, 0xFF, 0xFF, 0xFF, 
0xFF, 0xFF, 0xFF, 0xFF, 0xFF, 0xFF, 0xFF, 0xFF, 
0xFF, 0xFF, 0xFF, 0xFF, 0xFF, 0xFF, 0xFF, 0xFF, 
0xFF, 0xFF, 0xFF, 0xFF, 0xFF, 0xFF, 0xFF, 0xFF, 
0xFF, 0xFF, 0xFF, 0xFF, 0xFF, 0xFF, 0xFF, 0xFF, 
0xFF, 0xFF, 0xFF, 0xFF, 0xFF, 0xFF, 0xFF, 0xFF, 
0xFF, 0xFF, 0xFF, 0xFF, 0xFF, 0xFF, 0xFF, 0xFF, 
0xFF, 0xFF, 0xFF, 0xFF, 0xFF, 0xFF, 0xFF, 0xFF, 
0xFF, 0xFF, 0xFF, 0xFF, 0xFF, 0xFF, 0xFF, 0xFF, 
0xFF, 0xFF, 0xFF, 0xFF, 0xFF, 0xFF, 0xFF, 0xFF, 
0xFF, 0xFF, 0xFF, 0xFF, 0xFF, 0xFF, 0xFF, 0xFF, 
0xFF, 0xFF, 0xFF, 0xFF, 0xFF, 0xFF, 0xFF, 0xFF, 
0xFF, 0xFF, 0xFF, 0xFF, 0xFF, 0xFF, 0xFF, 0xFF, 
0xFF, 0xFF, 0xFF, 0xFF, 0xFF, 0xFF, 0xFF, 0xFF, 
0xFF, 0xFF, 0xFF, 0xFF, 0xFF, 0xFF, 0xFF, 0xFF, 
0xFF, 0xFF, 0xFF, 0xFF, 0xFF, 0xFF, 0xFF, 0xFF, 
0xFF, 0xFF, 0xFF, 0xFF, 0xFF, 0xFF, 0xFF, 0xFF, 
0xFF, 0xFF, 0xFF, 0xFF, 0xFF, 0xFF, 0xFF, 0xFF, 
0xFF, 0xFF, 0xFF, 0xFF, 0xFF, 0xFF, 0xFF, 0xFF, 
0xFF, 0xFF, 0xFF, 0xFF, 0xFF, 0xFF, 0xFF, 0xFF, 
0xFF, 0xFF, 0xFF, 0xFF, 0xFF, 0xFF, 0xFF, 0xFF, 
0xFF, 0xFF, 0xFF, 0xFF, 0xFF, 0xFF, 0xFF, 0xFF, 
0xFF, 0xFF, 0xFF, 0xFF, 0xFF, 0xFF, 0xFF, 0xFF, 
0xFF, 0xFF, 0xFF, 0xFF, 0xFF, 0xFF, 0xFF, 0xFF, 
0xFF, 0xFF, 0xFF, 0xFF, 0xFF, 0xFF, 0xFF, 0xFF, 
0xFF, 0xFF, 0xFF, 0xFF, 0xFF, 0xFF, 0xFF, 0xFF, 
0xFF, 0xFF, 0xFF, 0xFF, 0xFF, 0xFF, 0xFF, 0xFF, 
0xFF, 0xFF, 0xFF, 0xFF, 0xFF, 0xFF, 0xFF, 0xFF, 
0xFF, 0xFF, 0xFF, 0xFF, 0xFF, 0xFF, 0xFF, 0xFF, 
0xFF, 0xFF, 0xFF, 0xFF, 0xFF, 0xFF, 0xFF, 0xFF, 
0xFF, 0xFF, 0xFF, 0xFF, 0xFF, 0xFF, 0xFF, 0xFF, 
0xFF, 0xFF, 0xFF, 0xFF, 0xFF, 0xFF, 0xFF, 0xFF, 
0xFF, 0xFF, 0xFF, 0xFF, 0xFF, 0xFF, 0xFF, 0xFF, 
0xFF, 0xFF, 0xFF, 0xFF, 0xFF, 0xFF, 0xFF, 0xFF, 
0xFF, 0xFF, 0xFF, 0xFF, 0xFF, 0xFF, 0xFF, 0xFF, 
0xFF, 0xFF, 0xFF, 0xFF, 0xFF, 0xFF, 0xFF, 0xFF, 
0xFF, 0xFF, 0xFF, 0xFF, 0xFF, 0xFF, 0xFF, 0xFF, 
0xFF, 0xFF, 0xFF, 0xFF, 0xFF, 0xFF, 0xFF, 0xFF, 
0xFF, 0xFF, 0xFF, 0xFF, 0xFF, 0xFF, 0xFF, 0xFF, 
0xFF, 0xFF, 0xFF, 0xFF, 0xFF, 0xFF, 0xFF, 0xFF, 
0xFF, 0xFF, 0xFF, 0xFF, 0xFF, 0xFF, 0xFF, 0xFF, 
0xFF, 0xFF, 0xFF, 0xFF, 0xFF, 0xFF, 0xFF, 0xFF, 
0xFF, 0xFF, 0xFF, 0xFF, 0xFF, 0xFF, 0xFF, 0xFF, 
0xFF, 0xFF, 0xFF, 0xFF, 0xFF, 0xFF, 0xFF, 0xFF, 
0xFF, 0xFF, 0xFF, 0xFF, 0xFF, 0xFF, 0xFF, 0xFF, 
0xFF, 0xFF, 0xFF, 0xFF, 0xFF, 0xFF, 0xFF, 0xFF, 
0xFF, 0xFF, 0xFF, 0xFF, 0xFF, 0xFF, 0xFF, 0xFF, 
0xFF, 0xFF, 0xFF, 0xFF, 0xFF, 0xFF, 0xFF, 0xFF, 
0xFF, 0xFF, 0xFF, 0xFF, 0xFF, 0xFF, 0xFF, 0xFF, 
0xFF, 0xFF, 0xFF, 0xFF, 0xFF, 0xFF, 0xFF, 0xFF, 
0xFF, 0xFF, 0xFF, 0xFF, 0xFF, 0xFF, 0xFF, 0xFF, 
0xFF, 0xFF, 0xFF, 0xFF, 0xFF, 0xFF, 0xFF, 0xFF, 
0xFF, 0xFF, 0xFF, 0xFF, 0xFF, 0xFF, 0xFF, 0xFF, 
0xFF, 0xFF, 0xFF, 0xFF, 0xFF, 0xFF, 0xFF, 0xFF, 
0xFF, 0xFF, 0xFF, 0xFF, 0xFF, 0xFF, 0xFF, 0xFF, 
0xFF, 0xFF, 0xFF, 0xFF, 0xFF, 0xFF, 0xFF, 0xFF, 
0xFF, 0xFF, 0xFF, 0xFF, 0xFF, 0xFF, 0xFF, 0xFF, 
0xFF, 0xFF, 0xFF, 0xFF, 0xFF, 0xFF, 0xFF, 0xFF, 
0xFF, 0xFF, 0xFF, 0xFF, 0xFF, 0xFF, 0xFF, 0xFF, 
0xFF, 0xFF, 0xFF, 0xFF, 0xFF, 0xFF, 0xFF, 0xFF, 
0xFF, 0xFF, 0xFF, 0xFF, 0xFF, 0xFF, 0xFF, 0xFF, 
0xFF, 0xFF, 0xFF, 0xFF, 0xFF, 0xFF, 0xFF, 0xFF, 
0xFF, 0xFF, 0xFF, 0xFF, 0xFF, 0xFF, 0xFF, 0xFF, 
0xFF, 0xFF, 0xFF, 0xFF, 0xFF, 0xFF, 0xFF, 0xFF, 
0xFF, 0xFF, 0xFF, 0xFF, 0xFF, 0xFF, 0xFF, 0xFF, 
0xFF, 0xFF, 0xFF, 0xFF, 0xFF, 0xFF, 0xFF, 0xFF, 
0xFF, 0xFF, 0xFF, 0xFF, 0xFF, 0xFF, 0xFF, 0xFF, 
0xFF, 0xFF, 0xFF, 0xFF, 0xFF, 0xFF, 0xFF, 0xFF, 
0xFF, 0xFF, 0xFF, 0xFF, 0xFF, 0xFF, 0xFF, 0xFF, 
0xFF, 0xFF, 0xFF, 0xFF, 0xFF, 0xFF, 0xFF, 0xFF, 
0xFF, 0xFF, 0xFF, 0xFF, 0xFF, 0xFF, 0xFF, 0xFF, 
0xFF, 0xFF, 0xFF, 0xFF, 0xFF, 0xFF, 0xFF, 0xFF, 
0xFF, 0xFF, 0xFF, 0xFF, 0xFF, 0xFF, 0xFF, 0xFF, 
0xFF, 0xFF, 0xFF, 0xFF, 0xFF, 0xFF, 0xFF, 0xFF, 
0xFF, 0xFF, 0xFF, 0xFF, 0xFF, 0xFF, 0xFF, 0xFF, 
0xFF, 0xFF, 0xFF, 0xFF, 0xFF, 0xFF, 0xFF, 0xFF, 
0xFF, 0xFF, 0xFF, 0xFF, 0xFF, 0xFF, 0xFF, 0xFF, 
0xFF, 0xFF, 0xFF, 0xFF, 0xFF, 0xFF, 0xFF, 0xFF, 
0xFF, 0xFF, 0xFF, 0xFF, 0xFF, 0xFF, 0xFF, 0xFF, 
0xFF, 0xFF, 0xFF, 0xFF, 0xFF, 0xFF, 0xFF, 0xFF, 
0xFF, 0xFF, 0xFF, 0xFF, 0xFF, 0xFF, 0xFF, 0xFF, 
0xFF, 0xFF, 0xFF, 0xFF, 0xFF, 0xFF, 0xFF, 0xFF, 
0xFF, 0xFF, 0xFF, 0xFF, 0xFF, 0xFF, 0xFF, 0xFF, 
0xFF, 0xFF, 0xFF, 0xFF, 0xFF, 0xFF, 0xFF, 0xFF, 
0xFF, 0xFF, 0xFF, 0xFF, 0xFF, 0xFF, 0xFF, 0xFF, 
0xFF, 0xFF, 0xFF, 0xFF, 0xFF, 0xFF, 0xFF, 0xFF, 
0xFF, 0xFF, 0xFF, 0xFF, 0xFF, 0xFF, 0xFF, 0xFF, 
0xFF, 0xFF, 0xFF, 0xFF, 0xFF, 0xFF, 0xFF, 0xFF, 
0xFF, 0xFF, 0xFF, 0xFF, 0xFF, 0xFF, 0xFF, 0xFF, 
0xFF, 0xFF, 0xFF, 0xFF, 0xFF, 0xFF, 0xFF, 0xFF, 
0xFF, 0xFF, 0xFF, 0xFF, 0xFF, 0xFF, 0xFF, 0xFF, 
0xFF, 0xFF, 0xFF, 0xFF, 0xFF, 0xFF, 0xFF, 0xFF, 
0xFF, 0xFF, 0xFF, 0xFF, 0xFF, 0xFF, 0xFF, 0xFF, 
0xFF, 0xFF, 0xFF, 0xFF, 0xFF, 0xFF, 0xFF, 0xFF, 
0xFF, 0xFF, 0xFF, 0xFF, 0xFF, 0xFF, 0xFF, 0xFF, 
0xFF, 0xFF, 0xFF, 0xFF, 0xFF, 0xFF, 0xFF, 0xFF, 
0xFF, 0xFF, 0xFF, 0xFF, 0xFF, 0xFF, 0xFF, 0xFF, 
0xFF, 0xFF, 0xFF, 0xFF, 0xFF, 0xFF, 0xFF, 0xFF, 
0xFF, 0xFF, 0xFF, 0xFF, 0xFF, 0xFF, 0xFF, 0xFF, 
0xFF, 0xFF, 0xFF, 0xFF, 0xFF, 0xFF, 0xFF, 0xFF, 
0xFF, 0xFF, 0xFF, 0xFF, 0xFF, 0xFF, 0xFF, 0xFF, 
0xFF, 0xFF, 0xFF, 0xFF, 0xFF, 0xFF, 0xFF, 0xFF, 
0xFF, 0xFF, 0xFF, 0xFF, 0xFF, 0xFF, 0xFF, 0xFF, 
0xFF, 0xFF, 0xFF, 0xFF, 0xFF, 0xFF, 0xFF, 0xFF, 
0xFF, 0xFF, 0xFF, 0xFF, 0xFF, 0xFF, 0xFF, 0xFF, 
0xFF, 0xFF, 0xFF, 0xFF, 0xFF, 0xFF, 0xFF, 0xFF, 
0xFF, 0xFF, 0xFF, 0xFF, 0xFF, 0xFF, 0xFF, 0xFF, 
0xFF, 0xFF, 0xFF, 0xFF, 0xFF, 0xFF, 0xFF, 0xFF, 
0xFF, 0xFF, 0xFF, 0xFF, 0xFF, 0xFF, 0xFF, 0xFF, 
0xFF, 0xFF, 0xFF, 0xFF, 0xFF, 0xFF, 0xFF, 0xFF, 
0xFF, 0xFF, 0xFF, 0xFF, 0xFF, 0xFF, 0xFF, 0xFF, 
0xFF, 0xFF, 0xFF, 0xFF, 0xFF, 0xFF, 0xFF, 0xFF, 
0xFF, 0xFF, 0xFF, 0xFF, 0xFF, 0xFF, 0xFF, 0xFF, 
0xFF, 0xFF, 0xFF, 0xFF, 0xFF, 0xFF, 0xFF, 0xFF, 
0xFF, 0xFF, 0xFF, 0xFF, 0xFF, 0xFF, 0xFF, 0xFF, 
0xFF, 0xFF, 0xFF, 0xFF, 0xFF, 0xFF, 0xFF, 0xFF, 
0xFF, 0xFF, 0xFF, 0xFF, 0xFF, 0xFF, 0xFF, 0xFF, 
0xFF, 0xFF, 0xFF, 0xFF, 0xFF, 0xFF, 0xFF, 0xFF, 
0xFF, 0xFF, 0xFF, 0xFF, 0xFF, 0xFF, 0xFF, 0xFF, 
0xFF, 0xFF, 0xFF, 0xFF, 0xFF, 0xFF, 0xFF, 0xFF, 
0xFF, 0xFF, 0xFF, 0xFF, 0xFF, 0xFF, 0xFF, 0xFF, 
0xFF, 0xFF, 0xFF, 0xFF, 0xFF, 0xFF, 0xFF, 0xFF, 
0xFF, 0xFF, 0xFF, 0xFF, 0xFF, 0xFF, 0xFF, 0xFF, 
0xFF, 0xFF, 0xFF, 0xFF, 0xFF, 0xFF, 0xFF, 0xFF, 
0xFF, 0xFF, 0xFF, 0xFF, 0xFF, 0xFF, 0xFF, 0xFF, 
0xFF, 0xFF, 0xFF, 0xFF, 0xFF, 0xFF, 0xFF, 0xFF, 
0xFF, 0xFF, 0xFF, 0xFF, 0xFF, 0xFF, 0xFF, 0xFF, 
0xFF, 0xFF, 0xFF, 0xFF, 0xFF, 0xFF, 0xFF, 0xFF, 
0xFF, 0xFF, 0xFF, 0xFF, 0xFF, 0xFF, 0xFF, 0xFF, 
0xFF, 0xFF, 0xFF, 0xFF, 0xFF, 0xFF, 0xFF, 0xFF, 
0xFF, 0xFF, 0xFF, 0xFF, 0xFF, 0xFF, 0xFF, 0xFF, 
0xFF, 0xFF, 0xFF, 0xFF, 0xFF, 0xFF, 0xFF, 0xFF, 
0xFF, 0xFF, 0xFF, 0xFF, 0xFF, 0xFF, 0xFF, 0xFF, 
0xFF, 0xFF, 0xFF, 0xFF, 0xFF, 0xFF, 0xFF, 0xFF, 
0xFF, 0xFF, 0xFF, 0xFF, 0xFF, 0xFF, 0xFF, 0xFF, 
0xFF, 0xFF, 0xFF, 0xFF, 0xFF, 0xFF, 0xFF, 0xFF, 
0xFF, 0xFF, 0xFF, 0xFF, 0xFF, 0xFF, 0xFF, 0xFF, 
0xFF, 0xFF, 0xFF, 0xFF, 0xFF, 0xFF, 0xFF, 0xFF, 
0xFF, 0xFF, 0xFF, 0xFF, 0xFF, 0xFF, 0xFF, 0xFF, 
0xFF, 0xFF, 0xFF, 0xFF, 0xFF, 0xFF, 0xFF, 0xFF, 
0xFF, 0xFF, 0xFF, 0xFF, 0xFF, 0xFF, 0xFF, 0xFF, 
0xFF, 0xFF, 0xFF, 0xFF, 0xFF, 0xFF, 0xFF, 0xFF, 
0xFF, 0xFF, 0xFF, 0xFF, 0xFF, 0xFF, 0xFF, 0xFF, 
0xFF, 0xFF, 0xFF, 0xFF, 0xFF, 0xFF, 0xFF, 0xFF, 
0xFF, 0xFF, 0xFF, 0xFF, 0xFF, 0xFF, 0xFF, 0xFF, 
0xFF, 0xFF, 0xFF, 0xFF, 0xFF, 0xFF, 0xFF, 0xFF, 
0xFF, 0xFF, 0xFF, 0xFF, 0xFF, 0xFF, 0xFF, 0xFF, 
0xFF, 0xFF, 0xFF, 0xFF, 0xFF, 0xFF, 0xFF, 0xFF, 
0xFF, 0xFF, 0xFF, 0xFF, 0xFF, 0xFF, 0xFF, 0xFF, 
0xFF, 0xFF, 0xFF, 0xFF, 0xFF, 0xFF, 0xFF, 0xFF, 
0xFF, 0xFF, 0xFF, 0xFF, 0xFF, 0xFF, 0xFF, 0xFF, 
0xFF, 0xFF, 0xFF, 0xFF, 0xFF, 0xFF, 0xFF, 0xFF, 
0xFF, 0xFF, 0xFF, 0xFF, 0xFF, 0xFF, 0xFF, 0xFF, 
0xFF, 0xFF, 0xFF, 0xFF, 0xFF, 0xFF, 0xFF, 0xFF, 
0xFF, 0xFF, 0xFF, 0xFF, 0xFF, 0xFF, 0xFF, 0xFF, 
0xFF, 0xFF, 0xFF, 0xFF, 0xFF, 0xFF, 0xFF, 0xFF, 
0xFF, 0xFF, 0xFF, 0xFF, 0xFF, 0xFF, 0xFF, 0xFF, 
0xFF, 0xFF, 0xFF, 0xFF, 0xFF, 0xFF, 0xFF, 0xFF, 
0xFF, 0xFF, 0xFF, 0xFF, 0xFF, 0xFF, 0xFF, 0xFF, 
0xFF, 0xFF, 0xFF, 0xFF, 0xFF, 0xFF, 0xFF, 0xFF, 
0xFF, 0xFF, 0xFF, 0xFF, 0xFF, 0xFF, 0xFF, 0xFF, 
0xFF, 0xFF, 0xFF, 0xFF, 0xFF, 0xFF, 0xFF, 0xFF, 
0xFF, 0xFF, 0xFF, 0xFF, 0xFF, 0xFF, 0xFF, 0xFF, 
0xFF, 0xFF, 0xFF, 0xFF, 0xFF, 0xFF, 0xFF, 0xFF, 
0xFF, 0xFF, 0xFF, 0xFF, 0xFF, 0xFF, 0xFF, 0xFF, 
0xFF, 0xFF, 0xFF, 0xFF, 0xFF, 0xFF, 0xFF, 0xFF, 
0xFF, 0xFF, 0xFF, 0xFF, 0xFF, 0xFF, 0xFF, 0xFF, 
0xFF, 0xFF, 0xFF, 0xFF, 0xFF, 0xFF, 0xFF, 0xFF, 
0xFF, 0xFF, 0xFF, 0xFF, 0xFF, 0xFF, 0xFF, 0xFF, 
0xFF, 0xFF, 0xFF, 0xFF, 0xFF, 0xFF, 0xFF, 0xFF, 
0xFF, 0xFF, 0xFF, 0xFF, 0xFF, 0xFF, 0xFF, 0xFF, 
0xFF, 0xFF, 0xFF, 0xFF, 0xFF, 0xFF, 0xFF, 0xFF, 
0xFF, 0xFF, 0xFF, 0xFF, 0xFF, 0xFF, 0xFF, 0xFF, 
0xFF, 0xFF, 0xFF, 0xFF, 0xFF, 0xFF, 0xFF, 0xFF, 
0xFF, 0xFF, 0xFF, 0xFF, 0xFF, 0xFF, 0xFF, 0xFF, 
0xFF, 0xFF, 0xFF, 0xFF, 0xFF, 0xFF, 0xFF, 0xFF, 
0xFF, 0xFF, 0xFF, 0xFF, 0xFF, 0xFF, 0xFF, 0xFF, 
0xFF, 0xFF, 0xFF, 0xFF, 0xFF, 0xFF, 0xFF, 0xFF, 
0xFF, 0xFF, 0xFF, 0xFF, 0xFF, 0xFF, 0xFF, 0xFF, 
0xFF, 0xFF, 0xFF, 0xFF, 0xFF, 0xFF, 0xFF, 0xFF, 
0xFF, 0xFF, 0xFF, 0xFF, 0xFF, 0xFF, 0xFF, 0xFF, 
0xFF, 0xFF, 0xFF, 0xFF, 0xFF, 0xFF, 0xFF, 0xFF, 
0xFF, 0xFF, 0xFF, 0xFF, 0xFF, 0xFF, 0xFF, 0xFF, 
0xFF, 0xFF, 0xFF, 0xFF, 0xFF, 0xFF, 0xFF, 0xFF, 
0xFF, 0xFF, 0xFF, 0xFF, 0xFF, 0xFF, 0xFF, 0xFF, 
0xFF, 0xFF, 0xFF, 0xFF, 0xFF, 0xFF, 0xFF, 0xFF, 
0xFF, 0xFF, 0xFF, 0xFF, 0xFF, 0xFF, 0xFF, 0xFF, 
0xFF, 0xFF, 0xFF, 0xFF, 0xFF, 0xFF, 0xFF, 0xFF, 
0xFF, 0xFF, 0xFF, 0xFF, 0xFF, 0xFF, 0xFF, 0xFF, 
0xFF, 0xFF, 0xFF, 0xFF, 0xFF, 0xFF, 0xFF, 0xFF, 
0xFF, 0xFF, 0xFF, 0xFF, 0xFF, 0xFF, 0xFF, 0xFF, 
0xFF, 0xFF, 0xFF, 0xFF, 0xFF, 0xFF, 0xFF, 0xFF, 
0xFF, 0xFF, 0xFF, 0xFF, 0xFF, 0xFF, 0xFF, 0xFF, 
0xFF, 0xFF, 0xFF, 0xFF, 0xFF, 0xFF, 0xFF, 0xFF, 
0xFF, 0xFF, 0xFF, 0xFF, 0xFF, 0xFF, 0xFF, 0xFF, 
0xFF, 0xFF, 0xFF, 0xFF, 0xFF, 0xFF, 0xFF, 0xFF, 
0xFF, 0xFF, 0xFF, 0xFF, 0xFF, 0xFF, 0xFF, 0xFF, 
0xFF, 0xFF, 0xFF, 0xFF, 0xFF, 0xFF, 0xFF, 0xFF, 
0xFF, 0xFF, 0xFF, 0xFF, 0xFF, 0xFF, 0xFF, 0xFF, 
0xFF, 0xFF, 0xFF, 0xFF, 0xFF, 0xFF, 0xFF, 0xFF, 
0xFF, 0xFF, 0xFF, 0xFF, 0xFF, 0xFF, 0xFF, 0xFF, 
0xFF, 0xFF, 0xFF, 0xFF, 0xFF, 0xFF, 0xFF, 0xFF, 
0xFF, 0xFF, 0xFF, 0xFF, 0xFF, 0xFF, 0xFF, 0xFF, 
0xFF, 0xFF, 0xFF, 0xFF, 0xFF, 0xFF, 0xFF, 0xFF, 
0xFF, 0xFF, 0xFF, 0xFF, 0xFF, 0xFF, 0xFF, 0xFF, 
0xFF, 0xFF, 0xFF, 0xFF, 0xFF, 0xFF, 0xFF, 0xFF, 
0xFF, 0xFF, 0xFF, 0xFF, 0xFF, 0xFF, 0xFF, 0xFF, 
0xFF, 0xFF, 0xFF, 0xFF, 0xFF, 0xFF, 0xFF, 0xFF, 
0xFF, 0xFF, 0xFF, 0xFF, 0xFF, 0xFF, 0xFF, 0xFF, 
0xFF, 0xFF, 0xFF, 0xFF, 0xFF, 0xFF, 0xFF, 0xFF, 
0xFF, 0xFF, 0xFF, 0xFF, 0xFF, 0xFF, 0xFF, 0xFF, 
0xFF, 0xFF, 0xFF, 0xFF, 0xFF, 0xFF, 0xFF, 0xFF, 
0xFF, 0xFF, 0xFF, 0xFF, 0xFF, 0xFF, 0xFF, 0xFF, 
0xFF, 0xFF, 0xFF, 0xFF, 0xFF, 0xFF, 0xFF, 0xFF, 
0xFF, 0xFF, 0xFF, 0xFF, 0xFF, 0xFF, 0xFF, 0xFF, 
0xFF, 0xFF, 0xFF, 0xFF, 0xFF, 0xFF, 0xFF, 0xFF, 
0xFF, 0xFF, 0xFF, 0xFF, 0xFF, 0xFF, 0xFF, 0xFF, 
0xFF, 0xFF, 0xFF, 0xFF, 0xFF, 0xFF, 0xFF, 0xFF, 
0xFF, 0xFF, 0xFF, 0xFF, 0xFF, 0xFF, 0xFF, 0xFF, 
0xFF, 0xFF, 0xFF, 0xFF, 0xFF, 0xFF, 0xFF, 0xFF, 
0xFF, 0xFF, 0xFF, 0xFF, 0xFF, 0xFF, 0xFF, 0xFF, 
0xFF, 0xFF, 0xFF, 0xFF, 0xFF, 0xFF, 0xFF, 0xFF, 
0xFF, 0xFF, 0xFF, 0xFF, 0xFF, 0xFF, 0xFF, 0xFF, 
0xFF, 0xFF, 0xFF, 0xFF, 0xFF, 0xFF, 0xFF, 0xFF, 
0xFF, 0xFF, 0xFF, 0xFF, 0xFF, 0xFF, 0xFF, 0xFF, 
0xFF, 0xFF, 0xFF, 0xFF, 0xFF, 0xFF, 0xFF, 0xFF, 
0xFF, 0xFF, 0xFF, 0xFF, 0xFF, 0xFF, 0xFF, 0xFF, 
0xFF, 0xFF, 0xFF, 0xFF, 0xFF, 0xFF, 0xFF, 0xFF, 
0xFF, 0xFF, 0xFF, 0xFF, 0xFF, 0xFF, 0xFF, 0xFF, 
0xFF, 0xFF, 0xFF, 0xFF, 0xFF, 0xFF, 0xFF, 0xFF, 
0xFF, 0xFF, 0xFF, 0xFF, 0xFF, 0xFF, 0xFF, 0xFF, 
0xFF, 0xFF, 0xFF, 0xFF, 0xFF, 0xFF, 0xFF, 0xFF, 
0xFF, 0xFF, 0xFF, 0xFF, 0xFF, 0xFF, 0xFF, 0xFF, 
0xFF, 0xFF, 0xFF, 0xFF, 0xFF, 0xFF, 0xFF, 0xFF, 
0xFF, 0xFF, 0xFF, 0xFF, 0xFF, 0xFF, 0xFF, 0xFF, 
0xFF, 0xFF, 0xFF, 0xFF, 0xFF, 0xFF, 0xFF, 0xFF, 
0xFF, 0xFF, 0xFF, 0xFF, 0xFF, 0xFF, 0xFF, 0xFF, 
0xFF, 0xFF, 0xFF, 0xFF, 0xFF, 0xFF, 0xFF, 0xFF, 
0xFF, 0xFF, 0xFF, 0xFF, 0xFF, 0xFF, 0xFF, 0xFF, 
0xFF, 0xFF, 0xFF, 0xFF, 0xFF, 0xFF, 0xFF, 0xFF, 
0xFF, 0xFF, 0xFF, 0xFF, 0xFF, 0xFF, 0xFF, 0xFF, 
0xFF, 0xFF, 0xFF, 0xFF, 0xFF, 0xFF, 0xFF, 0xFF, 
0xFF, 0xFF, 0xFF, 0xFF, 0xFF, 0xFF, 0xFF, 0xFF, 
0xFF, 0xFF, 0xFF, 0xFF, 0xFF, 0xFF, 0xFF, 0xFF, 
0xFF, 0xFF, 0xFF, 0xFF, 0xFF, 0xFF, 0xFF, 0xFF, 
0xFF, 0xFF, 0xFF, 0xFF, 0xFF, 0xFF, 0xFF, 0xFF, 
0xFF, 0xFF, 0xFF, 0xFF, 0xFF, 0xFF, 0xFF, 0xFF, 
0xFF, 0xFF, 0xFF, 0xFF, 0xFF, 0xFF, 0xFF, 0xFF, 
0xFF, 0xFF, 0xFF, 0xFF, 0xFF, 0xFF, 0xFF, 0xFF, 
0xFF, 0xFF, 0xFF, 0xFF, 0xFF, 0xFF, 0xFF, 0xFF, 
0xFF, 0xFF, 0xFF, 0xFF, 0xFF, 0xFF, 0xFF, 0xFF, 
0xFF, 0xFF, 0xFF, 0xFF, 0xFF, 0xFF, 0xFF, 0xFF, 
0xFF, 0xFF, 0xFF, 0xFF, 0xFF, 0xFF, 0xFF, 0xFF, 
0xFF, 0xFF, 0xFF, 0xFF, 0xFF, 0xFF, 0xFF, 0xFF, 
0xFF, 0xFF, 0xFF, 0xFF, 0xFF, 0xFF, 0xFF, 0xFF, 
0xFF, 0xFF, 0xFF, 0xFF, 0xFF, 0xFF, 0xFF, 0xFF, 
0xFF, 0xFF, 0xFF, 0xFF, 0xFF, 0xFF, 0xFF, 0xFF, 
0xFF, 0xFF, 0xFF, 0xFF, 0xFF, 0xFF, 0xFF, 0xFF, 
0xFF, 0xFF, 0xFF, 0xFF, 0xFF, 0xFF, 0xFF, 0xFF, 
0xFF, 0xFF, 0xFF, 0xFF, 0xFF, 0xFF, 0xFF, 0xFF, 
0xFF, 0xFF, 0xFF, 0xFF, 0xFF, 0xFF, 0xFF, 0xFF, 
0xFF, 0xFF, 0xFF, 0xFF, 0xFF, 0xFF, 0xFF, 0xFF, 
0xFF, 0xFF, 0xFF, 0xFF, 0xFF, 0xFF, 0xFF, 0xFF, 
0xFF, 0xFF, 0xFF, 0xFF, 0xFF, 0xFF, 0xFF, 0xFF, 
0xFF, 0xFF, 0xFF, 0xFF, 0xFF, 0xFF, 0xFF, 0xFF, 
0xFF, 0xFF, 0xFF, 0xFF, 0xFF, 0xFF, 0xFF, 0xFF, 
0xFF, 0xFF, 0xFF, 0xFF, 0xFF, 0xFF, 0xFF, 0xFF, 
0xFF, 0xFF, 0xFF, 0xFF, 0xFF, 0xFF, 0xFF, 0xFF, 
0xFF, 0xFF, 0xFF, 0xFF, 0xFF, 0xFF, 0xFF, 0xFF, 
0xFF, 0xFF, 0xFF, 0xFF, 0xFF, 0xFF, 0xFF, 0xFF, 
0xFF, 0xFF, 0xFF, 0xFF, 0xFF, 0xFF, 0xFF, 0xFF, 
0xFF, 0xFF, 0xFF, 0xFF, 0xFF, 0xFF, 0xFF, 0xFF, 
0xFF, 0xFF, 0xFF, 0xFF, 0xFF, 0xFF, 0xFF, 0xFF, 
0xFF, 0xFF, 0xFF, 0xFF, 0xFF, 0xFF, 0xFF, 0xFF, 
0xFF, 0xFF, 0xFF, 0xFF, 0xFF, 0xFF, 0xFF, 0xFF, 
0xFF, 0xFF, 0xFF, 0xFF, 0xFF, 0xFF, 0xFF, 0xFF, 
0xFF, 0xFF, 0xFF, 0xFF, 0xFF, 0xFF, 0xFF, 0xFF, 
0xFF, 0xFF, 0xFF, 0xFF, 0xFF, 0xFF, 0xFF, 0xFF, 
0xFF, 0xFF, 0xFF, 0xFF, 0xFF, 0xFF, 0xFF, 0xFF, 
0xFF, 0xFF, 0xFF, 0xFF, 0xFF, 0xFF, 0xFF, 0xFF, 
0xFF, 0xFF, 0xFF, 0xFF, 0xFF, 0xFF, 0xFF, 0xFF, 
0xFF, 0xFF, 0xFF, 0xFF, 0xFF, 0xFF, 0xFF, 0xFF, 
0xFF, 0xFF, 0xFF, 0xFF, 0xFF, 0xFF, 0xFF, 0xFF, 
0xFF, 0xFF, 0xFF, 0xFF, 0xFF, 0xFF, 0xFF, 0xFF, 
0xFF, 0xFF, 0xFF, 0xFF, 0xFF, 0xFF, 0xFF, 0xFF, 
0xFF, 0xFF, 0xFF, 0xFF, 0xFF, 0xFF, 0xFF, 0xFF, 
0xFF, 0xFF, 0xFF, 0xFF, 0xFF, 0xFF, 0xFF, 0xFF, 
0xFF, 0xFF, 0xFF, 0xFF, 0xFF, 0xFF, 0xFF, 0xFF, 
0xFF, 0xFF, 0xFF, 0xFF, 0xFF, 0xFF, 0xFF, 0xFF, 
0xFF, 0xFF, 0xFF, 0xFF, 0xFF, 0xFF, 0xFF, 0xFF, 
0xFF, 0xFF, 0xFF, 0xFF, 0xFF, 0xFF, 0xFF, 0xFF, 
0xFF, 0xFF, 0xFF, 0xFF, 0xFF, 0xFF, 0xFF, 0xFF, 
0xFF, 0xFF, 0xFF, 0xFF, 0xFF, 0xFF, 0xFF, 0xFF, 
0xFF, 0xFF, 0xFF, 0xFF, 0xFF, 0xFF, 0xFF, 0xFF, 
0xFF, 0xFF, 0xFF, 0xFF, 0xFF, 0xFF, 0xFF, 0xFF, 
0xFF, 0xFF, 0xFF, 0xFF, 0xFF, 0xFF, 0xFF, 0xFF, 
0xFF, 0xFF, 0xFF, 0xFF, 0xFF, 0xFF, 0xFF, 0xFF, 
0xFF, 0xFF, 0xFF, 0xFF, 0xFF, 0xFF, 0xFF, 0xFF, 
0xFF, 0xFF, 0xFF, 0xFF, 0xFF, 0xFF, 0xFF, 0xFF, 
0xFF, 0xFF, 0xFF, 0xFF, 0xFF, 0xFF, 0xFF, 0xFF, 
0xFF, 0xFF, 0xFF, 0xFF, 0xFF, 0xFF, 0xFF, 0xFF, 
0xFF, 0xFF, 0xFF, 0xFF, 0xFF, 0xFF, 0xFF, 0xFF, 
0xFF, 0xFF, 0xFF, 0xFF, 0xFF, 0xFF, 0xFF, 0xFF, 
0xFF, 0xFF, 0xFF, 0xFF, 0xFF, 0xFF, 0xFF, 0xFF, 
0xFF, 0xFF, 0xFF, 0xFF, 0xFF, 0xFF, 0xFF, 0xFF, 
0xFF, 0xFF, 0xFF, 0xFF, 0xFF, 0xFF, 0xFF, 0xFF, 
0xFF, 0xFF, 0xFF, 0xFF, 0xFF, 0xFF, 0xFF, 0xFF, 
0xFF, 0xFF, 0xFF, 0xFF, 0xFF, 0xFF, 0xFF, 0xFF, 
0xFF, 0xFF, 0xFF, 0xFF, 0xFF, 0xFF, 0xFF, 0xFF, 
0xFF, 0xFF, 0xFF, 0xFF, 0xFF, 0xFF, 0xFF, 0xFF, 
0xFF, 0xFF, 0xFF, 0xFF, 0xFF, 0xFF, 0xFF, 0xFF, 
0xFF, 0xFF, 0xFF, 0xFF, 0xFF, 0xFF, 0xFF, 0xFF, 
0xFF, 0xFF, 0xFF, 0xFF, 0xFF, 0xFF, 0xFF, 0xFF, 
0xFF, 0xFF, 0xFF, 0xFF, 0xFF, 0xFF, 0xFF, 0xFF, 
0xFF, 0xFF, 0xFF, 0xFF, 0xFF, 0xFF, 0xFF, 0xFF, 
0xFF, 0xFF, 0xFF, 0xFF, 0xFF, 0xFF, 0xFF, 0xFF, 
0xFF, 0xFF, 0xFF, 0xFF, 0xFF, 0xFF, 0xFF, 0xFF, 
0xFF, 0xFF, 0xFF, 0xFF, 0xFF, 0xFF, 0xFF, 0xFF, 
0xFF, 0xFF, 0xFF, 0xFF, 0xFF, 0xFF, 0xFF, 0xFF, 
0xFF, 0xFF, 0xFF, 0xFF, 0xFF, 0xFF, 0xFF, 0xFF, 
0xFF, 0xFF, 0xFF, 0xFF, 0xFF, 0xFF, 0xFF, 0xFF, 
0xFF, 0xFF, 0xFF, 0xFF, 0xFF, 0xFF, 0xFF, 0xFF, 
0xFF, 0xFF, 0xFF, 0xFF, 0xFF, 0xFF, 0xFF, 0xFF, 
0xFF, 0xFF, 0xFF, 0xFF, 0xFF, 0xFF, 0xFF, 0xFF, 
0xFF, 0xFF, 0xFF, 0xFF, 0xFF, 0xFF, 0xFF, 0xFF, 
0xFF, 0xFF, 0xFF, 0xFF, 0xFF, 0xFF, 0xFF, 0xFF, 
0xFF, 0xFF, 0xFF, 0xFF, 0xFF, 0xFF, 0xFF, 0xFF, 
0xFF, 0xFF, 0xFF, 0xFF, 0xFF, 0xFF, 0xFF, 0xFF, 
0xFF, 0xFF, 0xFF, 0xFF, 0xFF, 0xFF, 0xFF, 0xFF, 
0xFF, 0xFF, 0xFF, 0xFF, 0xFF, 0xFF, 0xFF, 0xFF, 
0xFF, 0xFF, 0xFF, 0xFF, 0xFF, 0xFF, 0xFF, 0xFF, 
0xFF, 0xFF, 0xFF, 0xFF, 0xFF, 0xFF, 0xFF, 0xFF, 
0xFF, 0xFF, 0xFF, 0xFF, 0xFF, 0xFF, 0xFF, 0xFF, 
0xFF, 0xFF, 0xFF, 0xFF, 0xFF, 0xFF, 0xFF, 0xFF, 
0xFF, 0xFF, 0xFF, 0xFF, 0xFF, 0xFF, 0xFF, 0xFF, 
0xFF, 0xFF, 0xFF, 0xFF, 0xFF, 0xFF, 0xFF, 0xFF, 
0xFF, 0xFF, 0xFF, 0xFF, 0xFF, 0xFF, 0xFF, 0xFF, 
0xFF, 0xFF, 0xFF, 0xFF, 0xFF, 0xFF, 0xFF, 0xFF, 
0xFF, 0xFF, 0xFF, 0xFF, 0xFF, 0xFF, 0xFF, 0xFF, 
0xFF, 0xFF, 0xFF, 0xFF, 0xFF, 0xFF, 0xFF, 0xFF, 
0xFF, 0xFF, 0xFF, 0xFF, 0xFF, 0xFF, 0xFF, 0xFF, 
0xFF, 0xFF, 0xFF, 0xFF, 0xFF, 0xFF, 0xFF, 0xFF, 
0xFF, 0xFF, 0xFF, 0xFF, 0xFF, 0xFF, 0xFF, 0xFF, 
0xFF, 0xFF, 0xFF, 0xFF, 0xFF, 0xFF, 0xFF, 0xFF, 
0xFF, 0xFF, 0xFF, 0xFF, 0xFF, 0xFF, 0xFF, 0xFF, 
0xFF, 0xFF, 0xFF, 0xFF, 0xFF, 0xFF, 0xFF, 0xFF, 
0xFF, 0xFF, 0xFF, 0xFF, 0xFF, 0xFF, 0xFF, 0xFF, 
0xFF, 0xFF, 0xFF, 0xFF, 0xFF, 0xFF, 0xFF, 0xFF, 
0xFF, 0xFF, 0xFF, 0xFF, 0xFF, 0xFF, 0xFF, 0xFF, 
0xFF, 0xFF, 0xFF, 0xFF, 0xFF, 0xFF, 0xFF, 0xFF, 
0xFF, 0xFF, 0xFF, 0xFF, 0xFF, 0xFF, 0xFF, 0xFF, 
0xFF, 0xFF, 0xFF, 0xFF, 0xFF, 0xFF, 0xFF, 0xFF, 
0xFF, 0xFF, 0xFF, 0xFF, 0xFF, 0xFF, 0xFF, 0xFF, 
0xFF, 0xFF, 0xFF, 0xFF, 0xFF, 0xFF, 0xFF, 0xFF, 
0xFF, 0xFF, 0xFF, 0xFF, 0xFF, 0xFF, 0xFF, 0xFF, 
0xFF, 0xFF, 0xFF, 0xFF, 0xFF, 0xFF, 0xFF, 0xFF, 
0xFF, 0xFF, 0xFF, 0xFF, 0xFF, 0xFF, 0xFF, 0xFF, 
0xFF, 0xFF, 0xFF, 0xFF, 0xFF, 0xFF, 0xFF, 0xFF, 
0xFF, 0xFF, 0xFF, 0xFF, 0xFF, 0xFF, 0xFF, 0xFF, 
0xFF, 0xFF, 0xFF, 0xFF, 0xFF, 0xFF, 0xFF, 0xFF, 
0xFF, 0xFF, 0xFF, 0xFF, 0xFF, 0xFF, 0xFF, 0xFF, 
0xFF, 0xFF, 0xFF, 0xFF, 0xFF, 0xFF, 0xFF, 0xFF, 
0xFF, 0xFF, 0xFF, 0xFF, 0xFF, 0xFF, 0xFF, 0xFF, 
0xFF, 0xFF, 0xFF, 0xFF, 0xFF, 0xFF, 0xFF, 0xFF, 
0xFF, 0xFF, 0xFF, 0xFF, 0xFF, 0xFF, 0xFF, 0xFF, 
0xFF, 0xFF, 0xFF, 0xFF, 0xFF, 0xFF, 0xFF, 0xFF, 
0xFF, 0xFF, 0xFF, 0xFF, 0xFF, 0xFF, 0xFF, 0xFF, 
0xFF, 0xFF, 0xFF, 0xFF, 0xFF, 0xFF, 0xFF, 0xFF, 
0xFF, 0xFF, 0xFF, 0xFF, 0xFF, 0xFF, 0xFF, 0xFF, 
0xFF, 0xFF, 0xFF, 0xFF, 0xFF, 0xFF, 0xFF, 0xFF, 
0xFF, 0xFF, 0xFF, 0xFF, 0xFF, 0xFF, 0xFF, 0xFF, 
0xFF, 0xFF, 0xFF, 0xFF, 0xFF, 0xFF, 0xFF, 0xFF, 
0xFF, 0xFF, 0xFF, 0xFF, 0xFF, 0xFF, 0xFF, 0xFF, 
0xFF, 0xFF, 0xFF, 0xFF, 0xFF, 0xFF, 0xFF, 0xFF, 
0xFF, 0xFF, 0xFF, 0xFF, 0xFF, 0xFF, 0xFF, 0xFF, 
0xFF, 0xFF, 0xFF, 0xFF, 0xFF, 0xFF, 0xFF, 0xFF, 
0xFF, 0xFF, 0xFF, 0xFF, 0xFF, 0xFF, 0xFF, 0xFF, 
0xFF, 0xFF, 0xFF, 0xFF, 0xFF, 0xFF, 0xFF, 0xFF, 
0xFF, 0xFF, 0xFF, 0xFF, 0xFF, 0xFF, 0xFF, 0xFF, 
0xFF, 0xFF, 0xFF, 0xFF, 0xFF, 0xFF, 0xFF, 0xFF, 
0xFF, 0xFF, 0xFF, 0xFF, 0xFF, 0xFF, 0xFF, 0xFF, 
0xFF, 0xFF, 0xFF, 0xFF, 0xFF, 0xFF, 0xFF, 0xFF, 
0xFF, 0xFF, 0xFF, 0xFF, 0xFF, 0xFF, 0xFF, 0xFF, 
0xFF, 0xFF, 0xFF, 0xFF, 0xFF, 0xFF, 0xFF, 0xFF, 
0xFF, 0xFF, 0xFF, 0xFF, 0xFF, 0xFF, 0xFF, 0xFF, 
0xFF, 0xFF, 0xFF, 0xFF, 0xFF, 0xFF, 0xFF, 0xFF, 
0xFF, 0xFF, 0xFF, 0xFF, 0xFF, 0xFF, 0xFF, 0xFF, 
0xFF, 0xFF, 0xFF, 0xFF, 0xFF, 0xFF, 0xFF, 0xFF, 
0xFF, 0xFF, 0xFF, 0xFF, 0xFF, 0xFF, 0xFF, 0xFF, 
0xFF, 0xFF, 0xFF, 0xFF, 0xFF, 0xFF, 0xFF, 0xFF, 
0xFF, 0xFF, 0xFF, 0xFF, 0xFF, 0xFF, 0xFF, 0xFF, 
0xFF, 0xFF, 0xFF, 0xFF, 0xFF, 0xFF, 0xFF, 0xFF, 
0xFF, 0xFF, 0xFF, 0xFF, 0xFF, 0xFF, 0xFF, 0xFF, 
0xFF, 0xFF, 0xFF, 0xFF, 0xFF, 0xFF, 0xFF, 0xFF, 
0xFF, 0xFF, 0xFF, 0xFF, 0xFF, 0xFF, 0xFF, 0xFF, 
0xFF, 0xFF, 0xFF, 0xFF, 0xFF, 0xFF, 0xFF, 0xFF, 
0xFF, 0xFF, 0xFF, 0xFF, 0xFF, 0xFF, 0xFF, 0xFF, 
0xFF, 0xFF, 0xFF, 0xFF, 0xFF, 0xFF, 0xFF, 0xFF, 
0xFF, 0xFF, 0xFF, 0xFF, 0xFF, 0xFF, 0xFF, 0xFF, 
0xFF, 0xFF, 0xFF, 0xFF, 0xFF, 0xFF, 0xFF, 0xFF, 
0xFF, 0xFF, 0xFF, 0xFF, 0xFF, 0xFF, 0xFF, 0xFF, 
0xFF, 0xFF, 0xFF, 0xFF, 0xFF, 0xFF, 0xFF, 0xFF, 
0xFF, 0xFF, 0xFF, 0xFF, 0xFF, 0xFF, 0xFF, 0xFF, 
0xFF, 0xFF, 0xFF, 0xFF, 0xFF, 0xFF, 0xFF, 0xFF, 
0xFF, 0xFF, 0xFF, 0xFF, 0xFF, 0xFF, 0xFF, 0xFF, 
0xFF, 0xFF, 0xFF, 0xFF, 0xFF, 0xFF, 0xFF, 0xFF, 
0xFF, 0xFF, 0xFF, 0xFF, 0xFF, 0xFF, 0xFF, 0xFF, 
0xFF, 0xFF, 0xFF, 0xFF, 0xFF, 0xFF, 0xFF, 0xFF, 
0xFF, 0xFF, 0xFF, 0xFF, 0xFF, 0xFF, 0xFF, 0xFF, 
0xFF, 0xFF, 0xFF, 0xFF, 0xFF, 0xFF, 0xFF, 0xFF, 
0xFF, 0xFF, 0xFF, 0xFF, 0xFF, 0xFF, 0xFF, 0xFF, 
0xFF, 0xFF, 0xFF, 0xFF, 0xFF, 0xFF, 0xFF, 0xFF, 
0xFF, 0xFF, 0xFF, 0xFF, 0xFF, 0xFF, 0xFF, 0xFF, 
0xFF, 0xFF, 0xFF, 0xFF, 0xFF, 0xFF, 0xFF, 0xFF, 
0xFF, 0xFF, 0xFF, 0xFF, 0xFF, 0xFF, 0xFF, 0xFF, 
0xFF, 0xFF, 0xFF, 0xFF, 0xFF, 0xFF, 0xFF, 0xFF, 
0xFF, 0xFF, 0xFF, 0xFF, 0xFF, 0xFF, 0xFF, 0xFF, 
0xFF, 0xFF, 0xFF, 0xFF, 0xFF, 0xFF, 0xFF, 0xFF, 
0xFF, 0xFF, 0xFF, 0xFF, 0xFF, 0xFF, 0xFF, 0xFF, 
0xFF, 0xFF, 0xFF, 0xFF, 0xFF, 0xFF, 0xFF, 0xFF, 
0xFF, 0xFF, 0xFF, 0xFF, 0xFF, 0xFF, 0xFF, 0xFF, 
0xFF, 0xFF, 0xFF, 0xFF, 0xFF, 0xFF, 0xFF, 0xFF, 
0xFF, 0xFF, 0xFF, 0xFF, 0xFF, 0xFF, 0xFF, 0xFF, 
0xFF, 0xFF, 0xFF, 0xFF, 0xFF, 0xFF, 0xFF, 0xFF, 
0xFF, 0xFF, 0xFF, 0xFF, 0xFF, 0xFF, 0xFF, 0xFF, 
0xFF, 0xFF, 0xFF, 0xFF, 0xFF, 0xFF, 0xFF, 0xFF, 
0xFF, 0xFF, 0xFF, 0xFF, 0xFF, 0xFF, 0xFF, 0xFF, 
0xFF, 0xFF, 0xFF, 0xFF, 0xFF, 0xFF, 0xFF, 0xFF, 
0xFF, 0xFF, 0xFF, 0xFF, 0xFF, 0xFF, 0xFF, 0xFF, 
0xFF, 0xFF, 0xFF, 0xFF, 0xFF, 0xFF, 0xFF, 0xFF, 
0xFF, 0xFF, 0xFF, 0xFF, 0xFF, 0xFF, 0xFF, 0xFF, 
0xFF, 0xFF, 0xFF, 0xFF, 0xFF, 0xFF, 0xFF, 0xFF, 
0xFF, 0xFF, 0xFF, 0xFF, 0xFF, 0xFF, 0xFF, 0xFF, 
0xFF, 0xFF, 0xFF, 0xFF, 0xFF, 0xFF, 0xFF, 0xFF, 
0xFF, 0xFF, 0xFF, 0xFF, 0xFF, 0xFF, 0xFF, 0xFF, 
0xFF, 0xFF, 0xFF, 0xFF, 0xFF, 0xFF, 0xFF, 0xFF, 
0xFF, 0xFF, 0xFF, 0xFF, 0xFF, 0xFF, 0xFF, 0xFF, 
0xFF, 0xFF, 0xFF, 0xFF, 0xFF, 0xFF, 0xFF, 0xFF, 
0xFF, 0xFF, 0xFF, 0xFF, 0xFF, 0xFF, 0xFF, 0xFF, 
0xFF, 0xFF, 0xFF, 0xFF, 0xFF, 0xFF, 0xFF, 0xFF, 
0xFF, 0xFF, 0xFF, 0xFF, 0xFF, 0xFF, 0xFF, 0xFF, 
0xFF, 0xFF, 0xFF, 0xFF, 0xFF, 0xFF, 0xFF, 0xFF, 
0xFF, 0xFF, 0xFF, 0xFF, 0xFF, 0xFF, 0xFF, 0xFF, 
0xFF, 0xFF, 0xFF, 0xFF, 0xFF, 0xFF, 0xFF, 0xFF, 
0xFF, 0xFF, 0xFF, 0xFF, 0xFF, 0xFF, 0xFF, 0xFF, 
0xFF, 0xFF, 0xFF, 0xFF, 0xFF, 0xFF, 0xFF, 0xFF, 
0xFF, 0xFF, 0xFF, 0xFF, 0xFF, 0xFF, 0xFF, 0xFF, 
0xFF, 0xFF, 0xFF, 0xFF, 0xFF, 0xFF, 0xFF, 0xFF, 
0xFF, 0xFF, 0xFF, 0xFF, 0xFF, 0xFF, 0xFF, 0xFF, 
0xFF, 0xFF, 0xFF, 0xFF, 0xFF, 0xFF, 0xFF, 0xFF, 
0xFF, 0xFF, 0xFF, 0xFF, 0xFF, 0xFF, 0xFF, 0xFF, 
0xFF, 0xFF, 0xFF, 0xFF, 0xFF, 0xFF, 0xFF, 0xFF, 
0xFF, 0xFF, 0xFF, 0xFF, 0xFF, 0xFF, 0xFF, 0xFF, 
0xFF, 0xFF, 0xFF, 0xFF, 0xFF, 0xFF, 0xFF, 0xFF, 
0xFF, 0xFF, 0xFF, 0xFF, 0xFF, 0xFF, 0xFF, 0xFF, 
0xFF, 0xFF, 0xFF, 0xFF, 0xFF, 0xFF, 0xFF, 0xFF, 
0xFF, 0xFF, 0xFF, 0xFF, 0xFF, 0xFF, 0xFF, 0xFF, 
0xFF, 0xFF, 0xFF, 0xFF, 0xFF, 0xFF, 0xFF, 0xFF, 
0xFF, 0xFF, 0xFF, 0xFF, 0xFF, 0xFF, 0xFF, 0xFF, 
0xFF, 0xFF, 0xFF, 0xFF, 0xFF, 0xFF, 0xFF, 0xFF, 
0xFF, 0xFF, 0xFF, 0xFF, 0xFF, 0xFF, 0xFF, 0xFF, 
0xFF, 0xFF, 0xFF, 0xFF, 0xFF, 0xFF, 0xFF, 0xFF, 
0xFF, 0xFF, 0xFF, 0xFF, 0xFF, 0xFF, 0xFF, 0xFF, 
0xFF, 0xFF, 0xFF, 0xFF, 0xFF, 0xFF, 0xFF, 0xFF, 
0xFF, 0xFF, 0xFF, 0xFF, 0xFF, 0xFF, 0xFF, 0xFF, 
0xFF, 0xFF, 0xFF, 0xFF, 0xFF, 0xFF, 0xFF, 0xFF, 
0xFF, 0xFF, 0xFF, 0xFF, 0xFF, 0xFF, 0xFF, 0xFF, 
0xFF, 0xFF, 0xFF, 0xFF, 0xFF, 0xFF, 0xFF, 0xFF, 
0xFF, 0xFF, 0xFF, 0xFF, 0xFF, 0xFF, 0xFF, 0xFF, 
0xFF, 0xFF, 0xFF, 0xFF, 0xFF, 0xFF, 0xFF, 0xFF, 
0xFF, 0xFF, 0xFF, 0xFF, 0xFF, 0xFF, 0xFF, 0xFF, 
0xFF, 0xFF, 0xFF, 0xFF, 0xFF, 0xFF, 0xFF, 0xFF, 
0xFF, 0xFF, 0xFF, 0xFF, 0xFF, 0xFF, 0xFF, 0xFF, 
0xFF, 0xFF, 0xFF, 0xFF, 0xFF, 0xFF, 0xFF, 0xFF, 
0xFF, 0xFF, 0xFF, 0xFF, 0xFF, 0xFF, 0xFF, 0xFF, 
0xFF, 0xFF, 0xFF, 0xFF, 0xFF, 0xFF, 0xFF, 0xFF, 
0xFF, 0xFF, 0xFF, 0xFF, 0xFF, 0xFF, 0xFF, 0xFF, 
0xFF, 0xFF, 0xFF, 0xFF, 0xFF, 0xFF, 0xFF, 0xFF, 
0xFF, 0xFF, 0xFF, 0xFF, 0xFF, 0xFF, 0xFF, 0xFF, 
0xFF, 0xFF, 0xFF, 0xFF, 0xFF, 0xFF, 0xFF, 0xFF, 
0xFF, 0xFF, 0xFF, 0xFF, 0xFF, 0xFF, 0xFF, 0xFF, 
0xFF, 0xFF, 0xFF, 0xFF, 0xFF, 0xFF, 0xFF, 0xFF, 
0xFF, 0xFF, 0xFF, 0xFF, 0xFF, 0xFF, 0xFF, 0xFF, 
0xFF, 0xFF, 0xFF, 0xFF, 0xFF, 0xFF, 0xFF, 0xFF, 
0xFF, 0xFF, 0xFF, 0xFF, 0xFF, 0xFF, 0xFF, 0xFF, 
0xFF, 0xFF, 0xFF, 0xFF, 0xFF, 0xFF, 0xFF, 0xFF, 
0xFF, 0xFF, 0xFF, 0xFF, 0xFF, 0xFF, 0xFF, 0xFF, 
0xFF, 0xFF, 0xFF, 0xFF, 0xFF, 0xFF, 0xFF, 0xFF, 
0xFF, 0xFF, 0xFF, 0xFF, 0xFF, 0xFF, 0xFF, 0xFF, 
0xFF, 0xFF, 0xFF, 0xFF, 0xFF, 0xFF, 0xFF, 0xFF, 
0xFF, 0xFF, 0xFF, 0xFF, 0xFF, 0xFF, 0xFF, 0xFF, 
0xFF, 0xFF, 0xFF, 0xFF, 0xFF, 0xFF, 0xFF, 0xFF, 
0xFF, 0xFF, 0xFF, 0xFF, 0xFF, 0xFF, 0xFF, 0xFF, 
0xFF, 0xFF, 0xFF, 0xFF, 0xFF, 0xFF, 0xFF, 0xFF, 
0xFF, 0xFF, 0xFF, 0xFF, 0xFF, 0xFF, 0xFF, 0xFF, 
0xFF, 0xFF, 0xFF, 0xFF, 0xFF, 0xFF, 0xFF, 0xFF, 
0xFF, 0xFF, 0xFF, 0xFF, 0xFF, 0xFF, 0xFF, 0xFF, 
0xFF, 0xFF, 0xFF, 0xFF, 0xFF, 0xFF, 0xFF, 0xFF, 
0xFF, 0xFF, 0xFF, 0xFF, 0xFF, 0xFF, 0xFF, 0xFF, 
0xFF, 0xFF, 0xFF, 0xFF, 0xFF, 0xFF, 0xFF, 0xFF, 
0xFF, 0xFF, 0xFF, 0xFF, 0xFF, 0xFF, 0xFF, 0xFF, 
0xFF, 0xFF, 0xFF, 0xFF, 0xFF, 0xFF, 0xFF, 0xFF, 
0xFF, 0xFF, 0xFF, 0xFF, 0xFF, 0xFF, 0xFF, 0xFF, 
0xFF, 0xFF, 0xFF, 0xFF, 0xFF, 0xFF, 0xFF, 0xFF, 
0xFF, 0xFF, 0xFF, 0xFF, 0xFF, 0xFF, 0xFF, 0xFF, 
0xFF, 0xFF, 0xFF, 0xFF, 0xFF, 0xFF, 0xFF, 0xFF, 
0xFF, 0xFF, 0xFF, 0xFF, 0xFF, 0xFF, 0xFF, 0xFF, 
0xFF, 0xFF, 0xFF, 0xFF, 0xFF, 0xFF, 0xFF, 0xFF, 
0xFF, 0xFF, 0xFF, 0xFF, 0xFF, 0xFF, 0xFF, 0xFF, 
0xFF, 0xFF, 0xFF, 0xFF, 0xFF, 0xFF, 0xFF, 0xFF, 
0xFF, 0xFF, 0xFF, 0xFF, 0xFF, 0xFF, 0xFF, 0xFF, 
0xFF, 0xFF, 0xFF, 0xFF, 0xFF, 0xFF, 0xFF, 0xFF, 
0xFF, 0xFF, 0xFF, 0xFF, 0xFF, 0xFF, 0xFF, 0xFF, 
0xFF, 0xFF, 0xFF, 0xFF, 0xFF, 0xFF, 0xFF, 0xFF, 
0xFF, 0xFF, 0xFF, 0xFF, 0xFF, 0xFF, 0xFF, 0xFF, 
0xFF, 0xFF, 0xFF, 0xFF, 0xFF, 0xFF, 0xFF, 0xFF, 
0xFF, 0xFF, 0xFF, 0xFF, 0xFF, 0xFF, 0xFF, 0xFF, 
0xFF, 0xFF, 0xFF, 0xFF, 0xFF, 0xFF, 0xFF, 0xFF, 
0xFF, 0xFF, 0xFF, 0xFF, 0xFF, 0xFF, 0xFF, 0xFF, 
0xFF, 0xFF, 0xFF, 0xFF, 0xFF, 0xFF, 0xFF, 0xFF, 
0xFF, 0xFF, 0xFF, 0xFF, 0xFF, 0xFF, 0xFF, 0xFF, 
0xFF, 0xFF, 0xFF, 0xFF, 0xFF, 0xFF, 0xFF, 0xFF, 
0xFF, 0xFF, 0xFF, 0xFF, 0xFF, 0xFF, 0xFF, 0xFF, 
0xFF, 0xFF, 0xFF, 0xFF, 0xFF, 0xFF, 0xFF, 0xFF, 
0xFF, 0xFF, 0xFF, 0xFF, 0xFF, 0xFF, 0xFF, 0xFF, 
0xFF, 0xFF, 0xFF, 0xFF, 0xFF, 0xFF, 0xFF, 0xFF, 
0xFF, 0xFF, 0xFF, 0xFF, 0xFF, 0xFF, 0xFF, 0xFF, 
0xFF, 0xFF, 0xFF, 0xFF, 0xFF, 0xFF, 0xFF, 0xFF, 
0xFF, 0xFF, 0xFF, 0xFF, 0xFF, 0xFF, 0xFF, 0xFF, 
0xFF, 0xFF, 0xFF, 0xFF, 0xFF, 0xFF, 0xFF, 0xFF, 
0xFF, 0xFF, 0xFF, 0xFF, 0xFF, 0xFF, 0xFF, 0xFF, 
0xFF, 0xFF, 0xFF, 0xFF, 0xFF, 0xFF, 0xFF, 0xFF, 
0xFF, 0xFF, 0xFF, 0xFF, 0xFF, 0xFF, 0xFF, 0xFF, 
0xFF, 0xFF, 0xFF, 0xFF, 0xFF, 0xFF, 0xFF, 0xFF, 
0xFF, 0xFF, 0xFF, 0xFF, 0xFF, 0xFF, 0xFF, 0xFF, 
0xFF, 0xFF, 0xFF, 0xFF, 0xFF, 0xFF, 0xFF, 0xFF, 
0xFF, 0xFF, 0xFF, 0xFF, 0xFF, 0xFF, 0xFF, 0xFF, 
0xFF, 0xFF, 0xFF, 0xFF, 0xFF, 0xFF, 0xFF, 0xFF, 
0xFF, 0xFF, 0xFF, 0xFF, 0xFF, 0xFF, 0xFF, 0xFF, 
0xFF, 0xFF, 0xFF, 0xFF, 0xFF, 0xFF, 0xFF, 0xFF, 
0xFF, 0xFF, 0xFF, 0xFF, 0xFF, 0xFF, 0xFF, 0xFF, 
0xFF, 0xFF, 0xFF, 0xFF, 0xFF, 0xFF, 0xFF, 0xFF, 
0xFF, 0xFF, 0xFF, 0xFF, 0xFF, 0xFF, 0xFF, 0xFF, 
0xFF, 0xFF, 0xFF, 0xFF, 0xFF, 0xFF, 0xFF, 0xFF, 
0xFF, 0xFF, 0xFF, 0xFF, 0xFF, 0xFF, 0xFF, 0xFF, 
0xFF, 0xFF, 0xFF, 0xFF, 0xFF, 0xFF, 0xFF, 0xFF, 
0xFF, 0xFF, 0xFF, 0xFF, 0xFF, 0xFF, 0xFF, 0xFF, 
0xFF, 0xFF, 0xFF, 0xFF, 0xFF, 0xFF, 0xFF, 0xFF, 
0xFF, 0xFF, 0xFF, 0xFF, 0xFF, 0xFF, 0xFF, 0xFF, 
0xFF, 0xFF, 0xFF, 0xFF, 0xFF, 0xFF, 0xFF, 0xFF, 
0xFF, 0xFF, 0xFF, 0xFF, 0xFF, 0xFF, 0xFF, 0xFF, 
0xFF, 0xFF, 0xFF, 0xFF, 0xFF, 0xFF, 0xFF, 0xFF, 
0xFF, 0xFF, 0xFF, 0xFF, 0xFF, 0xFF, 0xFF, 0xFF, 
0xFF, 0xFF, 0xFF, 0xFF, 0xFF, 0xFF, 0xFF, 0xFF, 
0xFF, 0xFF, 0xFF, 0xFF, 0xFF, 0xFF, 0xFF, 0xFF, 
0xFF, 0xFF, 0xFF, 0xFF, 0xFF, 0xFF, 0xFF, 0xFF, 
0xFF, 0xFF, 0xFF, 0xFF, 0xFF, 0xFF, 0xFF, 0xFF, 
0xFF, 0xFF, 0xFF, 0xFF, 0xFF, 0xFF, 0xFF, 0xFF, 
0xFF, 0xFF, 0xFF, 0xFF, 0xFF, 0xFF, 0xFF, 0xFF, 
0xFF, 0xFF, 0xFF, 0xFF, 0xFF, 0xFF, 0xFF, 0xFF, 
0xFF, 0xFF, 0xFF, 0xFF, 0xFF, 0xFF, 0xFF, 0xFF, 
0xFF, 0xFF, 0xFF, 0xFF, 0xFF, 0xFF, 0xFF, 0xFF, 
0xFF, 0xFF, 0xFF, 0xFF, 0xFF, 0xFF, 0xFF, 0xFF, 
0xFF, 0xFF, 0xFF, 0xFF, 0xFF, 0xFF, 0xFF, 0xFF, 
0xFF, 0xFF, 0xFF, 0xFF, 0xFF, 0xFF, 0xFF, 0xFF, 
0xFF, 0xFF, 0xFF, 0xFF, 0xFF, 0xFF, 0xFF, 0xFF, 
0xFF, 0xFF, 0xFF, 0xFF, 0xFF, 0xFF, 0xFF, 0xFF, 
0xFF, 0xFF, 0xFF, 0xFF, 0xFF, 0xFF, 0xFF, 0xFF, 
0xFF, 0xFF, 0xFF, 0xFF, 0xFF, 0xFF, 0xFF, 0xFF, 
0xFF, 0xFF, 0xFF, 0xFF, 0xFF, 0xFF, 0xFF, 0xFF, 
0xFF, 0xFF, 0xFF, 0xFF, 0xFF, 0xFF, 0xFF, 0xFF, 
0xFF, 0xFF, 0xFF, 0xFF, 0xFF, 0xFF, 0xFF, 0xFF, 
0xFF, 0xFF, 0xFF, 0xFF, 0xFF, 0xFF, 0xFF, 0xFF, 
0xFF, 0xFF, 0xFF, 0xFF, 0xFF, 0xFF, 0xFF, 0xFF, 
0xFF, 0xFF, 0xFF, 0xFF, 0xFF, 0xFF, 0xFF, 0xFF, 
0xFF, 0xFF, 0xFF, 0xFF, 0xFF, 0xFF, 0xFF, 0xFF, 
0xFF, 0xFF, 0xFF, 0xFF, 0xFF, 0xFF, 0xFF, 0xFF, 
0xFF, 0xFF, 0xFF, 0xFF, 0xFF, 0xFF, 0xFF, 0xFF, 
0xFF, 0xFF, 0xFF, 0xFF, 0xFF, 0xFF, 0xFF, 0xFF, 
0xFF, 0xFF, 0xFF, 0xFF, 0xFF, 0xFF, 0xFF, 0xFF, 
0xFF, 0xFF, 0xFF, 0xFF, 0xFF, 0xFF, 0xFF, 0xFF, 
0xFF, 0xFF, 0xFF, 0xFF, 0xFF, 0xFF, 0xFF, 0xFF, 
0xFF, 0xFF, 0xFF, 0xFF, 0xFF, 0xFF, 0xFF, 0xFF, 
0xFF, 0xFF, 0xFF, 0xFF, 0xFF, 0xFF, 0xFF, 0xFF, 
0xFF, 0xFF, 0xFF, 0xFF, 0xFF, 0xFF, 0xFF, 0xFF, 
0xFF, 0xFF, 0xFF, 0xFF, 0xFF, 0xFF, 0xFF, 0xFF, 
0xFF, 0xFF, 0xFF, 0xFF, 0xFF, 0xFF, 0xFF, 0xFF, 
0xFF, 0xFF, 0xFF, 0xFF, 0xFF, 0xFF, 0xFF, 0xFF, 
0xFF, 0xFF, 0xFF, 0xFF, 0xFF, 0xFF, 0xFF, 0xFF, 
0xFF, 0xFF, 0xFF, 0xFF, 0xFF, 0xFF, 0xFF, 0xFF, 
0xFF, 0xFF, 0xFF, 0xFF, 0xFF, 0xFF, 0xFF, 0xFF, 
0xFF, 0xFF, 0xFF, 0xFF, 0xFF, 0xFF, 0xFF, 0xFF, 
0xFF, 0xFF, 0xFF, 0xFF, 0xFF, 0xFF, 0xFF, 0xFF, 
0xFF, 0xFF, 0xFF, 0xFF, 0xFF, 0xFF, 0xFF, 0xFF, 
0xFF, 0xFF, 0xFF, 0xFF, 0xFF, 0xFF, 0xFF, 0xFF, 
0xFF, 0xFF, 0xFF, 0xFF, 0xFF, 0xFF, 0xFF, 0xFF, 
0xFF, 0xFF, 0xFF, 0xFF, 0xFF, 0xFF, 0xFF, 0xFF, 
0xFF, 0xFF, 0xFF, 0xFF, 0xFF, 0xFF, 0xFF, 0xFF, 
0xFF, 0xFF, 0xFF, 0xFF, 0xFF, 0xFF, 0xFF, 0xFF, 
0xFF, 0xFF, 0xFF, 0xFF, 0xFF, 0xFF, 0xFF, 0xFF, 
0xFF, 0xFF, 0xFF, 0xFF, 0xFF, 0xFF, 0xFF, 0xFF, 
0xFF, 0xFF, 0xFF, 0xFF, 0xFF, 0xFF, 0xFF, 0xFF, 
0xFF, 0xFF, 0xFF, 0xFF, 0xFF, 0xFF, 0xFF, 0xFF, 
0xFF, 0xFF, 0xFF, 0xFF, 0xFF, 0xFF, 0xFF, 0xFF, 
0xFF, 0xFF, 0xFF, 0xFF, 0xFF, 0xFF, 0xFF, 0xFF, 
0xFF, 0xFF, 0xFF, 0xFF, 0xFF, 0xFF, 0xFF, 0xFF, 
0xFF, 0xFF, 0xFF, 0xFF, 0xFF, 0xFF, 0xFF, 0xFF, 
0xFF, 0xFF, 0xFF, 0xFF, 0xFF, 0xFF, 0xFF, 0xFF, 
0xFF, 0xFF, 0xFF, 0xFF, 0xFF, 0xFF, 0xFF, 0xFF, 
0xFF, 0xFF, 0xFF, 0xFF, 0xFF, 0xFF, 0xFF, 0xFF, 
0xFF, 0xFF, 0xFF, 0xFF, 0xFF, 0xFF, 0xFF, 0xFF, 
0xFF, 0xFF, 0xFF, 0xFF, 0xFF, 0xFF, 0xFF, 0xFF, 
0xFF, 0xFF, 0xFF, 0xFF, 0xFF, 0xFF, 0xFF, 0xFF, 
0xFF, 0xFF, 0xFF, 0xFF, 0xFF, 0xFF, 0xFF, 0xFF, 
0xFF, 0xFF, 0xFF, 0xFF, 0xFF, 0xFF, 0xFF, 0xFF, 
0xFF, 0xFF, 0xFF, 0xFF, 0xFF, 0xFF, 0xFF, 0xFF, 
0xFF, 0xFF, 0xFF, 0xFF, 0xFF, 0xFF, 0xFF, 0xFF, 
0xFF, 0xFF, 0xFF, 0xFF, 0xFF, 0xFF, 0xFF, 0xFF, 
0xFF, 0xFF, 0xFF, 0xFF, 0xFF, 0xFF, 0xFF, 0xFF, 
0xFF, 0xFF, 0xFF, 0xFF, 0xFF, 0xFF, 0xFF, 0xFF, 
0xFF, 0xFF, 0xFF, 0xFF, 0xFF, 0xFF, 0xFF, 0xFF, 
0xFF, 0xFF, 0xFF, 0xFF, 0xFF, 0xFF, 0xFF, 0xFF, 
0xFF, 0xFF, 0xFF, 0xFF, 0xFF, 0xFF, 0xFF, 0xFF, 
0xFF, 0xFF, 0xFF, 0xFF, 0xFF, 0xFF, 0xFF, 0xFF, 
0xFF, 0xFF, 0xFF, 0xFF, 0xFF, 0xFF, 0xFF, 0xFF, 
0xFF, 0xFF, 0xFF, 0xFF, 0xFF, 0xFF, 0xFF, 0xFF, 
0xFF, 0xFF, 0xFF, 0xFF, 0xFF, 0xFF, 0xFF, 0xFF, 
0xFF, 0xFF, 0xFF, 0xFF, 0xFF, 0xFF, 0xFF, 0xFF, 
0xFF, 0xFF, 0xFF, 0xFF, 0xFF, 0xFF, 0xFF, 0xFF, 
0xFF, 0xFF, 0xFF, 0xFF, 0xFF, 0xFF, 0xFF, 0xFF, 
0xFF, 0xFF, 0xFF, 0xFF, 0xFF, 0xFF, 0xFF, 0xFF, 
0xFF, 0xFF, 0xFF, 0xFF, 0xFF, 0xFF, 0xFF, 0xFF, 
0xFF, 0xFF, 0xFF, 0xFF, 0xFF, 0xFF, 0xFF, 0xFF, 
0xFF, 0xFF, 0xFF, 0xFF, 0xFF, 0xFF, 0xFF, 0xFF, 
0xFF, 0xFF, 0xFF, 0xFF, 0xFF, 0xFF, 0xFF, 0xFF, 
0xFF, 0xFF, 0xFF, 0xFF, 0xFF, 0xFF, 0xFF, 0xFF, 
0xFF, 0xFF, 0xFF, 0xFF, 0xFF, 0xFF, 0xFF, 0xFF, 
0xFF, 0xFF, 0xFF, 0xFF, 0xFF, 0xFF, 0xFF, 0xFF, 
0xFF, 0xFF, 0xFF, 0xFF, 0xFF, 0xFF, 0xFF, 0xFF, 
0xFF, 0xFF, 0xFF, 0xFF, 0xFF, 0xFF, 0xFF, 0xFF, 
0xFF, 0xFF, 0xFF, 0xFF, 0xFF, 0xFF, 0xFF, 0xFF, 
0xFF, 0xFF, 0xFF, 0xFF, 0xFF, 0xFF, 0xFF, 0xFF, 
0xFF, 0xFF, 0xFF, 0xFF, 0xFF, 0xFF, 0xFF, 0xFF, 
0xFF, 0xFF, 0xFF, 0xFF, 0xFF, 0xFF, 0xFF, 0xFF, 
0xFF, 0xFF, 0xFF, 0xFF, 0xFF, 0xFF, 0xFF, 0xFF, 
0xFF, 0xFF, 0xFF, 0xFF, 0xFF, 0xFF, 0xFF, 0xFF, 
0xFF, 0xFF, 0xFF, 0xFF, 0xFF, 0xFF, 0xFF, 0xFF, 
0xFF, 0xFF, 0xFF, 0xFF, 0xFF, 0xFF, 0xFF, 0xFF, 
0xFF, 0xFF, 0xFF, 0xFF, 0xFF, 0xFF, 0xFF, 0xFF, 
0xFF, 0xFF, 0xFF, 0xFF, 0xFF, 0xFF, 0xFF, 0xFF, 
0xFF, 0xFF, 0xFF, 0xFF, 0xFF, 0xFF, 0xFF, 0xFF, 
0xFF, 0xFF, 0xFF, 0xFF, 0xFF, 0xFF, 0xFF, 0xFF, 
0xFF, 0xFF, 0xFF, 0xFF, 0xFF, 0xFF, 0xFF, 0xFF, 
0xFF, 0xFF, 0xFF, 0xFF, 0xFF, 0xFF, 0xFF, 0xFF, 
0xFF, 0xFF, 0xFF, 0xFF, 0xFF, 0xFF, 0xFF, 0xFF, 
0xFF, 0xFF, 0xFF, 0xFF, 0xFF, 0xFF, 0xFF, 0xFF, 
0xFF, 0xFF, 0xFF, 0xFF, 0xFF, 0xFF, 0xFF, 0xFF, 
0xFF, 0xFF, 0xFF, 0xFF, 0xFF, 0xFF, 0xFF, 0xFF, 
0xFF, 0xFF, 0xFF, 0xFF, 0xFF, 0xFF, 0xFF, 0xFF, 
0xFF, 0xFF, 0xFF, 0xFF, 0xFF, 0xFF, 0xFF, 0xFF, 
0xFF, 0xFF, 0xFF, 0xFF, 0xFF, 0xFF, 0xFF, 0xFF, 
0xFF, 0xFF, 0xFF, 0xFF, 0xFF, 0xFF, 0xFF, 0xFF, 
0xFF, 0xFF, 0xFF, 0xFF, 0xFF, 0xFF, 0xFF, 0xFF, 
0xFF, 0xFF, 0xFF, 0xFF, 0xFF, 0xFF, 0xFF, 0xFF, 
0xFF, 0xFF, 0xFF, 0xFF, 0xFF, 0xFF, 0xFF, 0xFF, 
0xFF, 0xFF, 0xFF, 0xFF, 0xFF, 0xFF, 0xFF, 0xFF, 
0xFF, 0xFF, 0xFF, 0xFF, 0xFF, 0xFF, 0xFF, 0xFF, 
0xFF, 0xFF, 0xFF, 0xFF, 0xFF, 0xFF, 0xFF, 0xFF, 
0xFF, 0xFF, 0xFF, 0xFF, 0xFF, 0xFF, 0xFF, 0xFF, 
0xFF, 0xFF, 0xFF, 0xFF, 0xFF, 0xFF, 0xFF, 0xFF, 
0xFF, 0xFF, 0xFF, 0xFF, 0xFF, 0xFF, 0xFF, 0xFF, 
0xFF, 0xFF, 0xFF, 0xFF, 0xFF, 0xFF, 0xFF, 0xFF, 
0xFF, 0xFF, 0xFF, 0xFF, 0xFF, 0xFF, 0xFF, 0xFF, 
0xFF, 0xFF, 0xFF, 0xFF, 0xFF, 0xFF, 0xFF, 0xFF, 
0xFF, 0xFF, 0xFF, 0xFF, 0xFF, 0xFF, 0xFF, 0xFF, 
0xFF, 0xFF, 0xFF, 0xFF, 0xFF, 0xFF, 0xFF, 0xFF, 
0xFF, 0xFF, 0xFF, 0xFF, 0xFF, 0xFF, 0xFF, 0xFF, 
0xFF, 0xFF, 0xFF, 0xFF, 0xFF, 0xFF, 0xFF, 0xFF, 
0xFF, 0xFF, 0xFF, 0xFF, 0xFF, 0xFF, 0xFF, 0xFF, 
0xFF, 0xFF, 0xFF, 0xFF, 0xFF, 0xFF, 0xFF, 0xFF, 
0xFF, 0xFF, 0xFF, 0xFF, 0xFF, 0xFF, 0xFF, 0xFF, 
0xFF, 0xFF, 0xFF, 0xFF, 0xFF, 0xFF, 0xFF, 0xFF, 
0xFF, 0xFF, 0xFF, 0xFF, 0xFF, 0xFF, 0xFF, 0xFF, 
0xFF, 0xFF, 0xFF, 0xFF, 0xFF, 0xFF, 0xFF, 0xFF, 
0xFF, 0xFF, 0xFF, 0xFF, 0xFF, 0xFF, 0xFF, 0xFF, 
0xFF, 0xFF, 0xFF, 0xFF, 0xFF, 0xFF, 0xFF, 0xFF, 
0xFF, 0xFF, 0xFF, 0xFF, 0xFF, 0xFF, 0xFF, 0xFF, 
0xFF, 0xFF, 0xFF, 0xFF, 0xFF, 0xFF, 0xFF, 0xFF, 
0xFF, 0xFF, 0xFF, 0xFF, 0xFF, 0xFF, 0xFF, 0xFF, 
0xFF, 0xFF, 0xFF, 0xFF, 0xFF, 0xFF, 0xFF, 0xFF, 
0xFF, 0xFF, 0xFF, 0xFF, 0xFF, 0xFF, 0xFF, 0xFF, 
0xFF, 0xFF, 0xFF, 0xFF, 0xFF, 0xFF, 0xFF, 0xFF, 
0xFF, 0xFF, 0xFF, 0xFF, 0xFF, 0xFF, 0xFF, 0xFF, 
0xFF, 0xFF, 0xFF, 0xFF, 0xFF, 0xFF, 0xFF, 0xFF, 
0xFF, 0xFF, 0xFF, 0xFF, 0xFF, 0xFF, 0xFF, 0xFF, 
0xFF, 0xFF, 0xFF, 0xFF, 0xFF, 0xFF, 0xFF, 0xFF, 
0xFF, 0xFF, 0xFF, 0xFF, 0xFF, 0xFF, 0xFF, 0xFF, 
0xFF, 0xFF, 0xFF, 0xFF, 0xFF, 0xFF, 0xFF, 0xFF, 
0xFF, 0xFF, 0xFF, 0xFF, 0xFF, 0xFF, 0xFF, 0xFF, 
0xFF, 0xFF, 0xFF, 0xFF, 0xFF, 0xFF, 0xFF, 0xFF, 
0xFF, 0xFF, 0xFF, 0xFF, 0xFF, 0xFF, 0xFF, 0xFF, 
0xFF, 0xFF, 0xFF, 0xFF, 0xFF, 0xFF, 0xFF, 0xFF, 
0xFF, 0xFF, 0xFF, 0xFF, 0xFF, 0xFF, 0xFF, 0xFF, 
0xFF, 0xFF, 0xFF, 0xFF, 0xFF, 0xFF, 0xFF, 0xFF, 
0xFF, 0xFF, 0xFF, 0xFF, 0xFF, 0xFF, 0xFF, 0xFF, 
0xFF, 0xFF, 0xFF, 0xFF, 0xFF, 0xFF, 0xFF, 0xFF, 
0xFF, 0xFF, 0xFF, 0xFF, 0xFF, 0xFF, 0xFF, 0xFF, 
0xFF, 0xFF, 0xFF, 0xFF, 0xFF, 0xFF, 0xFF, 0xFF, 
0xFF, 0xFF, 0xFF, 0xFF, 0xFF, 0xFF, 0xFF, 0xFF, 
0xFF, 0xFF, 0xFF, 0xFF, 0xFF, 0xFF, 0xFF, 0xFF, 
0xFF, 0xFF, 0xFF, 0xFF, 0xFF, 0xFF, 0xFF, 0xFF, 
0xFF, 0xFF, 0xFF, 0xFF, 0xFF, 0xFF, 0xFF, 0xFF, 
0xFF, 0xFF, 0xFF, 0xFF, 0xFF, 0xFF, 0xFF, 0xFF, 
0xFF, 0xFF, 0xFF, 0xFF, 0xFF, 0xFF, 0xFF, 0xFF, 
0xFF, 0xFF, 0xFF, 0xFF, 0xFF, 0xFF, 0xFF, 0xFF, 
0xFF, 0xFF, 0xFF, 0xFF, 0xFF, 0xFF, 0xFF, 0xFF, 
0xFF, 0xFF, 0xFF, 0xFF, 0xFF, 0xFF, 0xFF, 0xFF, 
0xFF, 0xFF, 0xFF, 0xFF, 0xFF, 0xFF, 0xFF, 0xFF, 
0xFF, 0xFF, 0xFF, 0xFF, 0xFF, 0xFF, 0xFF, 0xFF, 
0xFF, 0xFF, 0xFF, 0xFF, 0xFF, 0xFF, 0xFF, 0xFF, 
0xFF, 0xFF, 0xFF, 0xFF, 0xFF, 0xFF, 0xFF, 0xFF, 
0xFF, 0xFF, 0xFF, 0xFF, 0xFF, 0xFF, 0xFF, 0xFF, 
0xFF, 0xFF, 0xFF, 0xFF, 0xFF, 0xFF, 0xFF, 0xFF, 
0xFF, 0xFF, 0xFF, 0xFF, 0xFF, 0xFF, 0xFF, 0xFF, 
0xFF, 0xFF, 0xFF, 0xFF, 0xFF, 0xFF, 0xFF, 0xFF, 
0xFF, 0xFF, 0xFF, 0xFF, 0xFF, 0xFF, 0xFF, 0xFF, 
0xFF, 0xFF, 0xFF, 0xFF, 0xFF, 0xFF, 0xFF, 0xFF, 
0xFF, 0xFF, 0xFF, 0xFF, 0xFF, 0xFF, 0xFF, 0xFF, 
0xFF, 0xFF, 0xFF, 0xFF, 0xFF, 0xFF, 0xFF, 0xFF, 
0xFF, 0xFF, 0xFF, 0xFF, 0xFF, 0xFF, 0xFF, 0xFF, 
0xFF, 0xFF, 0xFF, 0xFF, 0xFF, 0xFF, 0xFF, 0xFF, 
0xFF, 0xFF, 0xFF, 0xFF, 0xFF, 0xFF, 0xFF, 0xFF, 
0xFF, 0xFF, 0xFF, 0xFF, 0xFF, 0xFF, 0xFF, 0xFF, 
0xFF, 0xFF, 0xFF, 0xFF, 0xFF, 0xFF, 0xFF, 0xFF, 
0xFF, 0xFF, 0xFF, 0xFF, 0xFF, 0xFF, 0xFF, 0xFF, 
0xFF, 0xFF, 0xFF, 0xFF, 0xFF, 0xFF, 0xFF, 0xFF, 
0xFF, 0xFF, 0xFF, 0xFF, 0xFF, 0xFF, 0xFF, 0xFF, 
0xFF, 0xFF, 0xFF, 0xFF, 0xFF, 0xFF, 0xFF, 0xFF, 
0xFF, 0xFF, 0xFF, 0xFF, 0xFF, 0xFF, 0xFF, 0xFF, 
0xFF, 0xFF, 0xFF, 0xFF, 0xFF, 0xFF, 0xFF, 0xFF, 
0xFF, 0xFF, 0xFF, 0xFF, 0xFF, 0xFF, 0xFF, 0xFF, 
0xFF, 0xFF, 0xFF, 0xFF, 0xFF, 0xFF, 0xFF, 0xFF, 
0xFF, 0xFF, 0xFF, 0xFF, 0xFF, 0xFF, 0xFF, 0xFF, 
0xFF, 0xFF, 0xFF, 0xFF, 0xFF, 0xFF, 0xFF, 0xFF, 
0xFF, 0xFF, 0xFF, 0xFF, 0xFF, 0xFF, 0xFF, 0xFF, 
0xFF, 0xFF, 0xFF, 0xFF, 0xFF, 0xFF, 0xFF, 0xFF, 
0xFF, 0xFF, 0xFF, 0xFF, 0xFF, 0xFF, 0xFF, 0xFF, 
0xFF, 0xFF, 0xFF, 0xFF, 0xFF, 0xFF, 0xFF, 0xFF, 
0xFF, 0xFF, 0xFF, 0xFF, 0xFF, 0xFF, 0xFF, 0xFF, 
0xFF, 0xFF, 0xFF, 0xFF, 0xFF, 0xFF, 0xFF, 0xFF, 
0xFF, 0xFF, 0xFF, 0xFF, 0xFF, 0xFF, 0xFF, 0xFF, 
0xFF, 0xFF, 0xFF, 0xFF, 0xFF, 0xFF, 0xFF, 0xFF, 
0xFF, 0xFF, 0xFF, 0xFF, 0xFF, 0xFF, 0xFF, 0xFF, 
0xFF, 0xFF, 0xFF, 0xFF, 0xFF, 0xFF, 0xFF, 0xFF, 
0xFF, 0xFF, 0xFF, 0xFF, 0xFF, 0xFF, 0xFF, 0xFF, 
0xFF, 0xFF, 0xFF, 0xFF, 0xFF, 0xFF, 0xFF, 0xFF, 
0xFF, 0xFF, 0xFF, 0xFF, 0xFF, 0xFF, 0xFF, 0xFF, 
0xFF, 0xFF, 0xFF, 0xFF, 0xFF, 0xFF, 0xFF, 0xFF, 
0xFF, 0xFF, 0xFF, 0xFF, 0xFF, 0xFF, 0xFF, 0xFF, 
0xFF, 0xFF, 0xFF, 0xFF, 0xFF, 0xFF, 0xFF, 0xFF, 
0xFF, 0xFF, 0xFF, 0xFF, 0xFF, 0xFF, 0xFF, 0xFF, 
0xFF, 0xFF, 0xFF, 0xFF, 0xFF, 0xFF, 0xFF, 0xFF, 
0xFF, 0xFF, 0xFF, 0xFF, 0xFF, 0xFF, 0xFF, 0xFF, 
0xFF, 0xFF, 0xFF, 0xFF, 0xFF, 0xFF, 0xFF, 0xFF, 
0xFF, 0xFF, 0xFF, 0xFF, 0xFF, 0xFF, 0xFF, 0xFF, 
0xFF, 0xFF, 0xFF, 0xFF, 0xFF, 0xFF, 0xFF, 0xFF, 
0xFF, 0xFF, 0xFF, 0xFF, 0xFF, 0xFF, 0xFF, 0xFF, 
0xFF, 0xFF, 0xFF, 0xFF, 0xFF, 0xFF, 0xFF, 0xFF, 
0xFF, 0xFF, 0xFF, 0xFF, 0xFF, 0xFF, 0xFF, 0xFF, 
0xFF, 0xFF, 0xFF, 0xFF, 0xFF, 0xFF, 0xFF, 0xFF, 
0xFF, 0xFF, 0xFF, 0xFF, 0xFF, 0xFF, 0xFF, 0xFF, 
0xFF, 0xFF, 0xFF, 0xFF, 0xFF, 0xFF, 0xFF, 0xFF, 
0xFF, 0xFF, 0xFF, 0xFF, 0xFF, 0xFF, 0xFF, 0xFF, 
0xFF, 0xFF, 0xFF, 0xFF, 0xFF, 0xFF, 0xFF, 0xFF, 
0xFF, 0xFF, 0xFF, 0xFF, 0xFF, 0xFF, 0xFF, 0xFF, 
0xFF, 0xFF, 0xFF, 0xFF, 0xFF, 0xFF, 0xFF, 0xFF, 
0xFF, 0xFF, 0xFF, 0xFF, 0xFF, 0xFF, 0xFF, 0xFF, 
0xFF, 0xFF, 0xFF, 0xFF, 0xFF, 0xFF, 0xFF, 0xFF, 
0xFF, 0xFF, 0xFF, 0xFF, 0xFF, 0xFF, 0xFF, 0xFF, 
0xFF, 0xFF, 0xFF, 0xFF, 0xFF, 0xFF, 0xFF, 0xFF, 
0xFF, 0xFF, 0xFF, 0xFF, 0xFF, 0xFF, 0xFF, 0xFF, 
0xFF, 0xFF, 0xFF, 0xFF, 0xFF, 0xFF, 0xFF, 0xFF, 
0xFF, 0xFF, 0xFF, 0xFF, 0xFF, 0xFF, 0xFF, 0xFF, 
0xFF, 0xFF, 0xFF, 0xFF, 0xFF, 0xFF, 0xFF, 0xFF, 
0xFF, 0xFF, 0xFF, 0xFF, 0xFF, 0xFF, 0xFF, 0xFF, 
0xFF, 0xFF, 0xFF, 0xFF, 0xFF, 0xFF, 0xFF, 0xFF, 
0xFF, 0xFF, 0xFF, 0xFF, 0xFF, 0xFF, 0xFF, 0xFF, 
0xFF, 0xFF, 0xFF, 0xFF, 0xFF, 0xFF, 0xFF, 0xFF, 
0xFF, 0xFF, 0xFF, 0xFF, 0xFF, 0xFF, 0xFF, 0xFF, 
0xFF, 0xFF, 0xFF, 0xFF, 0xFF, 0xFF, 0xFF, 0xFF, 
0xFF, 0xFF, 0xFF, 0xFF, 0xFF, 0xFF, 0xFF, 0xFF, 
0xFF, 0xFF, 0xFF, 0xFF, 0xFF, 0xFF, 0xFF, 0xFF, 
0xFF, 0xFF, 0xFF, 0xFF, 0xFF, 0xFF, 0xFF, 0xFF, 
0xFF, 0xFF, 0xFF, 0xFF, 0xFF, 0xFF, 0xFF, 0xFF, 
0xFF, 0xFF, 0xFF, 0xFF, 0xFF, 0xFF, 0xFF, 0xFF, 
0xFF, 0xFF, 0xFF, 0xFF, 0xFF, 0xFF, 0xFF, 0xFF, 
0xFF, 0xFF, 0xFF, 0xFF, 0xFF, 0xFF, 0xFF, 0xFF, 
0xFF, 0xFF, 0xFF, 0xFF, 0xFF, 0xFF, 0xFF, 0xFF, 
0xFF, 0xFF, 0xFF, 0xFF, 0xFF, 0xFF, 0xFF, 0xFF, 
0xFF, 0xFF, 0xFF, 0xFF, 0xFF, 0xFF, 0xFF, 0xFF, 
0xFF, 0xFF, 0xFF, 0xFF, 0xFF, 0xFF, 0xFF, 0xFF, 
0xFF, 0xFF, 0xFF, 0xFF, 0xFF, 0xFF, 0xFF, 0xFF, 
0xFF, 0xFF, 0xFF, 0xFF, 0xFF, 0xFF, 0xFF, 0xFF, 
0xFF, 0xFF, 0xFF, 0xFF, 0xFF, 0xFF, 0xFF, 0xFF, 
0xFF, 0xFF, 0xFF, 0xFF, 0xFF, 0xFF, 0xFF, 0xFF, 
0xFF, 0xFF, 0xFF, 0xFF, 0xFF, 0xFF, 0xFF, 0xFF, 
0xFF, 0xFF, 0xFF, 0xFF, 0xFF, 0xFF, 0xFF, 0xFF, 
0xFF, 0xFF, 0xFF, 0xFF, 0xFF, 0xFF, 0xFF, 0xFF, 
0xFF, 0xFF, 0xFF, 0xFF, 0xFF, 0xFF, 0xFF, 0xFF, 
0xFF, 0xFF, 0xFF, 0xFF, 0xFF, 0xFF, 0xFF, 0xFF, 
0xFF, 0xFF, 0xFF, 0xFF, 0xFF, 0xFF, 0xFF, 0xFF, 
0xFF, 0xFF, 0xFF, 0xFF, 0xFF, 0xFF, 0xFF, 0xFF, 
0xFF, 0xFF, 0xFF, 0xFF, 0xFF, 0xFF, 0xFF, 0xFF, 
0xFF, 0xFF, 0xFF, 0xFF, 0xFF, 0xFF, 0xFF, 0xFF, 
0xFF, 0xFF, 0xFF, 0xFF, 0xFF, 0xFF, 0xFF, 0xFF, 
0xFF, 0xFF, 0xFF, 0xFF, 0xFF, 0xFF, 0xFF, 0xFF, 
0xFF, 0xFF, 0xFF, 0xFF, 0xFF, 0xFF, 0xFF, 0xFF, 
0xFF, 0xFF, 0xFF, 0xFF, 0xFF, 0xFF, 0xFF, 0xFF, 
0xFF, 0xFF, 0xFF, 0xFF, 0xFF, 0xFF, 0xFF, 0xFF, 
0xFF, 0xFF, 0xFF, 0xFF, 0xFF, 0xFF, 0xFF, 0xFF, 
0xFF, 0xFF, 0xFF, 0xFF, 0xFF, 0xFF, 0xFF, 0xFF, 
0xFF, 0xFF, 0xFF, 0xFF, 0xFF, 0xFF, 0xFF, 0xFF, 
0xFF, 0xFF, 0xFF, 0xFF, 0xFF, 0xFF, 0xFF, 0xFF, 
0xFF, 0xFF, 0xFF, 0xFF, 0xFF, 0xFF, 0xFF, 0xFF, 
0xFF, 0xFF, 0xFF, 0xFF, 0xFF, 0xFF, 0xFF, 0xFF, 
0xFF, 0xFF, 0xFF, 0xFF, 0xFF, 0xFF, 0xFF, 0xFF, 
0xFF, 0xFF, 0xFF, 0xFF, 0xFF, 0xFF, 0xFF, 0xFF, 
0xFF, 0xFF, 0xFF, 0xFF, 0xFF, 0xFF, 0xFF, 0xFF, 
0xFF, 0xFF, 0xFF, 0xFF, 0xFF, 0xFF, 0xFF, 0xFF, 
0xFF, 0xFF, 0xFF, 0xFF, 0xFF, 0xFF, 0xFF, 0xFF, 
0xFF, 0xFF, 0xFF, 0xFF, 0xFF, 0xFF, 0xFF, 0xFF, 
0xFF, 0xFF, 0xFF, 0xFF, 0xFF, 0xFF, 0xFF, 0xFF, 
0xFF, 0xFF, 0xFF, 0xFF, 0xFF, 0xFF, 0xFF, 0xFF, 
0xFF, 0xFF, 0xFF, 0xFF, 0xFF, 0xFF, 0xFF, 0xFF, 
0xFF, 0xFF, 0xFF, 0xFF, 0xFF, 0xFF, 0xFF, 0xFF, 
0xFF, 0xFF, 0xFF, 0xFF, 0xFF, 0xFF, 0xFF, 0xFF, 
0xFF, 0xFF, 0xFF, 0xFF, 0xFF, 0xFF, 0xFF, 0xFF, 
0xFF, 0xFF, 0xFF, 0xFF, 0xFF, 0xFF, 0xFF, 0xFF, 
0xFF, 0xFF, 0xFF, 0xFF, 0xFF, 0xFF, 0xFF, 0xFF, 
0xFF, 0xFF, 0xFF, 0xFF, 0xFF, 0xFF, 0xFF, 0xFF, 
0xFF, 0xFF, 0xFF, 0xFF, 0xFF, 0xFF, 0xFF, 0xFF, 
0xFF, 0xFF, 0xFF, 0xFF, 0xFF, 0xFF, 0xFF, 0xFF, 
0xFF, 0xFF, 0xFF, 0xFF, 0xFF, 0xFF, 0xFF, 0xFF, 
0xFF, 0xFF, 0xFF, 0xFF, 0xFF, 0xFF, 0xFF, 0xFF, 
0xFF, 0xFF, 0xFF, 0xFF, 0xFF, 0xFF, 0xFF, 0xFF, 
0xFF, 0xFF, 0xFF, 0xFF, 0xFF, 0xFF, 0xFF, 0xFF, 
0xFF, 0xFF, 0xFF, 0xFF, 0xFF, 0xFF, 0xFF, 0xFF, 
0xFF, 0xFF, 0xFF, 0xFF, 0xFF, 0xFF, 0xFF, 0xFF, 
0xFF, 0xFF, 0xFF, 0xFF, 0xFF, 0xFF, 0xFF, 0xFF, 
0xFF, 0xFF, 0xFF, 0xFF, 0xFF, 0xFF, 0xFF, 0xFF, 
0xFF, 0xFF, 0xFF, 0xFF, 0xFF, 0xFF, 0xFF, 0xFF, 
0xFF, 0xFF, 0xFF, 0xFF, 0xFF, 0xFF, 0xFF, 0xFF, 
0xFF, 0xFF, 0xFF, 0xFF, 0xFF, 0xFF, 0xFF, 0xFF, 
0xFF, 0xFF, 0xFF, 0xFF, 0xFF, 0xFF, 0xFF, 0xFF, 
0xFF, 0xFF, 0xFF, 0xFF, 0xFF, 0xFF, 0xFF, 0xFF, 
0xFF, 0xFF, 0xFF, 0xFF, 0xFF, 0xFF, 0xFF, 0xFF, 
0xFF, 0xFF, 0xFF, 0xFF, 0xFF, 0xFF, 0xFF, 0xFF, 
0xFF, 0xFF, 0xFF, 0xFF, 0xFF, 0xFF, 0xFF, 0xFF, 
0xFF, 0xFF, 0xFF, 0xFF, 0xFF, 0xFF, 0xFF, 0xFF, 
0xFF, 0xFF, 0xFF, 0xFF, 0xFF, 0xFF, 0xFF, 0xFF, 
0xFF, 0xFF, 0xFF, 0xFF, 0xFF, 0xFF, 0xFF, 0xFF, 
0xFF, 0xFF, 0xFF, 0xFF, 0xFF, 0xFF, 0xFF, 0xFF, 
0xFF, 0xFF, 0xFF, 0xFF, 0xFF, 0xFF, 0xFF, 0xFF, 
0xFF, 0xFF, 0xFF, 0xFF, 0xFF, 0xFF, 0xFF, 0xFF, 
0xFF, 0xFF, 0xFF, 0xFF, 0xFF, 0xFF, 0xFF, 0xFF, 
0xFF, 0xFF, 0xFF, 0xFF, 0xFF, 0xFF, 0xFF, 0xFF, 
0xFF, 0xFF, 0xFF, 0xFF, 0xFF, 0xFF, 0xFF, 0xFF, 
0xFF, 0xFF, 0xFF, 0xFF, 0xFF, 0xFF, 0xFF, 0xFF, 
0xFF, 0xFF, 0xFF, 0xFF, 0xFF, 0xFF, 0xFF, 0xFF, 
0xFF, 0xFF, 0xFF, 0xFF, 0xFF, 0xFF, 0xFF, 0xFF, 
0xFF, 0xFF, 0xFF, 0xFF, 0xFF, 0xFF, 0xFF, 0xFF, 
0xFF, 0xFF, 0xFF, 0xFF, 0xFF, 0xFF, 0xFF, 0xFF, 
0xFF, 0xFF, 0xFF, 0xFF, 0xFF, 0xFF, 0xFF, 0xFF, 
0xFF, 0xFF, 0xFF, 0xFF, 0xFF, 0xFF, 0xFF, 0xFF, 
0xFF, 0xFF, 0xFF, 0xFF, 0xFF, 0xFF, 0xFF, 0xFF, 
0xFF, 0xFF, 0xFF, 0xFF, 0xFF, 0xFF, 0xFF, 0xFF, 
0xFF, 0xFF, 0xFF, 0xFF, 0xFF, 0xFF, 0xFF, 0xFF, 
0xFF, 0xFF, 0xFF, 0xFF, 0xFF, 0xFF, 0xFF, 0xFF, 
0xFF, 0xFF, 0xFF, 0xFF, 0xFF, 0xFF, 0xFF, 0xFF, 
0xFF, 0xFF, 0xFF, 0xFF, 0xFF, 0xFF, 0xFF, 0xFF, 
0xFF, 0xFF, 0xFF, 0xFF, 0xFF, 0xFF, 0xFF, 0xFF, 
0xFF, 0xFF, 0xFF, 0xFF, 0xFF, 0xFF, 0xFF, 0xFF, 
0xFF, 0xFF, 0xFF, 0xFF, 0xFF, 0xFF, 0xFF, 0xFF, 
0xFF, 0xFF, 0xFF, 0xFF, 0xFF, 0xFF, 0xFF, 0xFF, 
0xFF, 0xFF, 0xFF, 0xFF, 0xFF, 0xFF, 0xFF, 0xFF, 
0xFF, 0xFF, 0xFF, 0xFF, 0xFF, 0xFF, 0xFF, 0xFF, 
0xFF, 0xFF, 0xFF, 0xFF, 0xFF, 0xFF, 0xFF, 0xFF, 
0xFF, 0xFF, 0xFF, 0xFF, 0xFF, 0xFF, 0xFF, 0xFF, 
0xFF, 0xFF, 0xFF, 0xFF, 0xFF, 0xFF, 0xFF, 0xFF, 
0xFF, 0xFF, 0xFF, 0xFF, 0xFF, 0xFF, 0xFF, 0xFF, 
0xFF, 0xFF, 0xFF, 0xFF, 0xFF, 0xFF, 0xFF, 0xFF, 
0xFF, 0xFF, 0xFF, 0xFF, 0xFF, 0xFF, 0xFF, 0xFF, 
0xFF, 0xFF, 0xFF, 0xFF, 0xFF, 0xFF, 0xFF, 0xFF, 
0xFF, 0xFF, 0xFF, 0xFF, 0xFF, 0xFF, 0xFF, 0xFF, 
0xFF, 0xFF, 0xFF, 0xFF, 0xFF, 0xFF, 0xFF, 0xFF, 
0xFF, 0xFF, 0xFF, 0xFF, 0xFF, 0xFF, 0xFF, 0xFF, 
0xFF, 0xFF, 0xFF, 0xFF, 0xFF, 0xFF, 0xFF, 0xFF, 
0xFF, 0xFF, 0xFF, 0xFF, 0xFF, 0xFF, 0xFF, 0xFF, 
0xFF, 0xFF, 0xFF, 0xFF, 0xFF, 0xFF, 0xFF, 0xFF, 
0xFF, 0xFF, 0xFF, 0xFF, 0xFF, 0xFF, 0xFF, 0xFF, 
0xFF, 0xFF, 0xFF, 0xFF, 0xFF, 0xFF, 0xFF, 0xFF, 
0xFF, 0xFF, 0xFF, 0xFF, 0xFF, 0xFF, 0xFF, 0xFF, 
0xFF, 0xFF, 0xFF, 0xFF, 0xFF, 0xFF, 0xFF, 0xFF, 
0xFF, 0xFF, 0xFF, 0xFF, 0xFF, 0xFF, 0xFF, 0xFF, 
0xFF, 0xFF, 0xFF, 0xFF, 0xFF, 0xFF, 0xFF, 0xFF, 
0xFF, 0xFF, 0xFF, 0xFF, 0xFF, 0xFF, 0xFF, 0xFF, 
0xFF, 0xFF, 0xFF, 0xFF, 0xFF, 0xFF, 0xFF, 0xFF, 
0xFF, 0xFF, 0xFF, 0xFF, 0xFF, 0xFF, 0xFF, 0xFF, 
0xFF, 0xFF, 0xFF, 0xFF, 0xFF, 0xFF, 0xFF, 0xFF, 
0xFF, 0xFF, 0xFF, 0xFF, 0xFF, 0xFF, 0xFF, 0xFF, 
0xFF, 0xFF, 0xFF, 0xFF, 0xFF, 0xFF, 0xFF, 0xFF, 
0xFF, 0xFF, 0xFF, 0xFF, 0xFF, 0xFF, 0xFF, 0xFF, 
0xFF, 0xFF, 0xFF, 0xFF, 0xFF, 0xFF, 0xFF, 0xFF, 
0xFF, 0xFF, 0xFF, 0xFF, 0xFF, 0xFF, 0xFF, 0xFF, 
0xFF, 0xFF, 0xFF, 0xFF, 0xFF, 0xFF, 0xFF, 0xFF, 
0xFF, 0xFF, 0xFF, 0xFF, 0xFF, 0xFF, 0xFF, 0xFF, 
0xFF, 0xFF, 0xFF, 0xFF, 0xFF, 0xFF, 0xFF, 0xFF, 
0xFF, 0xFF, 0xFF, 0xFF, 0xFF, 0xFF, 0xFF, 0xFF, 
0xFF, 0xFF, 0xFF, 0xFF, 0xFF, 0xFF, 0xFF, 0xFF, 
0xFF, 0xFF, 0xFF, 0xFF, 0xFF, 0xFF, 0xFF, 0xFF, 
0xFF, 0xFF, 0xFF, 0xFF, 0xFF, 0xFF, 0xFF, 0xFF, 
0xFF, 0xFF, 0xFF, 0xFF, 0xFF, 0xFF, 0xFF, 0xFF, 
0xFF, 0xFF, 0xFF, 0xFF, 0xFF, 0xFF, 0xFF, 0xFF, 
0xFF, 0xFF, 0xFF, 0xFF, 0xFF, 0xFF, 0xFF, 0xFF, 
0xFF, 0xFF, 0xFF, 0xFF, 0xFF, 0xFF, 0xFF, 0xFF, 
0xFF, 0xFF, 0xFF, 0xFF, 0xFF, 0xFF, 0xFF, 0xFF, 
0xFF, 0xFF, 0xFF, 0xFF, 0xFF, 0xFF, 0xFF, 0xFF, 
0xFF, 0xFF, 0xFF, 0xFF, 0xFF, 0xFF, 0xFF, 0xFF, 
0xFF, 0xFF, 0xFF, 0xFF, 0xFF, 0xFF, 0xFF, 0xFF, 
0xFF, 0xFF, 0xFF, 0xFF, 0xFF, 0xFF, 0xFF, 0xFF, 
0xFF, 0xFF, 0xFF, 0xFF, 0xFF, 0xFF, 0xFF, 0xFF, 
0xFF, 0xFF, 0xFF, 0xFF, 0xFF, 0xFF, 0xFF, 0xFF, 
0xFF, 0xFF, 0xFF, 0xFF, 0xFF, 0xFF, 0xFF, 0xFF, 
0xFF, 0xFF, 0xFF, 0xFF, 0xFF, 0xFF, 0xFF, 0xFF, 
0xFF, 0xFF, 0xFF, 0xFF, 0xFF, 0xFF, 0xFF, 0xFF, 
0xFF, 0xFF, 0xFF, 0xFF, 0xFF, 0xFF, 0xFF, 0xFF, 
0xFF, 0xFF, 0xFF, 0xFF, 0xFF, 0xFF, 0xFF, 0xFF, 
0xFF, 0xFF, 0xFF, 0xFF, 0xFF, 0xFF, 0xFF, 0xFF, 
0xFF, 0xFF, 0xFF, 0xFF, 0xFF, 0xFF, 0xFF, 0xFF, 
0xFF, 0xFF, 0xFF, 0xFF, 0xFF, 0xFF, 0xFF, 0xFF, 
0xFF, 0xFF, 0xFF, 0xFF, 0xFF, 0xFF, 0xFF, 0xFF, 
0xFF, 0xFF, 0xFF, 0xFF, 0xFF, 0xFF, 0xFF, 0xFF, 
0xFF, 0xFF, 0xFF, 0xFF, 0xFF, 0xFF, 0xFF, 0xFF, 
0xFF, 0xFF, 0xFF, 0xFF, 0xFF, 0xFF, 0xFF, 0xFF, 
0xFF, 0xFF, 0xFF, 0xFF, 0xFF, 0xFF, 0xFF, 0xFF, 
0xFF, 0xFF, 0xFF, 0xFF, 0xFF, 0xFF, 0xFF, 0xFF, 
0xFF, 0xFF, 0xFF, 0xFF, 0xFF, 0xFF, 0xFF, 0xFF, 
0xFF, 0xFF, 0xFF, 0xFF, 0xFF, 0xFF, 0xFF, 0xFF, 
0xFF, 0xFF, 0xFF, 0xFF, 0xFF, 0xFF, 0xFF, 0xFF, 
0xFF, 0xFF, 0xFF, 0xFF, 0xFF, 0xFF, 0xFF, 0xFF, 
0xFF, 0xFF, 0xFF, 0xFF, 0xFF, 0xFF, 0xFF, 0xFF, 
0xFF, 0xFF, 0xFF, 0xFF, 0xFF, 0xFF, 0xFF, 0xFF, 
0xFF, 0xFF, 0xFF, 0xFF, 0xFF, 0xFF, 0xFF, 0xFF, 
0xFF, 0xFF, 0xFF, 0xFF, 0xFF, 0xFF, 0xFF, 0xFF, 
0xFF, 0xFF, 0xFF, 0xFF, 0xFF, 0xFF, 0xFF, 0xFF, 
0xFF, 0xFF, 0xFF, 0xFF, 0xFF, 0xFF, 0xFF, 0xFF, 
0xFF, 0xFF, 0xFF, 0xFF, 0xFF, 0xFF, 0xFF, 0xFF, 
0xFF, 0xFF, 0xFF, 0xFF, 0xFF, 0xFF, 0xFF, 0xFF, 
0xFF, 0xFF, 0xFF, 0xFF, 0xFF, 0xFF, 0xFF, 0xFF, 
0xFF, 0xFF, 0xFF, 0xFF, 0xFF, 0xFF, 0xFF, 0xFF, 
0xFF, 0xFF, 0xFF, 0xFF, 0xFF, 0xFF, 0xFF, 0xFF, 
0xFF, 0xFF, 0xFF, 0xFF, 0xFF, 0xFF, 0xFF, 0xFF, 
0xFF, 0xFF, 0xFF, 0xFF, 0xFF, 0xFF, 0xFF, 0xFF, 
0xFF, 0xFF, 0xFF, 0xFF, 0xFF, 0xFF, 0xFF, 0xFF, 
0xFF, 0xFF, 0xFF, 0xFF, 0xFF, 0xFF, 0xFF, 0xFF, 
0xFF, 0xFF, 0xFF, 0xFF, 0xFF, 0xFF, 0xFF, 0xFF, 
0xFF, 0xFF, 0xFF, 0xFF, 0xFF, 0xFF, 0xFF, 0xFF, 
0xFF, 0xFF, 0xFF, 0xFF, 0xFF, 0xFF, 0xFF, 0xFF, 
0xFF, 0xFF, 0xFF, 0xFF, 0xFF, 0xFF, 0xFF, 0xFF, 
0xFF, 0xFF, 0xFF, 0xFF, 0xFF, 0xFF, 0xFF, 0xFF, 
0xFF, 0xFF, 0xFF, 0xFF, 0xFF, 0xFF, 0xFF, 0xFF, 
0xFF, 0xFF, 0xFF, 0xFF, 0xFF, 0xFF, 0xFF, 0xFF, 
0xFF, 0xFF, 0xFF, 0xFF, 0xFF, 0xFF, 0xFF, 0xFF, 
0xFF, 0xFF, 0xFF, 0xFF, 0xFF, 0xFF, 0xFF, 0xFF, 
0xFF, 0xFF, 0xFF, 0xFF, 0xFF, 0xFF, 0xFF, 0xFF, 
0xFF, 0xFF, 0xFF, 0xFF, 0xFF, 0xFF, 0xFF, 0xFF, 
0xFF, 0xFF, 0xFF, 0xFF, 0xFF, 0xFF, 0xFF, 0xFF, 
0xFF, 0xFF, 0xFF, 0xFF, 0xFF, 0xFF, 0xFF, 0xFF, 
0xFF, 0xFF, 0xFF, 0xFF, 0xFF, 0xFF, 0xFF, 0xFF, 
0xFF, 0xFF, 0xFF, 0xFF, 0xFF, 0xFF, 0xFF, 0xFF, 
0xFF, 0xFF, 0xFF, 0xFF, 0xFF, 0xFF, 0xFF, 0xFF, 
0xFF, 0xFF, 0xFF, 0xFF, 0xFF, 0xFF, 0xFF, 0xFF, 
0xFF, 0xFF, 0xFF, 0xFF, 0xFF, 0xFF, 0xFF, 0xFF, 
0xFF, 0xFF, 0xFF, 0xFF, 0xFF, 0xFF, 0xFF, 0xFF, 
0xFF, 0xFF, 0xFF, 0xFF, 0xFF, 0xFF, 0xFF, 0xFF, 
0xFF, 0xFF, 0xFF, 0xFF, 0xFF, 0xFF, 0xFF, 0xFF, 
0xFF, 0xFF, 0xFF, 0xFF, 0xFF, 0xFF, 0xFF, 0xFF, 
0xFF, 0xFF, 0xFF, 0xFF, 0xFF, 0xFF, 0xFF, 0xFF, 
0xFF, 0xFF, 0xFF, 0xFF, 0xFF, 0xFF, 0xFF, 0xFF, 
0xFF, 0xFF, 0xFF, 0xFF, 0xFF, 0xFF, 0xFF, 0xFF, 
0xFF, 0xFF, 0xFF, 0xFF, 0xFF, 0xFF, 0xFF, 0xFF, 
0xFF, 0xFF, 0xFF, 0xFF, 0xFF, 0xFF, 0xFF, 0xFF, 
0xFF, 0xFF, 0xFF, 0xFF, 0xFF, 0xFF, 0xFF, 0xFF, 
0xFF, 0xFF, 0xFF, 0xFF, 0xFF, 0xFF, 0xFF, 0xFF, 
0xFF, 0xFF, 0xFF, 0xFF, 0xFF, 0xFF, 0xFF, 0xFF, 
0xFF, 0xFF, 0xFF, 0xFF, 0xFF, 0xFF, 0xFF, 0xFF, 
0xFF, 0xFF, 0xFF, 0xFF, 0xFF, 0xFF, 0xFF, 0xFF, 
0xFF, 0xFF, 0xFF, 0xFF, 0xFF, 0xFF, 0xFF, 0xFF, 
0xFF, 0xFF, 0xFF, 0xFF, 0xFF, 0xFF, 0xFF, 0xFF, 
0xFF, 0xFF, 0xFF, 0xFF, 0xFF, 0xFF, 0xFF, 0xFF, 
0xFF, 0xFF, 0xFF, 0xFF, 0xFF, 0xFF, 0xFF, 0xFF, 
0xFF, 0xFF, 0xFF, 0xFF, 0xFF, 0xFF, 0xFF, 0xFF, 
0xFF, 0xFF, 0xFF, 0xFF, 0xFF, 0xFF, 0xFF, 0xFF, 
0xFF, 0xFF, 0xFF, 0xFF, 0xFF, 0xFF, 0xFF, 0xFF, 
0xFF, 0xFF, 0xFF, 0xFF, 0xFF, 0xFF, 0xFF, 0xFF, 
0xFF, 0xFF, 0xFF, 0xFF, 0xFF, 0xFF, 0xFF, 0xFF, 
0xFF, 0xFF, 0xFF, 0xFF, 0xFF, 0xFF, 0xFF, 0xFF, 
0xFF, 0xFF, 0xFF, 0xFF, 0xFF, 0xFF, 0xFF, 0xFF, 
0xFF, 0xFF, 0xFF, 0xFF, 0xFF, 0xFF, 0xFF, 0xFF, 
0xFF, 0xFF, 0xFF, 0xFF, 0xFF, 0xFF, 0xFF, 0xFF, 
0xFF, 0xFF, 0xFF, 0xFF, 0xFF, 0xFF, 0xFF, 0xFF, 
0xFF, 0xFF, 0xFF, 0xFF, 0xFF, 0xFF, 0xFF, 0xFF, 
0xFF, 0xFF, 0xFF, 0xFF, 0xFF, 0xFF, 0xFF, 0xFF, 
0xFF, 0xFF, 0xFF, 0xFF, 0xFF, 0xFF, 0xFF, 0xFF, 
0xFF, 0xFF, 0xFF, 0xFF, 0xFF, 0xFF, 0xFF, 0xFF, 
0xFF, 0xFF, 0xFF, 0xFF, 0xFF, 0xFF, 0xFF, 0xFF, 
0xFF, 0xFF, 0xFF, 0xFF, 0xFF, 0xFF, 0xFF, 0xFF, 
0xFF, 0xFF, 0xFF, 0xFF, 0xFF, 0xFF, 0xFF, 0xFF, 
0xFF, 0xFF, 0xFF, 0xFF, 0xFF, 0xFF, 0xFF, 0xFF, 
0xFF, 0xFF, 0xFF, 0xFF, 0xFF, 0xFF, 0xFF, 0xFF, 
0xFF, 0xFF, 0xFF, 0xFF, 0xFF, 0xFF, 0xFF, 0xFF, 
0xFF, 0xFF, 0xFF, 0xFF, 0xFF, 0xFF, 0xFF, 0xFF, 
0xFF, 0xFF, 0xFF, 0xFF, 0xFF, 0xFF, 0xFF, 0xFF, 
0xFF, 0xFF, 0xFF, 0xFF, 0xFF, 0xFF, 0xFF, 0xFF, 
0xFF, 0xFF, 0xFF, 0xFF, 0xFF, 0xFF, 0xFF, 0xFF, 
0xFF, 0xFF, 0xFF, 0xFF, 0xFF, 0xFF, 0xFF, 0xFF, 
0xFF, 0xFF, 0xFF, 0xFF, 0xFF, 0xFF, 0xFF, 0xFF, 
0xFF, 0xFF, 0xFF, 0xFF, 0xFF, 0xFF, 0xFF, 0xFF, 
0xFF, 0xFF, 0xFF, 0xFF, 0xFF, 0xFF, 0xFF, 0xFF, 
0xFF, 0xFF, 0xFF, 0xFF, 0xFF, 0xFF, 0xFF, 0xFF, 
0xFF, 0xFF, 0xFF, 0xFF, 0xFF, 0xFF, 0xFF, 0xFF, 
0xFF, 0xFF, 0xFF, 0xFF, 0xFF, 0xFF, 0xFF, 0xFF, 
0xFF, 0xFF, 0xFF, 0xFF, 0xFF, 0xFF, 0xFF, 0xFF, 
0xFF, 0xFF, 0xFF, 0xFF, 0xFF, 0xFF, 0xFF, 0xFF, 
0xFF, 0xFF, 0xFF, 0xFF, 0xFF, 0xFF, 0xFF, 0xFF, 
0xFF, 0xFF, 0xFF, 0xFF, 0xFF, 0xFF, 0xFF, 0xFF, 
0xFF, 0xFF, 0xFF, 0xFF, 0xFF, 0xFF, 0xFF, 0xFF, 
0xFF, 0xFF, 0xFF, 0xFF, 0xFF, 0xFF, 0xFF, 0xFF, 
0xFF, 0xFF, 0xFF, 0xFF, 0xFF, 0xFF, 0xFF, 0xFF, 
0xFF, 0xFF, 0xFF, 0xFF, 0xFF, 0xFF, 0xFF, 0xFF, 
0xFF, 0xFF, 0xFF, 0xFF, 0xFF, 0xFF, 0xFF, 0xFF, 
0xFF, 0xFF, 0xFF, 0xFF, 0xFF, 0xFF, 0xFF, 0xFF, 
0xFF, 0xFF, 0xFF, 0xFF, 0xFF, 0xFF, 0xFF, 0xFF, 
0xFF, 0xFF, 0xFF, 0xFF, 0xFF, 0xFF, 0xFF, 0xFF, 
0xFF, 0xFF, 0xFF, 0xFF, 0xFF, 0xFF, 0xFF, 0xFF, 
0xFF, 0xFF, 0xFF, 0xFF, 0xFF, 0xFF, 0xFF, 0xFF, 
0xFF, 0xFF, 0xFF, 0xFF, 0xFF, 0xFF, 0xFF, 0xFF, 
0xFF, 0xFF, 0xFF, 0xFF, 0xFF, 0xFF, 0xFF, 0xFF, 
0xFF, 0xFF, 0xFF, 0xFF, 0xFF, 0xFF, 0xFF, 0xFF, 
0xFF, 0xFF, 0xFF, 0xFF, 0xFF, 0xFF, 0xFF, 0xFF, 
0xFF, 0xFF, 0xFF, 0xFF, 0xFF, 0xFF, 0xFF, 0xFF, 
0xFF, 0xFF, 0xFF, 0xFF, 0xFF, 0xFF, 0xFF, 0xFF, 
0xFF, 0xFF, 0xFF, 0xFF, 0xFF, 0xFF, 0xFF, 0xFF, 
0xFF, 0xFF, 0xFF, 0xFF, 0xFF, 0xFF, 0xFF, 0xFF, 
0xFF, 0xFF, 0xFF, 0xFF, 0xFF, 0xFF, 0xFF, 0xFF, 
0xFF, 0xFF, 0xFF, 0xFF, 0xFF, 0xFF, 0xFF, 0xFF, 
0xFF, 0xFF, 0xFF, 0xFF, 0xFF, 0xFF, 0xFF, 0xFF, 
0xFF, 0xFF, 0xFF, 0xFF, 0xFF, 0xFF, 0xFF, 0xFF, 
0xFF, 0xFF, 0xFF, 0xFF, 0xFF, 0xFF, 0xFF, 0xFF, 
0xFF, 0xFF, 0xFF, 0xFF, 0xFF, 0xFF, 0xFF, 0xFF, 
0xFF, 0xFF, 0xFF, 0xFF, 0xFF, 0xFF, 0xFF, 0xFF, 
0xFF, 0xFF, 0xFF, 0xFF, 0xFF, 0xFF, 0xFF, 0xFF, 
0xFF, 0xFF, 0xFF, 0xFF, 0xFF, 0xFF, 0xFF, 0xFF, 
0xFF, 0xFF, 0xFF, 0xFF, 0xFF, 0xFF, 0xFF, 0xFF, 
0xFF, 0xFF, 0xFF, 0xFF, 0xFF, 0xFF, 0xFF, 0xFF, 
0xFF, 0xFF, 0xFF, 0xFF, 0xFF, 0xFF, 0xFF, 0xFF, 
0xFF, 0xFF, 0xFF, 0xFF, 0xFF, 0xFF, 0xFF, 0xFF, 
0xFF, 0xFF, 0xFF, 0xFF, 0xFF, 0xFF, 0xFF, 0xFF, 
0xFF, 0xFF, 0xFF, 0xFF, 0xFF, 0xFF, 0xFF, 0xFF, 
0xFF, 0xFF, 0xFF, 0xFF, 0xFF, 0xFF, 0xFF, 0xFF, 
0xFF, 0xFF, 0xFF, 0xFF, 0xFF, 0xFF, 0xFF, 0xFF, 
0xFF, 0xFF, 0xFF, 0xFF, 0xFF, 0xFF, 0xFF, 0xFF, 
0xFF, 0xFF, 0xFF, 0xFF, 0xFF, 0xFF, 0xFF, 0xFF, 
0xFF, 0xFF, 0xFF, 0xFF, 0xFF, 0xFF, 0xFF, 0xFF, 
0xFF, 0xFF, 0xFF, 0xFF, 0xFF, 0xFF, 0xFF, 0xFF, 
0xFF, 0xFF, 0xFF, 0xFF, 0xFF, 0xFF, 0xFF, 0xFF, 
0xFF, 0xFF, 0xFF, 0xFF, 0xFF, 0xFF, 0xFF, 0xFF, 
0xFF, 0xFF, 0xFF, 0xFF, 0xFF, 0xFF, 0xFF, 0xFF, 
0xFF, 0xFF, 0xFF, 0xFF, 0xFF, 0xFF, 0xFF, 0xFF, 
0xFF, 0xFF, 0xFF, 0xFF, 0xFF, 0xFF, 0xFF, 0xFF, 
0xFF, 0xFF, 0xFF, 0xFF, 0xFF, 0xFF, 0xFF, 0xFF, 
0xFF, 0xFF, 0xFF, 0xFF, 0xFF, 0xFF, 0xFF, 0xFF, 
0xFF, 0xFF, 0xFF, 0xFF, 0xFF, 0xFF, 0xFF, 0xFF, 
0xFF, 0xFF, 0xFF, 0xFF, 0xFF, 0xFF, 0xFF, 0xFF, 
0xFF, 0xFF, 0xFF, 0xFF, 0xFF, 0xFF, 0xFF, 0xFF, 
0xFF, 0xFF, 0xFF, 0xFF, 0xFF, 0xFF, 0xFF, 0xFF, 
0xFF, 0xFF, 0xFF, 0xFF, 0xFF, 0xFF, 0xFF, 0xFF, 
0xFF, 0xFF, 0xFF, 0xFF, 0xFF, 0xFF, 0xFF, 0xFF, 
0xFF, 0xFF, 0xFF, 0xFF, 0xFF, 0xFF, 0xFF, 0xFF, 
0xFF, 0xFF, 0xFF, 0xFF, 0xFF, 0xFF, 0xFF, 0xFF, 
0xFF, 0xFF, 0xFF, 0xFF, 0xFF, 0xFF, 0xFF, 0xFF, 
0xFF, 0xFF, 0xFF, 0xFF, 0xFF, 0xFF, 0xFF, 0xFF, 
0xFF, 0xFF, 0xFF, 0xFF, 0xFF, 0xFF, 0xFF, 0xFF, 
0xFF, 0xFF, 0xFF, 0xFF, 0xFF, 0xFF, 0xFF, 0xFF, 
0xFF, 0xFF, 0xFF, 0xFF, 0xFF, 0xFF, 0xFF, 0xFF, 
0xFF, 0xFF, 0xFF, 0xFF, 0xFF, 0xFF, 0xFF, 0xFF, 
0xFF, 0xFF, 0xFF, 0xFF, 0xFF, 0xFF, 0xFF, 0xFF, 
0xFF, 0xFF, 0xFF, 0xFF, 0xFF, 0xFF, 0xFF, 0xFF, 
0xFF, 0xFF, 0xFF, 0xFF, 0xFF, 0xFF, 0xFF, 0xFF, 
0xFF, 0xFF, 0xFF, 0xFF, 0xFF, 0xFF, 0xFF, 0xFF, 
0xFF, 0xFF, 0xFF, 0xFF, 0xFF, 0xFF, 0xFF, 0xFF, 
0xFF, 0xFF, 0xFF, 0xFF, 0xFF, 0xFF, 0xFF, 0xFF, 
0xFF, 0xFF, 0xFF, 0xFF, 0xFF, 0xFF, 0xFF, 0xFF, 
0xFF, 0xFF, 0xFF, 0xFF, 0xFF, 0xFF, 0xFF, 0xFF, 
0xFF, 0xFF, 0xFF, 0xFF, 0xFF, 0xFF, 0xFF, 0xFF, 
0xFF, 0xFF, 0xFF, 0xFF, 0xFF, 0xFF, 0xFF, 0xFF, 
0xFF, 0xFF, 0xFF, 0xFF, 0xFF, 0xFF, 0xFF, 0xFF, 
0xFF, 0xFF, 0xFF, 0xFF, 0xFF, 0xFF, 0xFF, 0xFF, 
0xFF, 0xFF, 0xFF, 0xFF, 0xFF, 0xFF, 0xFF, 0xFF, 
0xFF, 0xFF, 0xFF, 0xFF, 0xFF, 0xFF, 0xFF, 0xFF, 
0xFF, 0xFF, 0xFF, 0xFF, 0xFF, 0xFF, 0xFF, 0xFF, 
0xFF, 0xFF, 0xFF, 0xFF, 0xFF, 0xFF, 0xFF, 0xFF, 
0xFF, 0xFF, 0xFF, 0xFF, 0xFF, 0xFF, 0xFF, 0xFF, 
0xFF, 0xFF, 0xFF, 0xFF, 0xFF, 0xFF, 0xFF, 0xFF, 
0xFF, 0xFF, 0xFF, 0xFF, 0xFF, 0xFF, 0xFF, 0xFF, 
0xFF, 0xFF, 0xFF, 0xFF, 0xFF, 0xFF, 0xFF, 0xFF, 
0xFF, 0xFF, 0xFF, 0xFF, 0xFF, 0xFF, 0xFF, 0xFF, 
0xFF, 0xFF, 0xFF, 0xFF, 0xFF, 0xFF, 0xFF, 0xFF, 
0xFF, 0xFF, 0xFF, 0xFF, 0xFF, 0xFF, 0xFF, 0xFF, 
0xFF, 0xFF, 0xFF, 0xFF, 0xFF, 0xFF, 0xFF, 0xFF, 
0xFF, 0xFF, 0xFF, 0xFF, 0xFF, 0xFF, 0xFF, 0xFF, 
0xFF, 0xFF, 0xFF, 0xFF, 0xFF, 0xFF, 0xFF, 0xFF, 
0xFF, 0xFF, 0xFF, 0xFF, 0xFF, 0xFF, 0xFF, 0xFF, 
0xFF, 0xFF, 0xFF, 0xFF, 0xFF, 0xFF, 0xFF, 0xFF, 
0xFF, 0xFF, 0xFF, 0xFF, 0xFF, 0xFF, 0xFF, 0xFF, 
0xFF, 0xFF, 0xFF, 0xFF, 0xFF, 0xFF, 0xFF, 0xFF, 
0xFF, 0xFF, 0xFF, 0xFF, 0xFF, 0xFF, 0xFF, 0xFF, 
0xFF, 0xFF, 0xFF, 0xFF, 0xFF, 0xFF, 0xFF, 0xFF, 
0xFF, 0xFF, 0xFF, 0xFF, 0xFF, 0xFF, 0xFF, 0xFF, 
0xFF, 0xFF, 0xFF, 0xFF, 0xFF, 0xFF, 0xFF, 0xFF, 
0xFF, 0xFF, 0xFF, 0xFF, 0xFF, 0xFF, 0xFF, 0xFF, 
0xFF, 0xFF, 0xFF, 0xFF, 0xFF, 0xFF, 0xFF, 0xFF, 
0xFF, 0xFF, 0xFF, 0xFF, 0xFF, 0xFF, 0xFF, 0xFF, 
0xFF, 0xFF, 0xFF, 0xFF, 0xFF, 0xFF, 0xFF, 0xFF, 
0xFF, 0xFF, 0xFF, 0xFF, 0xFF, 0xFF, 0xFF, 0xFF, 
0xFF, 0xFF, 0xFF, 0xFF, 0xFF, 0xFF, 0xFF, 0xFF, 
0xFF, 0xFF, 0xFF, 0xFF, 0xFF, 0xFF, 0xFF, 0xFF, 
0xFF, 0xFF, 0xFF, 0xFF, 0xFF, 0xFF, 0xFF, 0xFF, 
0xFF, 0xFF, 0xFF, 0xFF, 0xFF, 0xFF, 0xFF, 0xFF, 
0xFF, 0xFF, 0xFF, 0xFF, 0xFF, 0xFF, 0xFF, 0xFF, 
0xFF, 0xFF, 0xFF, 0xFF, 0xFF, 0xFF, 0xFF, 0xFF, 
0xFF, 0xFF, 0xFF, 0xFF, 0xFF, 0xFF, 0xFF, 0xFF, 
0xFF, 0xFF, 0xFF, 0xFF, 0xFF, 0xFF, 0xFF, 0xFF, 
0xFF, 0xFF, 0xFF, 0xFF, 0xFF, 0xFF, 0xFF, 0xFF, 
0xFF, 0xFF, 0xFF, 0xFF, 0xFF, 0xFF, 0xFF, 0xFF, 
0xFF, 0xFF, 0xFF, 0xFF, 0xFF, 0xFF, 0xFF, 0xFF, 
0xFF, 0xFF, 0xFF, 0xFF, 0xFF, 0xFF, 0xFF, 0xFF, 
0xFF, 0xFF, 0xFF, 0xFF, 0xFF, 0xFF, 0xFF, 0xFF, 
0xFF, 0xFF, 0xFF, 0xFF, 0xFF, 0xFF, 0xFF, 0xFF, 
0xFF, 0xFF, 0xFF, 0xFF, 0xFF, 0xFF, 0xFF, 0xFF, 
0xFF, 0x00, 0x00, 0x00, 0x00, 0x00, 0x00, 0x00, 
0x00, 0x00, 0x00, 0x00, 0x00, 0x00, 0x00, 0x00, 
0x00, 0x00, 0x00, 0x00, 0x00, 0x00, 0x00, 0x00, 
0x00, 0x00, 0x00, 0x00, 0x00, 0x00, 0x00, 0x00, 
0x00, 0x00, 0x00, 0x00, 0x00, 0x00, 0x00, 0x00, 
0x00, 0x00, 0x00, 0x00, 0x00, 0x00, 0x00, 0x00, 
0x00, 0x00, 0x00, 0x00, 0x00, 0x00, 0x00, 0x00, 
0x00, 0x00, 0x00, 0x00, 0x00, 0x00, 0x00, 0x00, 
0x00, 0x00, 0x00, 0x00, 0x00, 0x00, 0x00, 0x00, 
0x00, 0x00, 0x00, 0x00, 0x00, 0x00, 0x00, 0x00, 
0x00, 0x00, 0x00, 0x00, 0x00, 0x00, 0x00, 0x00, 
0x00, 0x00, 0x00, 0x00, 0x00, 0x00, 0x00, 0x00, 
0x00, 0x00, 0x00, 0x00, 0x00, 0x00, 0x00, 0x00, 
0x00, 0x00, 0x00, 0x00, 0x00, 0x00, 0x00, 0x00, 
0x00, 0x00, 0x00, 0x00, 0x00, 0x00, 0x00, 0x00, 
0x00, 0x00, 0x00, 0x00, 0x00, 0x00, 0x00, 0x00, 
0x00, 0x00, 0x00, 0x00, 0x00, 0x00, 0x00, 0x00, 
0x00, 0x00, 0x00, 0x00, 0x00, 0x00, 0x00, 0x00, 
0x00, 0x00, 0x00, 0x00, 0x00, 0x00, 0x00, 0x00, 
0x00, 0x00, 0x00, 0x00, 0x00, 0x00, 0x00, 0x00, 
0x00, 0x00, 0x00, 0x00, 0x00, 0x00, 0x00, 0x00, 
0x00, 0x00, 0x00, 0x00, 0x00, 0x00, 0x00, 0x00, 
0x00, 0x00, 0x00, 0x00, 0x00, 0x00, 0x00, 0x00, 
0x00, 0x00, 0x00, 0x00, 0x00, 0x00, 0x00, 0x00, 
0x00, 0x00, 0x00, 0x00, 0x00, 0x00, 0x00, 0x00, 
0x00, 0x00, 0x00, 0x00, 0x00, 0x00, 0x00, 0x00, 
0x00, 0x00, 0x00, 0x00, 0x00, 0x00, 0x00, 0x00, 
0x00, 0x00, 0x00, 0x00, 0x00, 0x00, 0x00, 0x00, 
0x00, 0x00, 0x00, 0x00, 0x00, 0x00, 0x00, 0x00, 
0x00, 0x00, 0x00, 0x00, 0x00, 0x00, 0x00, 0x00, 
0x00, 0x00, 0x00, 0x00, 0x00, 0x00, 0x00, 0x00, 
0x00, 0x00, 0x00, 0x00, 0x00, 0x00, 0x00, 0x00, 
0x00, 0x00, 0x00, 0x00, 0x00, 0x00, 0x00, 0x00, 
0x00, 0x00, 0x00, 0x00, 0x00, 0x00, 0x00, 0x00, 
0x00, 0x00, 0x00, 0x00, 0x00, 0x00, 0x00, 0x00, 
0x00, 0x00, 0x00, 0x00, 0x00, 0x00, 0x00, 0x00, 
0x00, 0x00, 0x00, 0x00, 0x00, 0x00, 0x00, 0x00, 
0x00, 0x00, 0x00, 0x00, 0x00, 0x00, 0x00, 0x00, 
0x00, 0x00, 0x00, 0x00, 0x00, 0x00, 0x00, 0x00, 
0x00, 0x00, 0x00, 0x00, 0x00, 0x00, 0x00, 0x00, 
0x00, 0x00, 0x00, 0x00, 0x00, 0x00, 0x00, 0x00, 
0x00, 0x00, 0x00, 0x00, 0x00, 0x00, 0x00, 0x00, 
0x00, 0x00, 0x00, 0x00, 0x00, 0x00, 0x00, 0x00, 
0x00, 0x00, 0x00, 0x00, 0x00, 0x00, 0x00, 0x00, 
0x00, 0x00, 0x00, 0x00, 0x00, 0x00, 0x00, 0x00, 
0x00, 0x00, 0x00, 0x00, 0x00, 0x00, 0x00, 0x00, 
0x00, 0x00, 0x00, 0x00, 0x00, 0x00, 0x00, 0x00, 
0x00, 0x00, 0x00, 0x00, 0x00, 0x00, 0x00, 0x00, 
0x00, 0x00, 0x00, 0x00, 0x00, 0x00, 0x00, 0x00, 
0x00, 0x00, 0x00, 0x00, 0x00, 0x00, 0x00, 0x00, 
0x00, 0x00, 0x00, 0x00, 0x00, 0x00, 0x00, 0x00, 
0x00, 0x00, 0x00, 0x00, 0x00, 0x00, 0x00, 0x00, 
0x00, 0x00, 0x00, 0x00, 0x00, 0x00, 0x00, 0x00, 
0x00, 0x00, 0x00, 0x00, 0x00, 0x00, 0x00, 0x00, 
0x00, 0x00, 0x00, 0x00, 0x00, 0x00, 0x00, 0x00, 
0x00, 0x00, 0x00, 0x00, 0x00, 0x00, 0x00, 0x00, 
0x00, 0x00, 0x00, 0x00, 0x00, 0x00, 0x00, 0x00, 
0x00, 0x00, 0x00, 0x00, 0x00, 0x00, 0x00, 0x00, 
0x00, 0x00, 0x00, 0x00, 0x00, 0x00, 0x00, 0x00, 
0x00, 0x00, 0x00, 0x00, 0x00, 0x00, 0x00, 0x00, 
0x00, 0x00, 0x00, 0x00, 0x00, 0x00, 0x00, 0x00, 
0x00, 0x00, 0x00, 0x00, 0x00, 0x00, 0x00, 0x00, 
0x00, 0x00, 0x00, 0x00, 0x00, 0x00, 0x00, 0x00, 
0x00, 0x00, 0x00, 0x00, 0x00, 0x00, 0x00, 0x00, 
0x00, 0x00, 0x00, 0x00, 0x00, 0x00, 0x00, 0x00, 
0x00, 0x00, 0x00, 0x00, 0x00, 0x00, 0x00, 0x00, 
0x00, 0x00, 0x00, 0x00, 0x00, 0x00, 0x00, 0x00, 
0x00, 0x00, 0x00, 0x00, 0x00, 0x00, 0x00, 0x00, 
0x00, 0x00, 0x00, 0x00, 0x00, 0x00, 0x00, 0x00, 
0x00, 0x00, 0x00, 0x00, 0x00, 0x00, 0x00, 0x00, 
0x00, 0x00, 0x00, 0x00, 0x00, 0x00, 0x00, 0x00, 
0x00, 0x00, 0x00, 0x00, 0x00, 0x00, 0x00, 0x00, 
0x00, 0x00, 0x00, 0x00, 0x00, 0x00, 0x00, 0x00, 
0x00, 0x00, 0x00, 0x00, 0x00, 0x00, 0x00, 0x00, 
0x00, 0x00, 0x00, 0x00, 0x00, 0x00, 0x00, 0x00, 
0x00, 0x00, 0x00, 0x00, 0x00, 0x00, 0x00, 0x00, 
0x00, 0x00, 0x00, 0x00, 0x00, 0x00, 0x00, 0x00, 
0x00, 0x00, 0x00, 0x00, 0x00, 0x00, 0x00, 0x00, 
0x00, 0x00, 0x00, 0x00, 0x00, 0x00, 0x00, 0x00, 
0x00, 0x00, 0x00, 0x00, 0x00, 0x00, 0x00, 0x00, 
0x00, 0x00, 0x00, 0x00, 0x00, 0x00, 0x00, 0x00, 
0x00, 0x00, 0x00, 0x00, 0x00, 0x00, 0x00, 0x00, 
0x00, 0x00, 0x00, 0x00, 0x00, 0x00, 0x00, 0x00, 
0x00, 0x00, 0x00, 0x00, 0x00, 0x00, 0x00, 0x00, 
0x00, 0x00, 0x00, 0x00, 0x00, 0x00, 0x00, 0x00, 
0x00, 0x00, 0x00, 0x00, 0x00, 0x00, 0x00, 0x00, 
0x00, 0x00, 0x00, 0x00, 0x00, 0x00, 0x00, 0x00, 
0x00, 0x00, 0x00, 0x00, 0x00, 0x00, 0x00, 0x00, 
0x00, 0x00, 0x00, 0x00, 0x00, 0x00, 0x00, 0x00, 
0x00, 0x00, 0x00, 0x00, 0x00, 0x00, 0x00, 0x00, 
0x00, 0x00, 0x00, 0x00, 0x00, 0x00, 0x00, 0x00, 
0x00, 0x00, 0x00, 0x00, 0x00, 0x00, 0x00, 0x00, 
0x00, 0x00, 0x00, 0x00, 0x00, 0x00, 0x00, 0x00, 
0x00, 0x00, 0x00, 0x00, 0x00, 0x00, 0x00, 0x00, 
0x00, 0x00, 0x00, 0x00, 0x00, 0x00, 0x00, 0x00, 
0x00, 0x00, 0x00, 0x00, 0x00, 0x00, 0x00, 0x00, 
0x00, 0x00, 0x00, 0x00, 0x00, 0x00, 0x00, 0x00, 
0x00, 0x00, 0x00, 0x00, 0x00, 0x00, 0x00, 0x00, 
0x00, 0x00, 0x00, 0x00, 0x00, 0x00, 0x00, 0x00, 
0x00, 0x00, 0x00, 0x00, 0x00, 0x00, 0x00, 0x00, 
0x00, 0x00, 0x00, 0x00, 0x00, 0x00, 0x00, 0x00, 
0x00, 0x00, 0x00, 0x00, 0x00, 0x00, 0x00, 0x00, 
0x00, 0x00, 0x00, 0x00, 0x00, 0x00, 0x00, 0x00, 
0x00, 0x00, 0x00, 0x00, 0x00, 0x00, 0x00, 0x00, 
0x00, 0x00, 0x00, 0x00, 0x00, 0x00, 0x00, 0x00, 
0x00, 0x00, 0x00, 0x00, 0x00, 0x00, 0x00, 0x00, 
0x00, 0x00, 0x00, 0x00, 0x00, 0x00, 0x00, 0x00, 
0x00, 0x00, 0x00, 0x00, 0x00, 0x00, 0x00, 0x00, 
0x00, 0x00, 0x00, 0x00, 0x00, 0x00, 0x00, 0x00, 
0x00, 0x00, 0x00, 0x00, 0x00, 0x00, 0x00, 0x00, 
0x00, 0x00, 0x00, 0x00, 0x00, 0x00, 0x00, 0x00, 
0x00, 0x00, 0x00, 0x00, 0x00, 0x00, 0x00, 0x00, 
0x00, 0x00, 0x00, 0x00, 0x00, 0x00, 0x00, 0x00, 
0x00, 0x00, 0x00, 0x00, 0x00, 0x00, 0x00, 0x00, 
0x00, 0x00, 0x00, 0x00, 0x00, 0x00, 0x00, 0x00, 
0x00, 0x00, 0x00, 0x00, 0x00, 0x00, 0x00, 0x00, 
0x00, 0x00, 0x00, 0x00, 0x00, 0x00, 0x00, 0x00, 
0x00, 0x00, 0x00, 0x00, 0x00, 0x00, 0x00, 0x00, 
0x00, 0x00, 0x00, 0x00, 0x00, 0x00, 0x00, 0x00, 
0x00, 0x00, 0x00, 0x00, 0x00, 0x00, 0x00, 0x00, 
0x00, 0x00, 0x00, 0x00, 0x00, 0x00, 0x00, 0x00, 
0x00, 0x00, 0x00, 0x00, 0x00, 0x00, 0x00, 0x00, 
0x00, 0x00, 0x00, 0x00, 0x00, 0x00, 0x00, 0x00, 
0x00, 0x00, 0x00, 0x00, 0x00, 0x00, 0x00, 0x00, 
0x00, 0x00, 0x00, 0x00, 0x00, 0x00, 0x00, 0x00, 
0x00, 0x00, 0x00, 0x00, 0x00, 0x00, 0x00, 0x00, 
0x00, 0x00, 0x00, 0x00, 0x00, 0x00, 0x00, 0x00, 
0x00, 0x00, 0x00, 0x00, 0x00, 0x00, 0x00, 0x00, 
0x00, 0x00, 0x00, 0x00, 0x00, 0x00, 0x00, 0x00, 
0x00, 0x00, 0x00, 0x00, 0x00, 0x00, 0x00, 0x00, 
0x00, 0x00, 0x00, 0x00, 0x00, 0x00, 0x00, 0x00, 
0x00, 0x00, 0x00, 0x00, 0x00, 0x00, 0x00, 0x00, 
0x00, 0x00, 0x00, 0x00, 0x00, 0x00, 0x00, 0x00, 
0x00, 0x00, 0x00, 0x00, 0x00, 0x00, 0x00, 0x00, 
0x00, 0x00, 0x00, 0x00, 0x00, 0x00, 0x00, 0x00, 
0x00, 0x00, 0x00, 0x00, 0x00, 0x00, 0x00, 0x00, 
0x00, 0x00, 0x00, 0x00, 0x00, 0x00, 0x00, 0x00, 
0x00, 0x00, 0x00, 0x00, 0x00, 0x00, 0x00, 0x00, 
0x00, 0x00, 0x00, 0x00, 0x00, 0x00, 0x00, 0x00, 
0x00, 0x00, 0x00, 0x00, 0x00, 0x00, 0x00, 0x00, 
0x00, 0x00, 0x00, 0x00, 0x00, 0x00, 0x00, 0x00, 
0x00, 0x00, 0x00, 0x00, 0x00, 0x00, 0x00, 0x00, 
0x00, 0x00, 0x00, 0x00, 0x00, 0x00, 0x00, 0x00, 
0x00, 0x00, 0x00, 0x00, 0x00, 0x00, 0x00, 0x00, 
0x00, 0x00, 0x00, 0x00, 0x00, 0x00, 0x00, 0x00, 
0x00, 0x00, 0x00, 0x00, 0x00, 0x00, 0x00, 0x00, 
0x00, 0x00, 0x00, 0x00, 0x00, 0x00, 0x00, 0x00, 
0x00, 0x00, 0x00, 0x00, 0x00, 0x00, 0x00, 0x00, 
0x00, 0x00, 0x00, 0x00, 0x00, 0x00, 0x00, 0x00, 
0x00, 0x00, 0x00, 0x00, 0x00, 0x00, 0x00, 0x00, 
0x00, 0x00, 0x00, 0x00, 0x00, 0x00, 0x00, 0x00, 
0x00, 0x00, 0x00, 0x00, 0x00, 0x00, 0x00, 0x00, 
0x00, 0x00, 0x00, 0x00, 0x00, 0x00, 0x00, 0x00, 
0x00, 0x00, 0x00, 0x00, 0x00, 0x00, 0x00, 0x00, 
0x00, 0x00, 0x00, 0x00, 0x00, 0x00, 0x00, 0x00, 
0x00, 0x00, 0x00, 0x00, 0x00, 0x00, 0x00, 0x00, 
0x00, 0x00, 0x00, 0x00, 0x00, 0x00, 0x00, 0x00, 
0x00, 0x00, 0x00, 0x00, 0x00, 0x00, 0x00, 0x00, 
0x00, 0x00, 0x00, 0x00, 0x00, 0x00, 0x00, 0x00, 
0x00, 0x00, 0x00, 0x00, 0x00, 0x00, 0x00, 0x00, 
0x00, 0x00, 0x00, 0x00, 0x00, 0x00, 0x00, 0x00, 
0x00, 0x00, 0x00, 0x00, 0x00, 0x00, 0x00, 0x00, 
0x00, 0x00, 0x00, 0x00, 0x00, 0x00, 0x00, 0x00, 
0x00, 0x00, 0x00, 0x00, 0x00, 0x00, 0x00, 0x00, 
0x00, 0x00, 0x00, 0x00, 0x00, 0x00, 0x00, 0x00, 
0x00, 0x00, 0x00, 0x00, 0x00, 0x00, 0x00, 0x00, 
0x00, 0x00, 0x00, 0x00, 0x00, 0x00, 0x00, 0x00, 
0x00, 0x00, 0x00, 0x00, 0x00, 0x00, 0x00, 0x00, 
0x00, 0x00, 0x00, 0x00, 0x00, 0x00, 0x00, 0x00, 
0x00, 0x00, 0x00, 0x00, 0x00, 0x00, 0x00, 0x00, 
0x00, 0x00, 0x00, 0x00, 0x00, 0x00, 0x00, 0x00, 
0x00, 0x00, 0x00, 0x00, 0x00, 0x00, 0x00, 0x00, 
0x00, 0x00, 0x00, 0x00, 0x00, 0x00, 0x00, 0x00, 
0x00, 0x00, 0x00, 0x00, 0x00, 0x00, 0x00, 0x00, 
0x00, 0x00, 0x00, 0x00, 0x00, 0x00, 0x00, 0x00, 
0x00, 0x00, 0x00, 0x00, 0x00, 0x00, 0x00, 0x00, 
0x00, 0x00, 0x00, 0x00, 0x00, 0x00, 0x00, 0x00, 
0x00, 0x00, 0x00, 0x00, 0x00, 0x00, 0x00, 0x00, 
0x00, 0x00, 0x00, 0x00, 0x00, 0x00, 0x00, 0x00, 
0x00, 0x00, 0x00, 0x00, 0x00, 0x00, 0x00, 0x00, 
0x00, 0x00, 0x00, 0x00, 0x00, 0x00, 0x00, 0x00, 
0x00, 0x00, 0x00, 0x00, 0x00, 0x00, 0x00, 0x00, 
0x00, 0x00, 0x00, 0x00, 0x00, 0x00, 0x00, 0x00, 
0x00, 0x00, 0x00, 0x00, 0x00, 0x00, 0x00, 0x00, 
0x00, 0x00, 0x00, 0x00, 0x00, 0x00, 0x00, 0x00, 
0x00, 0x00, 0x00, 0x00, 0x00, 0x00, 0x00, 0x00, 
0x00, 0x00, 0x00, 0x00, 0x00, 0x00, 0x00, 0x00, 
0x00, 0x00, 0x00, 0x00, 0x00, 0x00, 0x00, 0x00, 
0x00, 0x00, 0x00, 0x00, 0x00, 0x00, 0x00, 0x00, 
0x00, 0x00, 0x00, 0x00, 0x00, 0x00, 0x00, 0x00, 
0x00, 0x00, 0x00, 0x00, 0x00, 0x00, 0x00, 0x00, 
0x00, 0x00, 0x00, 0x00, 0x00, 0x00, 0x00, 0x00, 
0x00, 0x00, 0x00, 0x00, 0x00, 0x00, 0x00, 0x00, 
0x00, 0x00, 0x00, 0x00, 0x00, 0x00, 0x00, 0x00, 
0x00, 0x00, 0x00, 0x00, 0x00, 0x00, 0x00, 0x00, 
0x00, 0x00, 0x00, 0x00, 0x00, 0x00, 0x00, 0x00, 
0x00, 0x00, 0x00, 0x00, 0x00, 0x00, 0x00, 0x00, 
0x00, 0x00, 0x00, 0x00, 0x00, 0x00, 0x00, 0x00, 
0x00, 0x00, 0x00, 0x00, 0x00, 0x00, 0x00, 0x00, 
0x00, 0x00, 0x00, 0x00, 0x00, 0x00, 0x00, 0x00, 
0x00, 0x00, 0x00, 0x00, 0x00, 0x00, 0x00, 0x00, 
0x00, 0x00, 0x00, 0x00, 0x00, 0x00, 0x00, 0x00, 
0x00, 0x00, 0x00, 0x00, 0x00, 0x00, 0x00, 0x00, 
0x00, 0x00, 0x00, 0x00, 0x00, 0x00, 0x00, 0x00, 
0x00, 0x00, 0x00, 0x00, 0x00, 0x00, 0x00, 0x00, 
0x00, 0x00, 0x00, 0x00, 0x00, 0x00, 0x00, 0x00, 
0x00, 0x00, 0x00, 0x00, 0x00, 0x00, 0x00, 0x00, 
0x00, 0x00, 0x00, 0x00, 0x00, 0x00, 0x00, 0x00, 
0x00, 0x00, 0x00, 0x00, 0x00, 0x00, 0x00, 0x00, 
0x00, 0x00, 0x00, 0x00, 0x00, 0x00, 0x00, 0x00, 
0x00, 0x00, 0x00, 0x00, 0x00, 0x00, 0x00, 0x00, 
0x00, 0x00, 0x00, 0x00, 0x00, 0x00, 0x00, 0x00, 
0x00, 0x00, 0x00, 0x00, 0x00, 0x00, 0x00, 0x00, 
0x00, 0x00, 0x00, 0x00, 0x00, 0x00, 0x00, 0x00, 
0x00, 0x00, 0x00, 0x00, 0x00, 0x00, 0x00, 0x00, 
0x00, 0x00, 0x00, 0x00, 0x00, 0x00, 0x00, 0x00, 
0x00, 0x00, 0x00, 0x00, 0x00, 0x00, 0x00, 0x00, 
0x00, 0x00, 0x00, 0x00, 0x00, 0x00, 0x00, 0x00, 
0x00, 0x00, 0x00, 0x00, 0x00, 0x00, 0x00, 0x00, 
0x00, 0x00, 0x00, 0x00, 0x00, 0x00, 0x00, 0x00, 
0x00, 0x00, 0x00, 0x00, 0x00, 0x00, 0x00, 0x00, 
0x00, 0x00, 0x00, 0x00, 0x00, 0x00, 0x00, 0x00, 
0x00, 0x00, 0x00, 0x00, 0x00, 0x00, 0x00, 0x00, 
0x00, 0x00, 0x00, 0x00, 0x00, 0x00, 0x00, 0x00, 
0x00, 0x00, 0x00, 0x00, 0x00, 0x00, 0x00, 0x00, 
0x00, 0x00, 0x00, 0x00, 0x00, 0x00, 0x00, 0x00, 
0x00, 0x00, 0x00, 0x00, 0x00, 0x00, 0x00, 0x00, 
0x00, 0x00, 0x00, 0x00, 0x00, 0x00, 0x00, 0x00, 
0x00, 0x00, 0x00, 0x00, 0x00, 0x00, 0x00, 0x00, 
0x00, 0x00, 0x00, 0x00, 0x00, 0x00, 0x00, 0x00, 
0x00, 0x00, 0x00, 0x00, 0x00, 0x00, 0x00, 0x00, 
0x00, 0x00, 0x00, 0x00, 0x00, 0x00, 0x00, 0x00, 
0x00, 0x00, 0x00, 0x00, 0x00, 0x00, 0x00, 0x00, 
0x00, 0x00, 0x00, 0x00, 0x00, 0x00, 0x00, 0x00, 
0x00, 0x00, 0x00, 0x00, 0x00, 0x00, 0x00, 0x00, 
0x00, 0x00, 0x00, 0x00, 0x00, 0x00, 0x00, 0x00, 
0x00, 0x00, 0x00, 0x00, 0x00, 0x00, 0x00, 0x00, 
0x00, 0x00, 0x00, 0x00, 0x00, 0x00, 0x00, 0x00, 
0x00, 0x00, 0x00, 0x00, 0x00, 0x00, 0x00, 0x00, 
0x00, 0x00, 0x00, 0x00, 0x00, 0x00, 0x00, 0x00, 
0x00, 0x00, 0x00, 0x00, 0x00, 0x00, 0x00, 0x00, 
0x00, 0x00, 0x00, 0x00, 0x00, 0x00, 0x00, 0x00, 
0x00, 0x00, 0x00, 0x00, 0x00, 0x00, 0x00, 0x00, 
0x00, 0x00, 0x00, 0x00, 0x00, 0x00, 0x00, 0x00, 
0x00, 0x00, 0x00, 0x00, 0x00, 0x00, 0x00, 0x00, 
0x00, 0x00, 0x00, 0x00, 0x00, 0x00, 0x00, 0x00, 
0x00, 0x00, 0x00, 0x00, 0x00, 0x00, 0x00, 0x00, 
0x00, 0x00, 0x00, 0x00, 0x00, 0x00, 0x00, 0x00, 
0x00, 0x00, 0x00, 0x00, 0x00, 0x00, 0x00, 0x00, 
0x00, 0x00, 0x00, 0x00, 0x00, 0x00, 0x00, 0x00, 
0x00, 0x00, 0x00, 0x00, 0x00, 0x00, 0x00, 0x00, 
0x00, 0x00, 0x00, 0x00, 0x00, 0x00, 0x00, 0x00, 
0x00, 0x00, 0x00, 0x00, 0x00, 0x00, 0x00, 0x00, 
0x00, 0x00, 0x00, 0x00, 0x00, 0x00, 0x00, 0x00, 
0x00, 0x00, 0x00, 0x00, 0x00, 0x00, 0x00, 0x00, 
0x00, 0x00, 0x00, 0x00, 0x00, 0x00, 0x00, 0x00, 
0x00, 0x00, 0x00, 0x00, 0x00, 0x00, 0x00, 0x00, 
0x00, 0x00, 0x00, 0x00, 0x00, 0x00, 0x00, 0x00, 
0x00, 0x00, 0x00, 0x00, 0x00, 0x00, 0x00, 0x00, 
0x00, 0x00, 0x00, 0x00, 0x00, 0x00, 0x00, 0x00, 
0x00, 0x00, 0x00, 0x00, 0x00, 0x00, 0x00, 0x00, 
0x00, 0x00, 0x00, 0x00, 0x00, 0x00, 0x00, 0x00, 
0x00, 0x00, 0x00, 0x00, 0x00, 0x00, 0x00, 0x00, 
0x00, 0x00, 0x00, 0x00, 0x00, 0x00, 0x00, 0x00, 
0x00, 0x00, 0x00, 0x00, 0x00, 0x00, 0x00, 0x00, 
0x00, 0x00, 0x00, 0x00, 0x00, 0x00, 0x00, 0x00, 
0x00, 0x00, 0x00, 0x00, 0x00, 0x00, 0x00, 0x00, 
0x00, 0x00, 0x00, 0x00, 0x00, 0x00, 0x00, 0x00, 
0x00, 0x00, 0x00, 0x00, 0x00, 0x00, 0x00, 0x00, 
0x00, 0x00, 0x00, 0x00, 0x00, 0x00, 0x00, 0x00, 
0x00, 0x00, 0x00, 0x00, 0x00, 0x00, 0x00, 0x00, 
0x00, 0x00, 0x00, 0x00, 0x00, 0x00, 0x00, 0x00, 
0x00, 0x00, 0x00, 0x00, 0x00, 0x00, 0x00, 0x00, 
0x00, 0x00, 0x00, 0x00, 0x00, 0x00, 0x00, 0x00, 
0x00, 0x00, 0x00, 0x00, 0x00, 0x00, 0x00, 0x00, 
0x00, 0x00, 0x00, 0x00, 0x00, 0x00, 0x00, 0x00, 
0x00, 0x00, 0x00, 0x00, 0x00, 0x00, 0x00, 0x00, 
0x00, 0x00, 0x00, 0x00, 0x00, 0x00, 0x00, 0x00, 
0x00, 0x00, 0x00, 0x00, 0x00, 0x00, 0x00, 0x00, 
0x00, 0x00, 0x00, 0x00, 0x00, 0x00, 0x00, 0x00, 
0x00, 0x00, 0x00, 0x00, 0x00, 0x00, 0x00, 0x00, 
0x00, 0x00, 0x00, 0x00, 0x00, 0x00, 0x00, 0x00, 
0x00, 0x00, 0x00, 0x00, 0x00, 0x00, 0x00, 0x00, 
0x00, 0x00, 0x00, 0x00, 0x00, 0x00, 0x00, 0x00, 
0x00, 0x00, 0x00, 0x00, 0x00, 0x00, 0x00, 0x00, 
0x00, 0x00, 0x00, 0x00, 0x00, 0x00, 0x00, 0x00, 
0x00, 0x00, 0x00, 0x00, 0x00, 0x00, 0x00, 0x00, 
0x00, 0x00, 0x00, 0x00, 0x00, 0x00, 0x00, 0x00, 
0x00, 0x00, 0x00, 0x00, 0x00, 0x00, 0x00, 0x00, 
0x00, 0x00, 0x00, 0x00, 0x00, 0x00, 0x00, 0x00, 
0x00, 0x00, 0x00, 0x00, 0x00, 0x00, 0x00, 0x00, 
0x00, 0x00, 0x00, 0x00, 0x00, 0x00, 0x00, 0x00, 
0x00, 0x00, 0x00, 0x00, 0x00, 0x00, 0x00, 0x00, 
0x00, 0x00, 0x00, 0x00, 0x00, 0x00, 0x00, 0x00, 
0x00, 0x00, 0x00, 0x00, 0x00, 0x00, 0x00, 0x00, 
0x00, 0x00, 0x00, 0x00, 0x00, 0x00, 0x00, 0x00, 
0x00, 0x00, 0x00, 0x00, 0x00, 0x00, 0x00, 0x00, 
0x00, 0x00, 0x00, 0x00, 0x00, 0x00, 0x00, 0x00, 
0x00, 0x00, 0x00, 0x00, 0x00, 0x00, 0x00, 0x00, 
0x00, 0x00, 0x00, 0x00, 0x00, 0x00, 0x00, 0x00, 
0x00, 0x00, 0x00, 0x00, 0x00, 0x00, 0x00, 0x00, 
0x00, 0x00, 0x00, 0x00, 0x00, 0x00, 0x00, 0x00, 
0x00, 0x00, 0x00, 0x00, 0x00, 0x00, 0x00, 0x00, 
0x00, 0x00, 0x00, 0x00, 0x00, 0x00, 0x00, 0x00, 
0x00, 0x00, 0x00, 0x00, 0x00, 0x00, 0x00, 0x00, 
0x00, 0x00, 0x00, 0x00, 0x00, 0x00, 0x00, 0x00, 
0x00, 0x00, 0x00, 0x00, 0x00, 0x00, 0x00, 0x00, 
0x00, 0x00, 0x00, 0x00, 0x00, 0x00, 0x00, 0x00, 
0x00, 0x00, 0x00, 0x00, 0x00, 0x00, 0x00, 0x00, 
0x00, 0x00, 0x00, 0x00, 0x00, 0x00, 0x00, 0x00, 
0x00, 0x00, 0x00, 0x00, 0x00, 0x00, 0x00, 0x00, 
0x00, 0x00, 0x00, 0x00, 0x00, 0x00, 0x00, 0x00, 
0x00, 0x00, 0x00, 0x00, 0x00, 0x00, 0x00, 0x00, 
0x00, 0x00, 0x00, 0x00, 0x00, 0x00, 0x00, 0x00, 
0x00, 0x00, 0x00, 0x00, 0x00, 0x00, 0x00, 0x00, 
0x00, 0x00, 0x00, 0x00, 0x00, 0x00, 0x00, 0x00, 
0x00, 0x00, 0x00, 0x00, 0x00, 0x00, 0x00, 0x00, 
0x00, 0x00, 0x00, 0x00, 0x00, 0x00, 0x00, 0x00, 
0x00, 0x00, 0x00, 0x00, 0x00, 0x00, 0x00, 0x00, 
0x00, 0x00, 0x00, 0x00, 0x00, 0x00, 0x00, 0x00, 
0x00, 0x00, 0x00, 0x00, 0x00, 0x00, 0x00, 0x00, 
0x00, 0x00, 0x00, 0x00, 0x00, 0x00, 0x00, 0x00, 
0x00, 0x00, 0x00, 0x00, 0x00, 0x00, 0x00, 0x00, 
0x00, 0x00, 0x00, 0x00, 0x00, 0x00, 0x00, 0x00, 
0x00, 0x00, 0x00, 0x00, 0x00, 0x00, 0x00, 0x00, 
0x00, 0x00, 0x00, 0x00, 0x00, 0x00, 0x00, 0x00, 
0x00, 0x00, 0x00, 0x00, 0x00, 0x00, 0x00, 0x00, 
0x00, 0x00, 0x00, 0x00, 0x00, 0x00, 0x00, 0x00, 
0x00, 0x00, 0x00, 0x00, 0x00, 0x00, 0x00, 0x00, 
0x00, 0x00, 0x00, 0x00, 0x00, 0x00, 0x00, 0x00, 
0x00, 0x00, 0x00, 0x00, 0x00, 0x00, 0x00, 0x00, 
0x00, 0x00, 0x00, 0x00, 0x00, 0x00, 0x00, 0x00, 
0x00, 0x00, 0x00, 0x00, 0x00, 0x00, 0x00, 0x00, 
0x00, 0x00, 0x00, 0x00, 0x00, 0x00, 0x00, 0x00, 
0x00, 0x00, 0x00, 0x00, 0x00, 0x00, 0x00, 0x00, 
0x00, 0x00, 0x00, 0x00, 0x00, 0x00, 0x00, 0x00, 
0x00, 0x00, 0x00, 0x00, 0x00, 0x00, 0x00, 0x00, 
0x00, 0x00, 0x00, 0x00, 0x00, 0x00, 0x00, 0x00, 
0x00, 0x00, 0x00, 0x00, 0x00, 0x00, 0x00, 0x00, 
0x00, 0x00, 0x00, 0x00, 0x00, 0x00, 0x00, 0x00, 
0x00, 0x00, 0x00, 0x00, 0x00, 0x00, 0x00, 0x00, 
0x00, 0x00, 0x00, 0x00, 0x00, 0x00, 0x00, 0x00, 
0x00, 0x00, 0x00, 0x00, 0x00, 0x00, 0x00, 0x00, 
0x00, 0x00, 0x00, 0x00, 0x00, 0x00, 0x00, 0x00, 
0x00, 0x00, 0x00, 0x00, 0x00, 0x00, 0x00, 0x00, 
0x00, 0x00, 0x00, 0x00, 0x00, 0x00, 0x00, 0x00, 
0x00, 0x00, 0x00, 0x00, 0x00, 0x00, 0x00, 0x00, 
0x00, 0x00, 0x00, 0x00, 0x00, 0x00, 0x00, 0x00, 
0x00, 0x00, 0x00, 0x00, 0x00, 0x00, 0x00, 0x00, 
0x00, 0x00, 0x00, 0x00, 0x00, 0x00, 0x00, 0x00, 
0x00, 0x00, 0x00, 0x00, 0x00, 0x00, 0x00, 0x00, 
0x00, 0x00, 0x00, 0x00, 0x00, 0x00, 0x00, 0x00, 
0x00, 0x00, 0x00, 0x00, 0x00, 0x00, 0x00, 0x00, 
0x00, 0x00, 0x00, 0x00, 0x00, 0x00, 0x00, 0x00, 
0x00, 0x00, 0x00, 0x00, 0x00, 0x00, 0x00, 0x00, 
0x00, 0x00, 0x00, 0x00, 0x00, 0x00, 0x00, 0x00, 
0x00, 0x00, 0x00, 0x00, 0x00, 0x00, 0x00, 0x00, 
0x00, 0x00, 0x00, 0x00, 0x00, 0x00, 0x00, 0x00, 
0x00, 0x00, 0x00, 0x00, 0x00, 0x00, 0x00, 0x00, 
0x00, 0x00, 0x00, 0x00, 0x00, 0x00, 0x00, 0x00, 
0x00, 0x00, 0x00, 0x00, 0x00, 0x00, 0x00, 0x00, 
0x00, 0x00, 0x00, 0x00, 0x00, 0x00, 0x00, 0x00, 
0x00, 0x00, 0x00, 0x00, 0x00, 0x00, 0x00, 0x00, 
0x00, 0x00, 0x00, 0x00, 0x00, 0x00, 0x00, 0x00, 
0x00, 0x00, 0x00, 0x00, 0x00, 0x00, 0x00, 0x00, 
0x00, 0x00, 0x00, 0x00, 0x00, 0x00, 0x00, 0x00, 
0x00, 0x00, 0x00, 0x00, 0x00, 0x00, 0x00, 0x00, 
0x00, 0x00, 0x00, 0x00, 0x00, 0x00, 0x00, 0x00, 
0x00, 0x00, 0x00, 0x00, 0x00, 0x00, 0x00, 0x00, 
0x00, 0x00, 0x00, 0x00, 0x00, 0x00, 0x00, 0x00, 
0x00, 0x00, 0x00, 0x00, 0x00, 0x00, 0x00, 0x00, 
0x00, 0x00, 0x00, 0x00, 0x00, 0x00, 0x00, 0x00, 
0x00, 0x00, 0x00, 0x00, 0x00, 0x00, 0x00, 0x00, 
0x00, 0x00, 0x00, 0x00, 0x00, 0x00, 0x00, 0x00, 
0x00, 0x00, 0x00, 0x00, 0x00, 0x00, 0x00, 0x00, 
0x00, 0x00, 0x00, 0x00, 0x00, 0x00, 0x00, 0x00, 
0x00, 0x00, 0x00, 0x00, 0x00, 0x00, 0x00, 0x00, 
0x00, 0x00, 0x00, 0x00, 0x00, 0x00, 0x00, 0x00, 
0x00, 0x00, 0x00, 0x00, 0x00, 0x00, 0x00, 0x00, 
0x00, 0x00, 0x00, 0x00, 0x00, 0x00, 0x00, 0x00, 
0x00, 0x00, 0x00, 0x00, 0x00, 0x00, 0x00, 0x00, 
0x00, 0x00, 0x00, 0x00, 0x00, 0x00, 0x00, 0x00, 
0x00, 0x00, 0x00, 0x00, 0x00, 0x00, 0x00, 0x00, 
0x00, 0x00, 0x00, 0x00, 0x00, 0x00, 0x00, 0x00, 
0x00, 0x00, 0x00, 0x00, 0x00, 0x00, 0x00, 0x00, 
0x00, 0x00, 0x00, 0x00, 0x00, 0x00, 0x00, 0x00, 
0x00, 0x00, 0x00, 0x00, 0x00, 0x00, 0x00, 0x00, 
0x00, 0x00, 0x00, 0x00, 0x00, 0x00, 0x00, 0x00, 
0x00, 0x00, 0x00, 0x00, 0x00, 0x00, 0x00, 0x00, 
0x00, 0x00, 0x00, 0x00, 0x00, 0x00, 0x00, 0x00, 
0x00, 0x00, 0x00, 0x00, 0x00, 0x00, 0x00, 0x00, 
0x00, 0x00, 0x00, 0x00, 0x00, 0x00, 0x00, 0x00, 
0x00, 0x00, 0x00, 0x00, 0x00, 0x00, 0x00, 0x00, 
0x00, 0x00, 0x00, 0x00, 0x00, 0x00, 0x00, 0x00, 
0x00, 0x00, 0x00, 0x00, 0x00, 0x00, 0x00, 0x00, 
0x00, 0x00, 0x00, 0x00, 0x00, 0x00, 0x00, 0x00, 
0x00, 0x00, 0x00, 0x00, 0x00, 0x00, 0x00, 0x00, 
0x00, 0x00, 0x00, 0x00, 0x00, 0x00, 0x00, 0x00, 
0x00, 0x00, 0x00, 0x00, 0x00, 0x00, 0x00, 0x00, 
0x00, 0x00, 0x00, 0x00, 0x00, 0x00, 0x00, 0x00, 
0x00, 0x00, 0x00, 0x00, 0x00, 0x00, 0x00, 0x00, 
0x00, 0x00, 0x00, 0x00, 0x00, 0x00, 0x00, 0x00, 
0x00, 0x00, 0x00, 0x00, 0x00, 0x00, 0x00, 0x00, 
0x00, 0x00, 0x00, 0x00, 0x00, 0x00, 0x00, 0x00, 
0x00, 0x00, 0x00, 0x00, 0x00, 0x00, 0x00, 0x00, 
0x00, 0x00, 0x00, 0x00, 0x00, 0x00, 0x00, 0x00, 
0x00, 0x00, 0x00, 0x00, 0x00, 0x00, 0x00, 0x00, 
0x00, 0x00, 0x00, 0x00, 0x00, 0x00, 0x00, 0x00, 
0x00, 0x00, 0x00, 0x00, 0x00, 0x00, 0x00, 0x00, 
0x00, 0x00, 0x00, 0x00, 0x00, 0x00, 0x00, 0x00, 
0x00, 0x00, 0x00, 0x00, 0x00, 0x00, 0x00, 0x00, 
0x00, 0x00, 0x00, 0x00, 0x00, 0x00, 0x00, 0x00, 
0x00, 0x00, 0x00, 0x00, 0x00, 0x00, 0x00, 0x00, 
0x00, 0x00, 0x00, 0x00, 0x00, 0x00, 0x00, 0x00, 
0x00, 0x00, 0x00, 0x00, 0x00, 0x00, 0x00, 0x00, 
0x00, 0x00, 0x00, 0x00, 0x00, 0x00, 0x00, 0x00, 
0x00, 0x00, 0x00, 0x00, 0x00, 0x00, 0x00, 0x00, 
0x00, 0x00, 0x00, 0x00, 0x00, 0x00, 0x00, 0x00, 
0x00, 0x00, 0x00, 0x00, 0x00, 0x00, 0x00, 0x00, 
0x00, 0x00, 0x00, 0x00, 0x00, 0x00, 0x00, 0x00, 
0x00, 0x00, 0x00, 0x00, 0x00, 0x00, 0x00, 0x00, 
0x00, 0x00, 0x00, 0x00, 0x00, 0x00, 0x00, 0x00, 
0x00, 0x00, 0x00, 0x00, 0x00, 0x00, 0x00, 0x00, 
0x00, 0x00, 0x00, 0x00, 0x00, 0x00, 0x00, 0x00, 
0x00, 0x00, 0x00, 0x00, 0x00, 0x00, 0x00, 0x00, 
0x00, 0x00, 0x00, 0x00, 0x00, 0x00, 0x00, 0x00, 
0x00, 0x00, 0x00, 0x00, 0x00, 0x00, 0x00, 0x00, 
0x00, 0x00, 0x00, 0x00, 0x00, 0x00, 0x00, 0x00, 
0x00, 0x00, 0x00, 0x00, 0x00, 0x00, 0x00, 0x00, 
0x00, 0x00, 0x00, 0x00, 0x00, 0x00, 0x00, 0x00, 
0x00, 0x00, 0x00, 0x00, 0x00, 0x00, 0x00, 0x00, 
0x00, 0x00, 0x00, 0x00, 0x00, 0x00, 0x00, 0x00, 
0x00, 0x00, 0x00, 0x00, 0x00, 0x00, 0x00, 0x00, 
0x00, 0x00, 0x00, 0x00, 0x00, 0x00, 0x00, 0x00, 
0x00, 0x00, 0x00, 0x00, 0x00, 0x00, 0x00, 0x00, 
0x00, 0x00, 0x00, 0x00, 0x00, 0x00, 0x00, 0x00, 
0x00, 0x00, 0x00, 0x00, 0x00, 0x00, 0x00, 0x00, 
0x00, 0x00, 0x00, 0x00, 0x00, 0x00, 0x00, 0x00, 
0x00, 0x00, 0x00, 0x00, 0x00, 0x00, 0x00, 0x00, 
0x00, 0x00, 0x00, 0x00, 0x00, 0x00, 0x00, 0x00, 
0x00, 0x00, 0x00, 0x00, 0x00, 0x00, 0x00, 0x00, 
0x00, 0x00, 0x00, 0x00, 0x00, 0x00, 0x00, 0x00, 
0x00, 0x00, 0x00, 0x00, 0x00, 0x00, 0x00, 0x00, 
0x00, 0x00, 0x00, 0x00, 0x00, 0x00, 0x00, 0x00, 
0x00, 0x00, 0x00, 0x00, 0x00, 0x00, 0x00, 0x00, 
0x00, 0x00, 0x00, 0x00, 0x00, 0x00, 0x00, 0x00, 
0x00, 0x00, 0x00, 0x00, 0x00, 0x00, 0x00, 0x00, 
0x00, 0x00, 0x00, 0x00, 0x00, 0x00, 0x00, 0x00, 
0x00, 0x00, 0x00, 0x00, 0x00, 0x00, 0x00, 0x00, 
0x00, 0x00, 0x00, 0x00, 0x00, 0x00, 0x00, 0x00, 
0x00, 0x00, 0x00, 0x00, 0x00, 0x00, 0x00, 0x00, 
0x00, 0x00, 0x00, 0x00, 0x00, 0x00, 0x00, 0x00, 
0x00, 0x00, 0x00, 0x00, 0x00, 0x00, 0x00, 0x00, 
0x00, 0x00, 0x00, 0x00, 0x00, 0x00, 0x00, 0x00, 
0x00, 0x00, 0x00, 0x00, 0x00, 0x00, 0x00, 0x00, 
0x00, 0x00, 0x00, 0x00, 0x00, 0x00, 0x00, 0x00, 
0x00, 0x00, 0x00, 0x00, 0x00, 0x00, 0x00, 0x00, 
0x00, 0x00, 0x00, 0x00, 0x00, 0x00, 0x00, 0x00, 
0x00, 0x00, 0x00, 0x00, 0x00, 0x00, 0x00, 0x00, 
0x00, 0x00, 0x00, 0x00, 0x00, 0x00, 0x00, 0x00, 
0x00, 0x00, 0x00, 0x00, 0x00, 0x00, 0x00, 0x00, 
0x00, 0x00, 0x00, 0x00, 0x00, 0x00, 0x00, 0x00, 
0x00, 0x00, 0x00, 0x00, 0x00, 0x00, 0x00, 0x00, 
0x00, 0x00, 0x00, 0x00, 0x00, 0x00, 0x00, 0x00, 
0x00, 0x00, 0x00, 0x00, 0x00, 0x00, 0x00, 0x00, 
0x00, 0x00, 0x00, 0x00, 0x00, 0x00, 0x00, 0x00, 
0x00, 0x00, 0x00, 0x00, 0x00, 0x00, 0x00, 0x00, 
0x00, 0x00, 0x00, 0x00, 0x00, 0x00, 0x00, 0x00, 
0x00, 0x00, 0x00, 0x00, 0x00, 0x00, 0x00, 0x00, 
0x00, 0x00, 0x00, 0x00, 0x00, 0x00, 0x00, 0x00, 
0x00, 0x00, 0x00, 0x00, 0x00, 0x00, 0x00, 0x00, 
0x00, 0x00, 0x00, 0x00, 0x00, 0x00, 0x00, 0x00, 
0x00, 0x00, 0x00, 0x00, 0x00, 0x00, 0x00, 0x00, 
0x00, 0x00, 0x00, 0x00, 0x00, 0x00, 0x00, 0x00, 
0x00, 0x00, 0x00, 0x00, 0x00, 0x00, 0x00, 0x00, 
0x00, 0x00, 0x00, 0x00, 0x00, 0x00, 0x00, 0x00, 
0x00, 0x00, 0x00, 0x00, 0x00, 0x00, 0x00, 0x00, 
0x00, 0x00, 0x00, 0x00, 0x00, 0x00, 0x00, 0x00, 
0x00, 0x00, 0x00, 0x00, 0x00, 0x00, 0x00, 0x00, 
0x00, 0x00, 0x00, 0x00, 0x00, 0x00, 0x00, 0x00, 
0x00, 0x00, 0x00, 0x00, 0x00, 0x00, 0x00, 0x00, 
0x00, 0x00, 0x00, 0x00, 0x00, 0x00, 0x00, 0x00, 
0x00, 0x00, 0x00, 0x00, 0x00, 0x00, 0x00, 0x00, 
0x00, 0x00, 0x00, 0x00, 0x00, 0x00, 0x00, 0x00, 
0x00, 0x00, 0x00, 0x00, 0x00, 0x00, 0x00, 0x00, 
0x00, 0x00, 0x00, 0x00, 0x00, 0x00, 0x00, 0x00, 
0x00, 0x00, 0x00, 0x00, 0x00, 0x00, 0x00, 0x00, 
0x00, 0x00, 0x00, 0x00, 0x00, 0x00, 0x00, 0x00, 
0x00, 0x00, 0x00, 0x00, 0x00, 0x00, 0x00, 0x00, 
0x00, 0x00, 0x00, 0x00, 0x00, 0x00, 0x00, 0x00, 
0x00, 0x00, 0x00, 0x00, 0x00, 0x00, 0x00, 0x00, 
0x00, 0x00, 0x00, 0x00, 0x00, 0x00, 0x00, 0x00, 
0x00, 0x00, 0x00, 0x00, 0x00, 0x00, 0x00, 0x00, 
0x00, 0x00, 0x00, 0x00, 0x00, 0x00, 0x00, 0x00, 
0x00, 0x00, 0x00, 0x00, 0x00, 0x00, 0x00, 0x00, 
0x00, 0x00, 0x00, 0x00, 0x00, 0x00, 0x00, 0x00, 
0x00, 0x00, 0x00, 0x00, 0x00, 0x00, 0x00, 0x00, 
0x00, 0x00, 0x00, 0x00, 0x00, 0x00, 0x00, 0x00, 
0x00, 0x00, 0x00, 0x00, 0x00, 0x00, 0x00, 0x00, 
0x00, 0x00, 0x00, 0x00, 0x00, 0x00, 0x00, 0x00, 
0x00, 0x00, 0x00, 0x00, 0x00, 0x00, 0x00, 0x00, 
0x00, 0x00, 0x00, 0x00, 0x00, 0x00, 0x00, 0x00, 
0x00, 0x00, 0x00, 0x00, 0x00, 0x00, 0x00, 0x00, 
0x00, 0x00, 0x00, 0x00, 0x00, 0x00, 0x00, 0x00, 
0x00, 0x00, 0x00, 0x00, 0x00, 0x00, 0x00, 0x00, 
0x00, 0x00, 0x00, 0x00, 0x00, 0x00, 0x00, 0x00, 
0x00, 0x00, 0x00, 0x00, 0x00, 0x00, 0x00, 0x00, 
0x00, 0x00, 0x00, 0x00, 0x00, 0x00, 0x00, 0x00, 
0x00, 0x00, 0x00, 0x00, 0x00, 0x00, 0x00, 0x00, 
0x00, 0x00, 0x00, 0x00, 0x00, 0x00, 0x00, 0x00, 
0x00, 0x00, 0x00, 0x00, 0x00, 0x00, 0x00, 0x00, 
0x00, 0x00, 0x00, 0x00, 0x00, 0x00, 0x00, 0x00, 
0x00, 0x00, 0x00, 0x00, 0x00, 0x00, 0x00, 0x00, 
0x00, 0x00, 0x00, 0x00, 0x00, 0x00, 0x00, 0x00, 
0x00, 0x00, 0x00, 0x00, 0x00, 0x00, 0x00, 0x00, 
0x00, 0x00, 0x00, 0x00, 0x00, 0x00, 0x00, 0x00, 
0x00, 0x00, 0x00, 0x00, 0x00, 0x00, 0x00, 0x00, 
0x00, 0x00, 0x00, 0x00, 0x00, 0x00, 0x00, 0x00, 
0x00, 0x00, 0x00, 0x00, 0x00, 0x00, 0x00, 0x00, 
0x00, 0x00, 0x00, 0x00, 0x00, 0x00, 0x00, 0x00, 
0x00, 0x00, 0x00, 0x00, 0x00, 0x00, 0x00, 0x00, 
0x00, 0x00, 0x00, 0x00, 0x00, 0x00, 0x00, 0x00, 
0x00, 0x00, 0x00, 0x00, 0x00, 0x00, 0x00, 0x00, 
0x00, 0x00, 0x00, 0x00, 0x00, 0x00, 0x00, 0x00, 
0x00, 0x00, 0x00, 0x00, 0x00, 0x00, 0x00, 0x00, 
0x00, 0x00, 0x00, 0x00, 0x00, 0x00, 0x00, 0x00, 
0x00, 0x00, 0x00, 0x00, 0x00, 0x00, 0x00, 0x00, 
0x00, 0x00, 0x00, 0x00, 0x00, 0x00, 0x00, 0x00, 
0x00, 0x00, 0x00, 0x00, 0x00, 0x00, 0x00, 0x00, 
0x00, 0x00, 0x00, 0x00, 0x00, 0x00, 0x00, 0x00, 
0x00, 0x00, 0x00, 0x00, 0x00, 0x00, 0x00, 0x00, 
0x00, 0x00, 0x00, 0x00, 0x00, 0x00, 0x00, 0x00, 
0x00, 0x00, 0x00, 0x00, 0x00, 0x00, 0x00, 0x00, 
0x00, 0x00, 0x00, 0x00, 0x00, 0x00, 0x00, 0x00, 
0x00, 0x00, 0x00, 0x00, 0x00, 0x00, 0x00, 0x00, 
0x00, 0x00, 0x00, 0x00, 0x00, 0x00, 0x00, 0x00, 
0x00, 0x00, 0x00, 0x00, 0x00, 0x00, 0x00, 0x00, 
0x00, 0x00, 0x00, 0x00, 0x00, 0x00, 0x00, 0x00, 
0x00, 0x00, 0x00, 0x00, 0x00, 0x00, 0x00, 0x00, 
0x00, 0x00, 0x00, 0x00, 0x00, 0x00, 0x00, 0x00, 
0x00, 0x00, 0x00, 0x00, 0x00, 0x00, 0x00, 0x00, 
0x00, 0x00, 0x00, 0x00, 0x00, 0x00, 0x00, 0x00, 
0x00, 0x00, 0x00, 0x00, 0x00, 0x00, 0x00, 0x00, 
0x00, 0x00, 0x00, 0x00, 0x00, 0x00, 0x00, 0x00, 
0x00, 0x00, 0x00, 0x00, 0x00, 0x00, 0x00, 0x00, 
0x00, 0x00, 0x00, 0x00, 0x00, 0x00, 0x00, 0x00, 
0x00, 0x00, 0x00, 0x00, 0x00, 0x00, 0x00, 0x00, 
0x00, 0x00, 0x00, 0x00, 0x00, 0x00, 0x00, 0x00, 
0x00, 0x00, 0x00, 0x00, 0x00, 0x00, 0x00, 0x00, 
0x00, 0x00, 0x00, 0x00, 0x00, 0x00, 0x00, 0x00, 
0x00, 0x00, 0x00, 0x00, 0x00, 0x00, 0x00, 0x00, 
0x00, 0x00, 0x00, 0x00, 0x00, 0x00, 0x00, 0x00, 
0x00, 0x00, 0x00, 0x00, 0x00, 0x00, 0x00, 0x00, 
0x00, 0x00, 0x00, 0x00, 0x00, 0x00, 0x00, 0x00, 
0x00, 0x00, 0x00, 0x00, 0x00, 0x00, 0x00, 0x00, 
0x00, 0x00, 0x00, 0x00, 0x00, 0x00, 0x00, 0x00, 
0x00, 0x00, 0x00, 0x00, 0x00, 0x00, 0x00, 0x00, 
0x00, 0x00, 0x00, 0x00, 0x00, 0x00, 0x00, 0x00, 
0x00, 0x00, 0x00, 0x00, 0x00, 0x00, 0x00, 0x00, 
0x00, 0x00, 0x00, 0x00, 0x00, 0x00, 0x00, 0x00, 
0x00, 0x00, 0x00, 0x00, 0x00, 0x00, 0x00, 0x00, 
0x00, 0x00, 0x00, 0x00, 0x00, 0x00, 0x00, 0x00, 
0x00, 0x00, 0x00, 0x00, 0x00, 0x00, 0x00, 0x00, 
0x00, 0x00, 0x00, 0x00, 0x00, 0x00, 0x00, 0x00, 
0x00, 0x00, 0x00, 0x00, 0x00, 0x00, 0x00, 0x00, 
0x00, 0x00, 0x00, 0x00, 0x00, 0x00, 0x00, 0x00, 
0x00, 0x00, 0x00, 0x00, 0x00, 0x00, 0x00, 0x00, 
0x00, 0x00, 0x00, 0x00, 0x00, 0x00, 0x00, 0x00, 
0x00, 0x00, 0x00, 0x00, 0x00, 0x00, 0x00, 0x00, 
0x00, 0x00, 0x00, 0x00, 0x00, 0x00, 0x00, 0x00, 
0x00, 0x00, 0x00, 0x00, 0x00, 0x00, 0x00, 0x00, 
0x00, 0x00, 0x00, 0x00, 0x00, 0x00, 0x00, 0x00, 
0x00, 0x00, 0x00, 0x00, 0x00, 0x00, 0x00, 0x00, 
0x00, 0x00, 0x00, 0x00, 0x00, 0x00, 0x00, 0x00, 
0x00, 0x00, 0x00, 0x00, 0x00, 0x00, 0x00, 0x00, 
0x00, 0x00, 0x00, 0x00, 0x00, 0x00, 0x00, 0x00, 
0x00, 0x00, 0x00, 0x00, 0x00, 0x00, 0x00, 0x00, 
0x00, 0x00, 0x00, 0x00, 0x00, 0x00, 0x00, 0x00, 
0x00, 0x00, 0x00, 0x00, 0x00, 0x00, 0x00, 0x00, 
0x00, 0x00, 0x00, 0x00, 0x00, 0x00, 0x00, 0x00, 
0x00, 0x00, 0x00, 0x00, 0x00, 0x00, 0x00, 0x00, 
0x00, 0x00, 0x00, 0x00, 0x00, 0x00, 0x00, 0x00, 
0x00, 0x00, 0x00, 0x00, 0x00, 0x00, 0x00, 0x00, 
0x00, 0x00, 0x00, 0x00, 0x00, 0x00, 0x00, 0x00, 
0x00, 0x00, 0x00, 0x00, 0x00, 0x00, 0x00, 0x00, 
0x00, 0x00, 0x00, 0x00, 0x00, 0x00, 0x00, 0x00, 
0x00, 0x00, 0x00, 0x00, 0x00, 0x00, 0x00, 0x00, 
0x00, 0x00, 0x00, 0x00, 0x00, 0x00, 0x00, 0x00, 
0x00, 0x00, 0x00, 0x00, 0x00, 0x00, 0x00, 0x00, 
0x00, 0x00, 0x00, 0x00, 0x00, 0x00, 0x00, 0x00, 
0x00, 0x00, 0x00, 0x00, 0x00, 0x00, 0x00, 0x00, 
0x00, 0x00, 0x00, 0x00, 0x00, 0x00, 0x00, 0x00, 
0x00, 0x00, 0x00, 0x00, 0x00, 0x00, 0x00, 0x00, 
0x00, 0x00, 0x00, 0x00, 0x00, 0x00, 0x00, 0x00, 
0x00, 0x00, 0x00, 0x00, 0x00, 0x00, 0x00, 0x00, 
0x00, 0x00, 0x00, 0x00, 0x00, 0x00, 0x00, 0x00, 
0x00, 0x00, 0x00, 0x00, 0x00, 0x00, 0x00, 0x00, 
0x00, 0x00, 0x00, 0x00, 0x00, 0x00, 0x00, 0x00, 
0x00, 0x00, 0x00, 0x00, 0x00, 0x00, 0x00, 0x00, 
0x00, 0x00, 0x00, 0x00, 0x00, 0x00, 0x00, 0x00, 
0x00, 0x00, 0x00, 0x00, 0x00, 0x00, 0x00, 0x00, 
0x00, 0x00, 0x00, 0x00, 0x00, 0x00, 0x00, 0x00, 
0x00, 0x00, 0x00, 0x00, 0x00, 0x00, 0x00, 0x00, 
0x00, 0x00, 0x00, 0x00, 0x00, 0x00, 0x00, 0x00, 
0x00, 0x00, 0x00, 0x00, 0x00, 0x00, 0x00, 0x00, 
0x00, 0x00, 0x00, 0x00, 0x00, 0x00, 0x00, 0x00, 
0x00, 0x00, 0x00, 0x00, 0x00, 0x00, 0x00, 0x00, 
0x00, 0x00, 0x00, 0x00, 0x00, 0x00, 0x00, 0x00, 
0x00, 0x00, 0x00, 0x00, 0x00, 0x00, 0x00, 0x00, 
0x00, 0x00, 0x00, 0x00, 0x00, 0x00, 0x00, 0x00, 
0x00, 0x00, 0x00, 0x00, 0x00, 0x00, 0x00, 0x00, 
0x00, 0x00, 0x00, 0x00, 0x00, 0x00, 0x00, 0x00, 
0x00, 0x00, 0x00, 0x00, 0x00, 0x00, 0x00, 0x00, 
0x00, 0x00, 0x00, 0x00, 0x00, 0x00, 0x00, 0x00, 
0x00, 0x00, 0x00, 0x00, 0x00, 0x00, 0x00, 0x00, 
0x00, 0x00, 0x00, 0x00, 0x00, 0x00, 0x00, 0x00, 
0x00, 0x00, 0x00, 0x00, 0x00, 0x00, 0x00, 0x00, 
0x00, 0x00, 0x00, 0x00, 0x00, 0x00, 0x00, 0x00, 
0x00, 0x00, 0x00, 0x00, 0x00, 0x00, 0x00, 0x00, 
0x00, 0x00, 0x00, 0x00, 0x00, 0x00, 0x00, 0x00, 
0x00, 0x00, 0x00, 0x00, 0x00, 0x00, 0x00, 0x00, 
0x00, 0x00, 0x00, 0x00, 0x00, 0x00, 0x00, 0x00, 
0x00, 0x00, 0x00, 0x00, 0x00, 0x00, 0x00, 0x00, 
0x00, 0x00, 0x00, 0x00, 0x00, 0x00, 0x00, 0x00, 
0x00, 0x00, 0x00, 0x00, 0x00, 0x00, 0x00, 0x00, 
0x00, 0x00, 0x00, 0x00, 0x00, 0x00, 0x00, 0x00, 
0x00, 0x00, 0x00, 0x00, 0x00, 0x00, 0x00, 0x00, 
0x00, 0x00, 0x00, 0x00, 0x00, 0x00, 0x00, 0x00, 
0x00, 0x00, 0x00, 0x00, 0x00, 0x00, 0x00, 0x00, 
0x00, 0x00, 0x00, 0x00, 0x00, 0x00, 0x00, 0x00, 
0x00, 0x00, 0x00, 0x00, 0x00, 0x00, 0x00, 0x00, 
0x00, 0x00, 0x00, 0x00, 0x00, 0x00, 0x00, 0x00, 
0x00, 0x00, 0x00, 0x00, 0x00, 0x00, 0x00, 0x00, 
0x00, 0x00, 0x00, 0x00, 0x00, 0x00, 0x00, 0x00, 
0x00, 0x00, 0x00, 0x00, 0x00, 0x00, 0x00, 0x00, 
0x00, 0x00, 0x00, 0x00, 0x00, 0x00, 0x00, 0x00, 
0x00, 0x00, 0x00, 0x00, 0x00, 0x00, 0x00, 0x00, 
0x00, 0x00, 0x00, 0x00, 0x00, 0x00, 0x00, 0x00, 
0x00, 0x00, 0x00, 0x00, 0x00, 0x00, 0x00, 0x00, 
0x00, 0x00, 0x00, 0x00, 0x00, 0x00, 0x00, 0x00, 
0x00, 0x00, 0x00, 0x00, 0x00, 0x00, 0x00, 0x00, 
0x00, 0x00, 0x00, 0x00, 0x00, 0x00, 0x00, 0x00, 
0x00, 0x00, 0x00, 0x00, 0x00, 0x00, 0x00, 0x00, 
0x00, 0x00, 0x00, 0x00, 0x00, 0x00, 0x00, 0x00, 
0x00, 0x00, 0x00, 0x00, 0x00, 0x00, 0x00, 0x00, 
0x00, 0x00, 0x00, 0x00, 0x00, 0x00, 0x00, 0x00, 
0x00, 0x00, 0x00, 0x00, 0x00, 0x00, 0x00, 0x00, 
0x00, 0x00, 0x00, 0x00, 0x00, 0x00, 0x00, 0x00, 
0x00, 0x00, 0x00, 0x00, 0x00, 0x00, 0x00, 0x00, 
0x00, 0x00, 0x00, 0x00, 0x00, 0x00, 0x00, 0x00, 
0x00, 0x00, 0x00, 0x00, 0x00, 0x00, 0x00, 0x00, 
0x00, 0x00, 0x00, 0x00, 0x00, 0x00, 0x00, 0x00, 
0x00, 0x00, 0x00, 0x00, 0x00, 0x00, 0x00, 0x00, 
0x00, 0x00, 0x00, 0x00, 0x00, 0x00, 0x00, 0x00, 
0x00, 0x00, 0x00, 0x00, 0x00, 0x00, 0x00, 0x00, 
0x00, 0x00, 0x00, 0x00, 0x00, 0x00, 0x00, 0x00, 
0x00, 0x00, 0x00, 0x00, 0x00, 0x00, 0x00, 0x00, 
0x00, 0x00, 0x00, 0x00, 0x00, 0x00, 0x00, 0x00, 
0x00, 0x00, 0x00, 0x00, 0x00, 0x00, 0x00, 0x00, 
0x00, 0x00, 0x00, 0x00, 0x00, 0x00, 0x00, 0x00, 
0x00, 0x00, 0x00, 0x00, 0x00, 0x00, 0x00, 0x00, 
0x00, 0x00, 0x00, 0x00, 0x00, 0x00, 0x00, 0x00, 
0x00, 0x00, 0x00, 0x00, 0x00, 0x00, 0x00, 0x00, 
0x00, 0x00, 0x00, 0x00, 0x00, 0x00, 0x00, 0x00, 
0x00, 0x00, 0x00, 0x00, 0x00, 0x00, 0x00, 0x00, 
0x00, 0x00, 0x00, 0x00, 0x00, 0x00, 0x00, 0x00, 
0x00, 0x00, 0x00, 0x00, 0x00, 0x00, 0x00, 0x00, 
0x00, 0x00, 0x00, 0x00, 0x00, 0x00, 0x00, 0x00, 
0x00, 0x00, 0x00, 0x00, 0x00, 0x00, 0x00, 0x00, 
0x00, 0x00, 0x00, 0x00, 0x00, 0x00, 0x00, 0x00, 
0x00, 0x00, 0x00, 0x00, 0x00, 0x00, 0x00, 0x00, 
0x00, 0x00, 0x00, 0x00, 0x00, 0x00, 0x00, 0x00, 
0x00, 0x00, 0x00, 0x00, 0x00, 0x00, 0x00, 0x00, 
0x00, 0x00, 0x00, 0x00, 0x00, 0x00, 0x00, 0x00, 
0x00, 0x00, 0x00, 0x00, 0x00, 0x00, 0x00, 0x00, 
0x00, 0x00, 0x00, 0x00, 0x00, 0x00, 0x00, 0x00, 
0x00, 0x00, 0x00, 0x00, 0x00, 0x00, 0x00, 0x00, 
0x00, 0x00, 0x00, 0x00, 0x00, 0x00, 0x00, 0x00, 
0x00, 0x00, 0x00, 0x00, 0x00, 0x00, 0x00, 0x00, 
0x00, 0x00, 0x00, 0x00, 0x00, 0x00, 0x00, 0x00, 
0x00, 0x00, 0x00, 0x00, 0x00, 0x00, 0x00, 0x00, 
0x00, 0x00, 0x00, 0x00, 0x00, 0x00, 0x00, 0x00, 
0x00, 0x00, 0x00, 0x00, 0x00, 0x00, 0x00, 0x00, 
0x00, 0x00, 0x00, 0x00, 0x00, 0x00, 0x00, 0x00, 
0x00, 0x00, 0x00, 0x00, 0x00, 0x00, 0x00, 0x00, 
0x00, 0x00, 0x00, 0x00, 0x00, 0x00, 0x00, 0x00, 
0x00, 0x00, 0x00, 0x00, 0x00, 0x00, 0x00, 0x00, 
0x00, 0x00, 0x00, 0x00, 0x00, 0x00, 0x00, 0x00, 
0x00, 0x00, 0x00, 0x00, 0x00, 0x00, 0x00, 0x00, 
0x00, 0x00, 0x00, 0x00, 0x00, 0x00, 0x00, 0x00, 
0x00, 0x00, 0x00, 0x00, 0x00, 0x00, 0x00, 0x00, 
0x00, 0x00, 0x00, 0x00, 0x00, 0x00, 0x00, 0x00, 
0x00, 0x00, 0x00, 0x00, 0x00, 0x00, 0x00, 0x00, 
0x00, 0x00, 0x00, 0x00, 0x00, 0x00, 0x00, 0x00, 
0x00, 0x00, 0x00, 0x00, 0x00, 0x00, 0x00, 0x00, 
0x00, 0x00, 0x00, 0x00, 0x00, 0x00, 0x00, 0x00, 
0x00, 0x00, 0x00, 0x00, 0x00, 0x00, 0x00, 0x00, 
0x00, 0x00, 0x00, 0x00, 0x00, 0x00, 0x00, 0x00, 
0x00, 0x00, 0x00, 0x00, 0x00, 0x00, 0x00, 0x00, 
0x00, 0x00, 0x00, 0x00, 0x00, 0x00, 0x00, 0x00, 
0x00, 0x00, 0x00, 0x00, 0x00, 0x00, 0x00, 0x00, 
0x00, 0x00, 0x00, 0x00, 0x00, 0x00, 0x00, 0x00, 
0x00, 0x00, 0x00, 0x00, 0x00, 0x00, 0x00, 0x00, 
0x00, 0x00, 0x00, 0x00, 0x00, 0x00, 0x00, 0x00, 
0x00, 0x00, 0x00, 0x00, 0x00, 0x00, 0x00, 0x00, 
0x00, 0x00, 0x00, 0x00, 0x00, 0x00, 0x00, 0x00, 
0x00, 0x00, 0x00, 0x00, 0x00, 0x00, 0x00, 0x00, 
0x00, 0x00, 0x00, 0x00, 0x00, 0x00, 0x00, 0x00, 
0x00, 0x00, 0x00, 0x00, 0x00, 0x00, 0x00, 0x00, 
0x00, 0x00, 0x00, 0x00, 0x00, 0x00, 0x00, 0x00, 
0x00, 0x00, 0x00, 0x00, 0x00, 0x00, 0x00, 0x00, 
0x00, 0x00, 0x00, 0x00, 0x00, 0x00, 0x00, 0x00, 
0x00, 0x00, 0x00, 0x00, 0x00, 0x00, 0x00, 0x00, 
0x00, 0x00, 0x00, 0x00, 0x00, 0x00, 0x00, 0x00, 
0x00, 0x00, 0x00, 0x00, 0x00, 0x00, 0x00, 0x00, 
0x00, 0x00, 0x00, 0x00, 0x00, 0x00, 0x00, 0x00, 
0x00, 0x00, 0x00, 0x00, 0x00, 0x00, 0x00, 0x00, 
0x00, 0x00, 0x00, 0x00, 0x00, 0x00, 0x00, 0x00, 
0x00, 0x00, 0x00, 0x00, 0x00, 0x00, 0x00, 0x00, 
0x00, 0x00, 0x00, 0x00, 0x00, 0x00, 0x00, 0x00, 
0x00, 0x00, 0x00, 0x00, 0x00, 0x00, 0x00, 0x00, 
0x00, 0x00, 0x00, 0x00, 0x00, 0x00, 0x00, 0x00, 
0x00, 0x00, 0x00, 0x00, 0x00, 0x00, 0x00, 0x00, 
0x00, 0x00, 0x00, 0x00, 0x00, 0x00, 0x00, 0x00, 
0x00, 0x00, 0x00, 0x00, 0x00, 0x00, 0x00, 0x00, 
0x00, 0x00, 0x00, 0x00, 0x00, 0x00, 0x00, 0x00, 
0x00, 0x00, 0x00, 0x00, 0x00, 0x00, 0x00, 0x00, 
0x00, 0x00, 0x00, 0x00, 0x00, 0x00, 0x00, 0x00, 
0x00, 0x00, 0x00, 0x00, 0x00, 0x00, 0x00, 0x00, 
0x00, 0x00, 0x00, 0x00, 0x00, 0x00, 0x00, 0x00, 
0x00, 0x00, 0x00, 0x00, 0x00, 0x00, 0x00, 0x00, 
0x00, 0x00, 0x00, 0x00, 0x00, 0x00, 0x00, 0x00, 
0x00, 0x00, 0x00, 0x00, 0x00, 0x00, 0x00, 0x00, 
0x00, 0x00, 0x00, 0x00, 0x00, 0x00, 0x00, 0x00, 
0x00, 0x00, 0x00, 0x00, 0x00, 0x00, 0x00, 0x00, 
0x00, 0x00, 0x00, 0x00, 0x00, 0x00, 0x00, 0x00, 
0x00, 0x00, 0x00, 0x00, 0x00, 0x00, 0x00, 0x00, 
0x00, 0x00, 0x00, 0x00, 0x00, 0x00, 0x00, 0x00, 
0x00, 0x00, 0x00, 0x00, 0x00, 0x00, 0x00, 0x00, 
0x00, 0x00, 0x00, 0x00, 0x00, 0x00, 0x00, 0x00, 
0x00, 0x00, 0x00, 0x00, 0x00, 0x00, 0x00, 0x00, 
0x00, 0x00, 0x00, 0x00, 0x00, 0x00, 0x00, 0x00, 
0x00, 0x00, 0x00, 0x00, 0x00, 0x00, 0x00, 0x00, 
0x00, 0x00, 0x00, 0x00, 0x00, 0x00, 0x00, 0x00, 
0x00, 0x00, 0x00, 0x00, 0x00, 0x00, 0x00, 0x00, 
0x00, 0x00, 0x00, 0x00, 0x00, 0x00, 0x00, 0x00, 
0x00, 0x00, 0x00, 0x00, 0x00, 0x00, 0x00, 0x00, 
0x00, 0x00, 0x00, 0x00, 0x00, 0x00, 0x00, 0x00, 
0x00, 0x00, 0x00, 0x00, 0x00, 0x00, 0x00, 0x00, 
0x00, 0x00, 0x00, 0x00, 0x00, 0x00, 0x00, 0x00, 
0x00, 0x00, 0x00, 0x00, 0x00, 0x00, 0x00, 0x00, 
0x00, 0x00, 0x00, 0x00, 0x00, 0x00, 0x00, 0x00, 
0x00, 0x00, 0x00, 0x00, 0x00, 0x00, 0x00, 0x00, 
0x00, 0x00, 0x00, 0x00, 0x00, 0x00, 0x00, 0x00, 
0x00, 0x00, 0x00, 0x00, 0x00, 0x00, 0x00, 0x00, 
0x00, 0x00, 0x00, 0x00, 0x00, 0x00, 0x00, 0x00, 
0x00, 0x00, 0x00, 0x00, 0x00, 0x00, 0x00, 0x00, 
0x00, 0x00, 0x00, 0x00, 0x00, 0x00, 0x00, 0x00, 
0x00, 0x00, 0x00, 0x00, 0x00, 0x00, 0x00, 0x00, 
0x00, 0x00, 0x00, 0x00, 0x00, 0x00, 0x00, 0x00, 
0x00, 0x00, 0x00, 0x00, 0x00, 0x00, 0x00, 0x00, 
0x00, 0x00, 0x00, 0x00, 0x00, 0x00, 0x00, 0x00, 
0x00, 0x00, 0x00, 0x00, 0x00, 0x00, 0x00, 0x00, 
0x00, 0x00, 0x00, 0x00, 0x00, 0x00, 0x00, 0x00, 
0x00, 0x00, 0x00, 0x00, 0x00, 0x00, 0x00, 0x00, 
0x00, 0x00, 0x00, 0x00, 0x00, 0x00, 0x00, 0x00, 
0x00, 0x00, 0x00, 0x00, 0x00, 0x00, 0x00, 0x00, 
0x00, 0x00, 0x00, 0x00, 0x00, 0x00, 0x00, 0x00, 
0x00, 0x00, 0x00, 0x00, 0x00, 0x00, 0x00, 0x00, 
0x00, 0x00, 0x00, 0x00, 0x00, 0x00, 0x00, 0x00, 
0x00, 0x00, 0x00, 0x00, 0x00, 0x00, 0x00, 0x00, 
0x00, 0x00, 0x00, 0x00, 0x00, 0x00, 0x00, 0x00, 
0x00, 0x00, 0x00, 0x00, 0x00, 0x00, 0x00, 0x00, 
0x00, 0x00, 0x00, 0x00, 0x00, 0x00, 0x00, 0x00, 
0x00, 0x00, 0x00, 0x00, 0x00, 0x00, 0x00, 0x00, 
0x00, 0x00, 0x00, 0x00, 0x00, 0x00, 0x00, 0x00, 
0x00, 0x00, 0x00, 0x00, 0x00, 0x00, 0x00, 0x00, 
0x00, 0x00, 0x00, 0x00, 0x00, 0x00, 0x00, 0x00, 
0x00, 0x00, 0x00, 0x00, 0x00, 0x00, 0x00, 0x00, 
0x00, 0x00, 0x00, 0x00, 0x00, 0x00, 0x00, 0x00, 
0x00, 0x00, 0x00, 0x00, 0x00, 0x00, 0x00, 0x00, 
0x00, 0x00, 0x00, 0x00, 0x00, 0x00, 0x00, 0x00, 
0x00, 0x00, 0x00, 0x00, 0x00, 0x00, 0x00, 0x00, 
0x00, 0x00, 0x00, 0x00, 0x00, 0x00, 0x00, 0x00, 
0x00, 0x00, 0x00, 0x00, 0x00, 0x00, 0x00, 0x00, 
0x00, 0x00, 0x00, 0x00, 0x00, 0x00, 0x00, 0x00, 
0x00, 0x00, 0x00, 0x00, 0x00, 0x00, 0x00, 0x00, 
0x00, 0x00, 0x00, 0x00, 0x00, 0x00, 0x00, 0x00, 
0x00, 0x00, 0x00, 0x00, 0x00, 0x00, 0x00, 0x00, 
0x00, 0x00, 0x00, 0x00, 0x00, 0x00, 0x00, 0x00, 
0x00, 0x00, 0x00, 0x00, 0x00, 0x00, 0x00, 0x00, 
0x00, 0x00, 0x00, 0x00, 0x00, 0x00, 0x00, 0x00, 
0x00, 0x00, 0x00, 0x00, 0x00, 0x00, 0x00, 0x00, 
0x00, 0x00, 0x00, 0x00, 0x00, 0x00, 0x00, 0x00, 
0x00, 0x00, 0x00, 0x00, 0x00, 0x00, 0x00, 0x00, 
0x00, 0x00, 0x00, 0x00, 0x00, 0x00, 0x00, 0x00, 
0x00, 0x00, 0x00, 0x00, 0x00, 0x00, 0x00, 0x00, 
0x00, 0x00, 0x00, 0x00, 0x00, 0x00, 0x00, 0x00, 
0x00, 0x00, 0x00, 0x00, 0x00, 0x00, 0x00, 0x00, 
0x00, 0x00, 0x00, 0x00, 0x00, 0x00, 0x00, 0x00, 
0x00, 0x00, 0x00, 0x00, 0x00, 0x00, 0x00, 0x00, 
0x00, 0x00, 0x00, 0x00, 0x00, 0x00, 0x00, 0x00, 
0x00, 0x00, 0x00, 0x00, 0x00, 0x00, 0x00, 0x00, 
0x00, 0x00, 0x00, 0x00, 0x00, 0x00, 0x00, 0x00, 
0x00, 0x00, 0x00, 0x00, 0x00, 0x00, 0x00, 0x00, 
0x00, 0x00, 0x00, 0x00, 0x00, 0x00, 0x00, 0x00, 
0x00, 0x00, 0x00, 0x00, 0x00, 0x00, 0x00, 0x00, 
0x00, 0x00, 0x00, 0x00, 0x00, 0x00, 0x00, 0x00, 
0x00, 0x00, 0x00, 0x00, 0x00, 0x00, 0x00, 0x00, 
0x00, 0x00, 0x00, 0x00, 0x00, 0x00, 0x00, 0x00, 
0x00, 0x00, 0x00, 0x00, 0x00, 0x00, 0x00, 0x00, 
0x00, 0x00, 0x00, 0x00, 0x00, 0x00, 0x00, 0x00, 
0x00, 0x00, 0x00, 0x00, 0x00, 0x00, 0x00, 0x00, 
0x00, 0x00, 0x00, 0x00, 0x00, 0x00, 0x00, 0x00, 
0x00, 0x00, 0x00, 0x00, 0x00, 0x00, 0x00, 0x00, 
0x00, 0x00, 0x00, 0x00, 0x00, 0x00, 0x00, 0x00, 
0x00, 0x00, 0x00, 0x00, 0x00, 0x00, 0x00, 0x00, 
0x00, 0x00, 0x00, 0x00, 0x00, 0x00, 0x00, 0x00, 
0x00, 0x00, 0x00, 0x00, 0x00, 0x00, 0x00, 0x00, 
0x00, 0x00, 0x00, 0x00, 0x00, 0x00, 0x00, 0x00, 
0x00, 0x00, 0x00, 0x00, 0x00, 0x00, 0x00, 0x00, 
0x00, 0x00, 0x00, 0x00, 0x00, 0x00, 0x00, 0x00, 
0x00, 0x00, 0x00, 0x00, 0x00, 0x00, 0x00, 0x00, 
0x00, 0x00, 0x00, 0x00, 0x00, 0x00, 0x00, 0x00, 
0x00, 0x00, 0x00, 0x00, 0x00, 0x00, 0x00, 0x00, 
0x00, 0x00, 0x00, 0x00, 0x00, 0x00, 0x00, 0x00, 
0x00, 0x00, 0x00, 0x00, 0x00, 0x00, 0x00, 0x00, 
0x00, 0x00, 0x00, 0x00, 0x00, 0x00, 0x00, 0x00, 
0x00, 0x00, 0x00, 0x00, 0x00, 0x00, 0x00, 0x00, 
0x00, 0x00, 0x00, 0x00, 0x00, 0x00, 0x00, 0x00, 
0x00, 0x00, 0x00, 0x00, 0x00, 0x00, 0x00, 0x00, 
0x00, 0x00, 0x00, 0x00, 0x00, 0x00, 0x00, 0x00, 
0x00, 0x00, 0x00, 0x00, 0x00, 0x00, 0x00, 0x00, 
0x00, 0x00, 0x00, 0x00, 0x00, 0x00, 0x00, 0x00, 
0x00, 0x00, 0x00, 0x00, 0x00, 0x00, 0x00, 0x00, 
0x00, 0x00, 0x00, 0x00, 0x00, 0x00, 0x00, 0x00, 
0x00, 0x00, 0x00, 0x00, 0x00, 0x00, 0x00, 0x00, 
0x00, 0x00, 0x00, 0x00, 0x00, 0x00, 0x00, 0x00, 
0x00, 0x00, 0x00, 0x00, 0x00, 0x00, 0x00, 0x00, 
0x00, 0x00, 0x00, 0x00, 0x00, 0x00, 0x00, 0x00, 
0x00, 0x00, 0x00, 0x00, 0x00, 0x00, 0x00, 0x00, 
0x00, 0x00, 0x00, 0x00, 0x00, 0x00, 0x00, 0x00, 
0x00, 0x00, 0x00, 0x00, 0x00, 0x00, 0x00, 0x00, 
0x00, 0x00, 0x00, 0x00, 0x00, 0x00, 0x00, 0x00, 
0x00, 0x00, 0x00, 0x00, 0x00, 0x00, 0x00, 0x00, 
0x00, 0x00, 0x00, 0x00, 0x00, 0x00, 0x00, 0x00, 
0x00, 0x00, 0x00, 0x00, 0x00, 0x00, 0x00, 0x00, 
0x00, 0x00, 0x00, 0x00, 0x00, 0x00, 0x00, 0x00, 
0x00, 0x00, 0x00, 0x00, 0x00, 0x00, 0x00, 0x00, 
0x00, 0x00, 0x00, 0x00, 0x00, 0x00, 0x00, 0x00, 
0x00, 0x00, 0x00, 0x00, 0x00, 0x00, 0x00, 0x00, 
0x00, 0x00, 0x00, 0x00, 0x00, 0x00, 0x00, 0x00, 
0x00, 0x00, 0x00, 0x00, 0x00, 0x00, 0x00, 0x00, 
0x00, 0x00, 0x00, 0x00, 0x00, 0x00, 0x00, 0x00, 
0x00, 0x00, 0x00, 0x00, 0x00, 0x00, 0x00, 0x00, 
0x00, 0x00, 0x00, 0x00, 0x00, 0x00, 0x00, 0x00, 
0x00, 0x00, 0x00, 0x00, 0x00, 0x00, 0x00, 0x00, 
0x00, 0x00, 0x00, 0x00, 0x00, 0x00, 0x00, 0x00, 
0x00, 0x00, 0x00, 0x00, 0x00, 0x00, 0x00, 0x00, 
0x00, 0x00, 0x00, 0x00, 0x00, 0x00, 0x00, 0x00, 
0x00, 0x00, 0x00, 0x00, 0x00, 0x00, 0x00, 0x00, 
0x00, 0x00, 0x00, 0x00, 0x00, 0x00, 0x00, 0x00, 
0x00, 0x00, 0x00, 0x00, 0x00, 0x00, 0x00, 0x00, 
0x00, 0x00, 0x00, 0x00, 0x00, 0x00, 0x00, 0x00, 
0x00, 0x00, 0x00, 0x00, 0x00, 0x00, 0x00, 0x00, 
0x00, 0x00, 0x00, 0x00, 0x00, 0x00, 0x00, 0x00, 
0x00, 0x00, 0x00, 0x00, 0x00, 0x00, 0x00, 0x00, 
0x00, 0x00, 0x00, 0x00, 0x00, 0x00, 0x00, 0x00, 
0x00, 0x00, 0x00, 0x00, 0x00, 0x00, 0x00, 0x00, 
0x00, 0x00, 0x00, 0x00, 0x00, 0x00, 0x00, 0x00, 
0x00, 0x00, 0x00, 0x00, 0x00, 0x00, 0x00, 0x00, 
0x00, 0x00, 0x00, 0x00, 0x00, 0x00, 0x00, 0x00, 
0x00, 0x00, 0x00, 0x00, 0x00, 0x00, 0x00, 0x00, 
0x00, 0x00, 0x00, 0x00, 0x00, 0x00, 0x00, 0x00, 
0x00, 0x00, 0x00, 0x00, 0x00, 0x00, 0x00, 0x00, 
0x00, 0x00, 0x00, 0x00, 0x00, 0x00, 0x00, 0x00, 
0x00, 0x00, 0x00, 0x00, 0x00, 0x00, 0x00, 0x00, 
0x00, 0x00, 0x00, 0x00, 0x00, 0x00, 0x00, 0x00, 
0x00, 0x00, 0x00, 0x00, 0x00, 0x00, 0x00, 0x00, 
0x00, 0x00, 0x00, 0x00, 0x00, 0x00, 0x00, 0x00, 
0x00, 0x00, 0x00, 0x00, 0x00, 0x00, 0x00, 0x00, 
0x00, 0x00, 0x00, 0x00, 0x00, 0x00, 0x00, 0x00, 
0x00, 0x00, 0x00, 0x00, 0x00, 0x00, 0x00, 0x00, 
0x00, 0x00, 0x00, 0x00, 0x00, 0x00, 0x00, 0x00, 
0x00, 0x00, 0x00, 0x00, 0x00, 0x00, 0x00, 0x00, 
0x00, 0x00, 0x00, 0x00, 0x00, 0x00, 0x00, 0x00, 
0x00, 0x00, 0x00, 0x00, 0x00, 0x00, 0x00, 0x00, 
0x00, 0x00, 0x00, 0x00, 0x00, 0x00, 0x00, 0x00, 
0x00, 0x00, 0x00, 0x00, 0x00, 0x00, 0x00, 0x00, 
0x00, 0x00, 0x00, 0x00, 0x00, 0x00, 0x00, 0x00, 
0x00, 0x00, 0x00, 0x00, 0x00, 0x00, 0x00, 0x00, 
0x00, 0x00, 0x00, 0x00, 0x00, 0x00, 0x00, 0x00, 
0x00, 0x00, 0x00, 0x00, 0x00, 0x00, 0x00, 0x00, 
0x00, 0x00, 0x00, 0x00, 0x00, 0x00, 0x00, 0x00, 
0x00, 0x00, 0x00, 0x00, 0x00, 0x00, 0x00, 0x00, 
0x00, 0x00, 0x00, 0x00, 0x00, 0x00, 0x00, 0x00, 
0x00, 0x00, 0x00, 0x00, 0x00, 0x00, 0x00, 0x00, 
0x00, 0x00, 0x00, 0x00, 0x00, 0x00, 0x00, 0x00, 
0x00, 0x00, 0x00, 0x00, 0x00, 0x00, 0x00, 0x00, 
0x00, 0x00, 0x00, 0x00, 0x00, 0x00, 0x00, 0x00, 
0x00, 0x00, 0x00, 0x00, 0x00, 0x00, 0x00, 0x00, 
0x00, 0x00, 0x00, 0x00, 0x00, 0x00, 0x00, 0x00, 
0x00, 0x00, 0x00, 0x00, 0x00, 0x00, 0x00, 0x00, 
0x00, 0x00, 0x00, 0x00, 0x00, 0x00, 0x00, 0x00, 
0x00, 0x00, 0x00, 0x00, 0x00, 0x00, 0x00, 0x00, 
0x00, 0x00, 0x00, 0x00, 0x00, 0x00, 0x00, 0x00, 
0x00, 0x00, 0x00, 0x00, 0x00, 0x00, 0x00, 0x00, 
0x00, 0x00, 0x00, 0x00, 0x00, 0x00, 0x00, 0x00, 
0x00, 0x00, 0x00, 0x00, 0x00, 0x00, 0x00, 0x00, 
0x00, 0x00, 0x00, 0x00, 0x00, 0x00, 0x00, 0x00, 
0x00, 0x00, 0x00, 0x00, 0x00, 0x00, 0x00, 0x00, 
0x00, 0x00, 0x00, 0x00, 0x00, 0x00, 0x00, 0x00, 
0x00, 0x00, 0x00, 0x00, 0x00, 0x00, 0x00, 0x00, 
0x00, 0x00, 0x00, 0x00, 0x00, 0x00, 0x00, 0x00, 
0x00, 0x00, 0x00, 0x00, 0x00, 0x00, 0x00, 0x00, 
0x00, 0x00, 0x00, 0x00, 0x00, 0x00, 0x00, 0x00, 
0x00, 0x00, 0x00, 0x00, 0x00, 0x00, 0x00, 0x00, 
0x00, 0x00, 0x00, 0x00, 0x00, 0x00, 0x00, 0x00, 
0x00, 0x00, 0x00, 0x00, 0x00, 0x00, 0x00, 0x00, 
0x00, 0x00, 0x00, 0x00, 0x00, 0x00, 0x00, 0x00, 
0x00, 0x00, 0x00, 0x00, 0x00, 0x00, 0x00, 0x00, 
0x00, 0x00, 0x00, 0x00, 0x00, 0x00, 0x00, 0x00, 
0x00, 0x00, 0x00, 0x00, 0x00, 0x00, 0x00, 0x00, 
0x00, 0x00, 0x00, 0x00, 0x00, 0x00, 0x00, 0x00, 
0x00, 0x00, 0x00, 0x00, 0x00, 0x00, 0x00, 0x00, 
0x00, 0x00, 0x00, 0x00, 0x00, 0x00, 0x00, 0x00, 
0x00, 0x00, 0x00, 0x00, 0x00, 0x00, 0x00, 0x00, 
0x00, 0x00, 0x00, 0x00, 0x00, 0x00, 0x00, 0x00, 
0x00, 0x00, 0x00, 0x00, 0x00, 0x00, 0x00, 0x00, 
0x00, 0x00, 0x00, 0x00, 0x00, 0x00, 0x00, 0x00, 
0x00, 0x00, 0x00, 0x00, 0x00, 0x00, 0x00, 0x00, 
0x00, 0x00, 0x00, 0x00, 0x00, 0x00, 0x00, 0x00, 
0x00, 0x00, 0x00, 0x00, 0x00, 0x00, 0x00, 0x00, 
0x00, 0x00, 0x00, 0x00, 0x00, 0x00, 0x00, 0x00, 
0x00, 0x00, 0x00, 0x00, 0x00, 0x00, 0x00, 0x00, 
0x00, 0x00, 0x00, 0x00, 0x00, 0x00, 0x00, 0x00, 
0x00, 0x00, 0x00, 0x00, 0x00, 0x00, 0x00, 0x00, 
0x00, 0x00, 0x00, 0x00, 0x00, 0x00, 0x00, 0x00, 
0x00, 0x00, 0x00, 0x00, 0x00, 0x00, 0x00, 0x00, 
0x00, 0x00, 0x00, 0x00, 0x00, 0x00, 0x00, 0x00, 
0x00, 0x00, 0x00, 0x00, 0x00, 0x00, 0x00, 0x00, 
0x00, 0x00, 0x00, 0x00, 0x00, 0x00, 0x00, 0x00, 
0x00, 0x00, 0x00, 0x00, 0x00, 0x00, 0x00, 0x00, 
0x00, 0x00, 0x00, 0x00, 0x00, 0x00, 0x00, 0x00, 
0x00, 0x00, 0x00, 0x00, 0x00, 0x00, 0x00, 0x00, 
0x00, 0x00, 0x00, 0x00, 0x00, 0x00, 0x00, 0x00, 
0x00, 0x00, 0x00, 0x00, 0x00, 0x00, 0x00, 0x00, 
0x00, 0x00, 0x00, 0x00, 0x00, 0x00, 0x00, 0x00, 
0x00, 0x00, 0x00, 0x00, 0x00, 0x00, 0x00, 0x00, 
0x00, 0x00, 0x00, 0x00, 0x00, 0x00, 0x00, 0x00, 
0x00, 0x00, 0x00, 0x00, 0x00, 0x00, 0x00, 0x00, 
0x00, 0x00, 0x00, 0x00, 0x00, 0x00, 0x00, 0x00, 
0x00, 0x00, 0x00, 0x00, 0x00, 0x00, 0x00, 0x00, 
0x00, 0x00, 0x00, 0x00, 0x00, 0x00, 0x00, 0x00, 
0x00, 0x00, 0x00, 0x00, 0x00, 0x00, 0x00, 0x00, 
0x00, 0x00, 0x00, 0x00, 0x00, 0x00, 0x00, 0x00, 
0x00, 0x00, 0x00, 0x00, 0x00, 0x00, 0x00, 0x00, 
0x00, 0x00, 0x00, 0x00, 0x00, 0x00, 0x00, 0x00, 
0x00, 0x00, 0x00, 0x00, 0x00, 0x00, 0x00, 0x00, 
0x00, 0x00, 0x00, 0x00, 0x00, 0x00, 0x00, 0x00, 
0x00, 0x00, 0x00, 0x00, 0x00, 0x00, 0x00, 0x00, 
0x00, 0x00, 0x00, 0x00, 0x00, 0x00, 0x00, 0x00, 
0x00, 0x00, 0x00, 0x00, 0x00, 0x00, 0x00, 0x00, 
0x00, 0x00, 0x00, 0x00, 0x00, 0x00, 0x00, 0x00, 
0x00, 0x00, 0x00, 0x00, 0x00, 0x00, 0x00, 0x00, 
0x00, 0x00, 0x00, 0x00, 0x00, 0x00, 0x00, 0x00, 
0x00, 0x00, 0x00, 0x00, 0x00, 0x00, 0x00, 0x00, 
0x00, 0x00, 0x00, 0x00, 0x00, 0x00, 0x00, 0x00, 
0x00, 0x00, 0x00, 0x00, 0x00, 0x00, 0x00, 0x00, 
0x00, 0x00, 0x00, 0x00, 0x00, 0x00, 0x00, 0x00, 
0x00, 0x00, 0x00, 0x00, 0x00, 0x00, 0x00, 0x00, 
0x00, 0x00, 0x00, 0x00, 0x00, 0x00, 0x00, 0x00, 
0x00, 0x00, 0x00, 0x00, 0x00, 0x00, 0x00, 0x00, 
0x00, 0x00, 0x00, 0x00, 0x00, 0x00, 0x00, 0x00, 
0x00, 0x00, 0x00, 0x00, 0x00, 0x00, 0x00, 0x00, 
0x00, 0x00, 0x00, 0x00, 0x00, 0x00, 0x00, 0x00, 
0x00, 0x00, 0x00, 0x00, 0x00, 0x00, 0x00, 0x00, 
0x00, 0x00, 0x00, 0x00, 0x00, 0x00, 0x00, 0x00, 
0x00, 0x00, 0x00, 0x00, 0x00, 0x00, 0x00, 0x00, 
0x00, 0x00, 0x00, 0x00, 0x00, 0x00, 0x00, 0x00, 
0x00, 0x00, 0x00, 0x00, 0x00, 0x00, 0x00, 0x00, 
0x00, 0x00, 0x00, 0x00, 0x00, 0x00, 0x00, 0x00, 
0x00, 0x00, 0x00, 0x00, 0x00, 0x00, 0x00, 0x00, 
0x00, 0x00, 0x00, 0x00, 0x00, 0x00, 0x00, 0x00, 
0x00, 0x00, 0x00, 0x00, 0x00, 0x00, 0x00, 0x00, 
0x00, 0x00, 0x00, 0x00, 0x00, 0x00, 0x00, 0x00, 
0x00, 0x00, 0x00, 0x00, 0x00, 0x00, 0x00, 0x00, 
0x00, 0x00, 0x00, 0x00, 0x00, 0x00, 0x00, 0x00, 
0x00, 0x00, 0x00, 0x00, 0x00, 0x00, 0x00, 0x00, 
0x00, 0x00, 0x00, 0x00, 0x00, 0x00, 0x00, 0x00, 
0x00, 0x00, 0x00, 0x00, 0x00, 0x00, 0x00, 0x00, 
0x00, 0x00, 0x00, 0x00, 0x00, 0x00, 0x00, 0x00, 
0x00, 0x00, 0x00, 0x00, 0x00, 0x00, 0x00, 0x00, 
0x00, 0x00, 0x00, 0x00, 0x00, 0x00, 0x00, 0x00, 
0x00, 0x00, 0x00, 0x00, 0x00, 0x00, 0x00, 0x00, 
0x00, 0x00, 0x00, 0x00, 0x00, 0x00, 0x00, 0x00, 
0x00, 0x00, 0x00, 0x00, 0x00, 0x00, 0x00, 0x00, 
0x00, 0x00, 0x00, 0x00, 0x00, 0x00, 0x00, 0x00, 
0x00, 0x00, 0x00, 0x00, 0x00, 0x00, 0x00, 0x00, 
0x00, 0x00, 0x00, 0x00, 0x00, 0x00, 0x00, 0x00, 
0x00, 0x00, 0x00, 0x00, 0x00, 0x00, 0x00, 0x00, 
0x00, 0x00, 0x00, 0x00, 0x00, 0x00, 0x00, 0x00, 
0x00, 0x00, 0x00, 0x00, 0x00, 0x00, 0x00, 0x00, 
0x00, 0x00, 0x00, 0x00, 0x00, 0x00, 0x00, 0x00, 
0x00, 0x00, 0x00, 0x00, 0x00, 0x00, 0x00, 0x00, 
0x00, 0x00, 0x00, 0x00, 0x00, 0x00, 0x00, 0x00, 
0x00, 0x00, 0x00, 0x00, 0x00, 0x00, 0x00, 0x00, 
0x00, 0x00, 0x00, 0x00, 0x00, 0x00, 0x00, 0x00, 
0x00, 0x00, 0x00, 0x00, 0x00, 0x00, 0x00, 0x00, 
0x00, 0x00, 0x00, 0x00, 0x00, 0x00, 0x00, 0x00, 
0x00, 0x00, 0x00, 0x00, 0x00, 0x00, 0x00, 0x00, 
0x00, 0x00, 0x00, 0x00, 0x00, 0x00, 0x00, 0x00, 
0x00, 0x00, 0x00, 0x00, 0x00, 0x00, 0x00, 0x00, 
0x00, 0x00, 0x00, 0x00, 0x00, 0x00, 0x00, 0x00, 
0x00, 0x00, 0x00, 0x00, 0x00, 0x00, 0x00, 0x00, 
0x00, 0x00, 0x00, 0x00, 0x00, 0x00, 0x00, 0x00, 
0x00, 0x00, 0x00, 0x00, 0x00, 0x00, 0x00, 0x00, 
0x00, 0x00, 0x00, 0x00, 0x00, 0x00, 0x00, 0x00, 
0x00, 0x00, 0x00, 0x00, 0x00, 0x00, 0x00, 0x00, 
0x00, 0x00, 0x00, 0x00, 0x00, 0x00, 0x00, 0x00, 
0x00, 0x00, 0x00, 0x00, 0x00, 0x00, 0x00, 0x00, 
0x00, 0x00, 0x00, 0x00, 0x00, 0x00, 0x00, 0x00, 
0x00, 0x00, 0x00, 0x00, 0x00, 0x00, 0x00, 0x00, 
0x00, 0x00, 0x00, 0x00, 0x00, 0x00, 0x00, 0x00, 
0x00, 0x00, 0x00, 0x00, 0x00, 0x00, 0x00, 0x00, 
0x00, 0x00, 0x00, 0x00, 0x00, 0x00, 0x00, 0x00, 
0x00, 0x00, 0x00, 0x00, 0x00, 0x00, 0x00, 0x00, 
0x00, 0x00, 0x00, 0x00, 0x00, 0x00, 0x00, 0x00, 
0x00, 0x00, 0x00, 0x00, 0x00, 0x00, 0x00, 0x00, 
0x00, 0x00, 0x00, 0x00, 0x00, 0x00, 0x00, 0x00, 
0x00, 0x00, 0x00, 0x00, 0x00, 0x00, 0x00, 0x00, 
0x00, 0x00, 0x00, 0x00, 0x00, 0x00, 0x00, 0x00, 
0x00, 0x00, 0x00, 0x00, 0x00, 0x00, 0x00, 0x00, 
0x00, 0x00, 0x00, 0x00, 0x00, 0x00, 0x00, 0x00, 
0x00, 0x00, 0x00, 0x00, 0x00, 0x00, 0x00, 0x00, 
0x00, 0x00, 0x00, 0x00, 0x00, 0x00, 0x00, 0x00, 
0x00, 0x00, 0x00, 0x00, 0x00, 0x00, 0x00, 0x00, 
0x00, 0x00, 0x00, 0x00, 0x00, 0x00, 0x00, 0x00, 
0x00, 0x00, 0x00, 0x00, 0x00, 0x00, 0x00, 0x00, 
0x00, 0x00, 0x00, 0x00, 0x00, 0x00, 0x00, 0x00, 
0x00, 0x00, 0x00, 0x00, 0x00, 0x00, 0x00, 0x00, 
0x00, 0x00, 0x00, 0x00, 0x00, 0x00, 0x00, 0x00, 
0x00, 0x00, 0x00, 0x00, 0x00, 0x00, 0x00, 0x00, 
0x00, 0x00, 0x00, 0x00, 0x00, 0x00, 0x00, 0x00, 
0x00, 0x00, 0x00, 0x00, 0x00, 0x00, 0x00, 0x00, 
0x00, 0x00, 0x00, 0x00, 0x00, 0x00, 0x00, 0x00, 
0x00, 0x00, 0x00, 0x00, 0x00, 0x00, 0x00, 0x00, 
0x00, 0x00, 0x00, 0x00, 0x00, 0x00, 0x00, 0x00, 
0x00, 0x00, 0x00, 0x00, 0x00, 0x00, 0x00, 0x00, 
0x00, 0x00, 0x00, 0x00, 0x00, 0x00, 0x00, 0x00, 
0x00, 0x00, 0x00, 0x00, 0x00, 0x00, 0x00, 0x00, 
0x00, 0x00, 0x00, 0x00, 0x00, 0x00, 0x00, 0x00, 
0x00, 0x00, 0x00, 0x00, 0x00, 0x00, 0x00, 0x00, 
0x00, 0x00, 0x00, 0x00, 0x00, 0x00, 0x00, 0x00, 
0x00, 0x00, 0x00, 0x00, 0x00, 0x00, 0x00, 0x00, 
0x00, 0x00, 0x00, 0x00, 0x00, 0x00, 0x00, 0x00, 
0x00, 0x00, 0x00, 0x00, 0x00, 0x00, 0x00, 0x00, 
0x00, 0x00, 0x00, 0x00, 0x00, 0x00, 0x00, 0x00, 
0x00, 0x00, 0x00, 0x00, 0x00, 0x00, 0x00, 0x00, 
0x00, 0x00, 0x00, 0x00, 0x00, 0x00, 0x00, 0x00, 
0x00, 0x00, 0x00, 0x00, 0x00, 0x00, 0x00, 0x00, 
0x00, 0x00, 0x00, 0x00, 0x00, 0x00, 0x00, 0x00, 
0x00, 0x00, 0x00, 0x00, 0x00, 0x00, 0x00, 0x00, 
0x00, 0x00, 0x00, 0x00, 0x00, 0x00, 0x00, 0x00, 
0x00, 0x00, 0x00, 0x00, 0x00, 0x00, 0x00, 0x00, 
0x00, 0x00, 0x00, 0x00, 0x00, 0x00, 0x00, 0x00, 
0x00, 0x00, 0x00, 0x00, 0x00, 0x00, 0x00, 0x00, 
0x00, 0x00, 0x00, 0x00, 0x00, 0x00, 0x00, 0x00, 
0x00, 0x00, 0x00, 0x00, 0x00, 0x00, 0x00, 0x00, 
0x00, 0x00, 0x00, 0x00, 0x00, 0x00, 0x00, 0x00, 
0x00, 0x00, 0x00, 0x00, 0x00, 0x00, 0x00, 0x00, 
0x00, 0x00, 0x00, 0x00, 0x00, 0x00, 0x00, 0x00, 
0x00, 0x00, 0x00, 0x00, 0x00, 0x00, 0x00, 0x00, 
0x00, 0x00, 0x00, 0x00, 0x00, 0x00, 0x00, 0x00, 
0x00, 0x00, 0x00, 0x00, 0x00, 0x00, 0x00, 0x00, 
0x00, 0x00, 0x00, 0x00, 0x00, 0x00, 0x00, 0x00, 
0x00, 0x00, 0x00, 0x00, 0x00, 0x00, 0x00, 0x00, 
0x00, 0x00, 0x00, 0x00, 0x00, 0x00, 0x00, 0x00, 
0x00, 0x00, 0x00, 0x00, 0x00, 0x00, 0x00, 0x00, 
0x00, 0x00, 0x00, 0x00, 0x00, 0x00, 0x00, 0x00, 
0x00, 0x00, 0x00, 0x00, 0x00, 0x00, 0x00, 0x00, 
0x00, 0x00, 0x00, 0x00, 0x00, 0x00, 0x00, 0x00, 
0x00, 0x00, 0x00, 0x00, 0x00, 0x00, 0x00, 0x00, 
0x00, 0x00, 0x00, 0x00, 0x00, 0x00, 0x00, 0x00, 
0x00, 0x00, 0x00, 0x00, 0x00, 0x00, 0x00, 0x00, 
0x00, 0x00, 0x00, 0x00, 0x00, 0x00, 0x00, 0x00, 
0x00, 0x00, 0x00, 0x00, 0x00, 0x00, 0x00, 0x00, 
0x00, 0x00, 0x00, 0x00, 0x00, 0x00, 0x00, 0x00, 
0x00, 0x00, 0x00, 0x00, 0x00, 0x00, 0x00, 0x00, 
0x00, 0x00, 0x00, 0x00, 0x00, 0x00, 0x00, 0x00, 
0x00, 0x00, 0x00, 0x00, 0x00, 0x00, 0x00, 0x00, 
0x00, 0x00, 0x00, 0x00, 0x00, 0x00, 0x00, 0x00, 
0x00, 0x00, 0x00, 0x00, 0x00, 0x00, 0x00, 0x00, 
0x00, 0x00, 0x00, 0x00, 0x00, 0x00, 0x00, 0x00, 
0x00, 0x00, 0x00, 0x00, 0x00, 0x00, 0x00, 0x00, 
0x00, 0x00, 0x00, 0x00, 0x00, 0x00, 0x00, 0x00, 
0x00, 0x00, 0x00, 0x00, 0x00, 0x00, 0x00, 0x00, 
0x00, 0x00, 0x00, 0x00, 0x00, 0x00, 0x00, 0x00, 
0x00, 0x00, 0x00, 0x00, 0x00, 0x00, 0x00, 0x00, 
0x00, 0x00, 0x00, 0x00, 0x00, 0x00, 0x00, 0x00, 
0x00, 0x00, 0x00, 0x00, 0x00, 0x00, 0x00, 0x00, 
0x00, 0x00, 0x00, 0x00, 0x00, 0x00, 0x00, 0x00, 
0x00, 0x00, 0x00, 0x00, 0x00, 0x00, 0x00, 0x00, 
0x00, 0x00, 0x00, 0x00, 0x00, 0x00, 0x00, 0x00, 
0x00, 0x00, 0x00, 0x00, 0x00, 0x00, 0x00, 0x00, 
0x00, 0x00, 0x00, 0x00, 0x00, 0x00, 0x00, 0x00, 
0x00, 0x00, 0x00, 0x00, 0x00, 0x00, 0x00, 0x00, 
0x00, 0x00, 0x00, 0x00, 0x00, 0x00, 0x00, 0x00, 
0x00, 0x00, 0x00, 0x00, 0x00, 0x00, 0x00, 0x00, 
0x00, 0x00, 0x00, 0x00, 0x00, 0x00, 0x00, 0x00, 
0x00, 0x00, 0x00, 0x00, 0x00, 0x00, 0x00, 0x00, 
0x00, 0x00, 0x00, 0x00, 0x00, 0x00, 0x00, 0x00, 
0x00, 0x00, 0x00, 0x00, 0x00, 0x00, 0x00, 0x00, 
0x00, 0x00, 0x00, 0x00, 0x00, 0x00, 0x00, 0x00, 
0x00, 0x00, 0x00, 0x00, 0x00, 0x00, 0x00, 0x00, 
0x00, 0x00, 0x00, 0x00, 0x00, 0x00, 0x00, 0x00, 
0x00, 0x00, 0x00, 0x00, 0x00, 0x00, 0x00, 0x00, 
0x00, 0x00, 0x00, 0x00, 0x00, 0x00, 0x00, 0x00, 
0x00, 0x00, 0x00, 0x00, 0x00, 0x00, 0x00, 0x00, 
0x00, 0x00, 0x00, 0x00, 0x00, 0x00, 0x00, 0x00, 
0x00, 0x00, 0x00, 0x00, 0x00, 0x00, 0x00, 0x00, 
0x00, 0x00, 0x00, 0x00, 0x00, 0x00, 0x00, 0x00, 
0x00, 0x00, 0x00, 0x00, 0x00, 0x00, 0x00, 0x00, 
0x00, 0x00, 0x00, 0x00, 0x00, 0x00, 0x00, 0x00, 
0x00, 0x00, 0x00, 0x00, 0x00, 0x00, 0x00, 0x00, 
0x00, 0x00, 0x00, 0x00, 0x00, 0x00, 0x00, 0x00, 
0x00, 0x00, 0x00, 0x00, 0x00, 0x00, 0x00, 0x00, 
0x00, 0x00, 0x00, 0x00, 0x00, 0x00, 0x00, 0x00, 
0x00, 0x00, 0x00, 0x00, 0x00, 0x00, 0x00, 0x00, 
0x00, 0x00, 0x00, 0x00, 0x00, 0x00, 0x00, 0x00, 
0x00, 0x00, 0x00, 0x00, 0x00, 0x00, 0x00, 0x00, 
0x00, 0x00, 0x00, 0x00, 0x00, 0x00, 0x00, 0x00, 
0x00, 0x00, 0x00, 0x00, 0x00, 0x00, 0x00, 0x00, 
0x00, 0x00, 0x00, 0x00, 0x00, 0x00, 0x00, 0x00, 
0x00, 0x00, 0x00, 0x00, 0x00, 0x00, 0x00, 0x00, 
0x00, 0x00, 0x00, 0x00, 0x00, 0x00, 0x00, 0x00, 
0x00, 0x00, 0x00, 0x00, 0x00, 0x00, 0x00, 0x00, 
0x00, 0x00, 0x00, 0x00, 0x00, 0x00, 0x00, 0x00, 
0x00, 0x00, 0x00, 0x00, 0x00, 0x00, 0x00, 0x00, 
0x00, 0x00, 0x00, 0x00, 0x00, 0x00, 0x00, 0x00, 
0x00, 0x00, 0x00, 0x00, 0x00, 0x00, 0x00, 0x00, 
0x00, 0x00, 0x00, 0x00, 0x00, 0x00, 0x00, 0x00, 
0x00, 0x00, 0x00, 0x00, 0x00, 0x00, 0x00, 0x00, 
0x00, 0x00, 0x00, 0x00, 0x00, 0x00, 0x00, 0x00, 
0x00, 0x00, 0x00, 0x00, 0x00, 0x00, 0x00, 0x00, 
0x00, 0x00, 0x00, 0x00, 0x00, 0x00, 0x00, 0x00, 
0x00, 0x00, 0x00, 0x00, 0x00, 0x00, 0x00, 0x00, 
0x00, 0x00, 0x00, 0x00, 0x00, 0x00, 0x00, 0x00, 
0x00, 0x00, 0x00, 0x00, 0x00, 0x00, 0x00, 0x00, 
0x00, 0x00, 0x00, 0x00, 0x00, 0x00, 0x00, 0x00, 
0x00, 0x00, 0x00, 0x00, 0x00, 0x00, 0x00, 0x00, 
0x00, 0x00, 0x00, 0x00, 0x00, 0x00, 0x00, 0x00, 
0x00, 0x00, 0x00, 0x00, 0x00, 0x00, 0x00, 0x00, 
0x00, 0x00, 0x00, 0x00, 0x00, 0x00, 0x00, 0x00, 
0x00, 0x00, 0x00, 0x00, 0x00, 0x00, 0x00, 0x00, 
0x00, 0x00, 0x00, 0x00, 0x00, 0x00, 0x00, 0x00, 
0x00, 0x00, 0x00, 0x00, 0x00, 0x00, 0x00, 0x00, 
0x00, 0x00, 0x00, 0x00, 0x00, 0x00, 0x00, 0x00, 
0x00, 0x00, 0x00, 0x00, 0x00, 0x00, 0x00, 0x00, 
0x00, 0x00, 0x00, 0x00, 0x00, 0x00, 0x00, 0x00, 
0x00, 0x00, 0x00, 0x00, 0x00, 0x00, 0x00, 0x00, 
0x00, 0x00, 0x00, 0x00, 0x00, 0x00, 0x00, 0x00, 
0x00, 0x00, 0x00, 0x00, 0x00, 0x00, 0x00, 0x00, 
0x00, 0x00, 0x00, 0x00, 0x00, 0x00, 0x00, 0x00, 
0x00, 0x00, 0x00, 0x00, 0x00, 0x00, 0x00, 0x00, 
0x00, 0x00, 0x00, 0x00, 0x00, 0x00, 0x00, 0x00, 
0x00, 0x00, 0x00, 0x00, 0x00, 0x00, 0x00, 0x00, 
0x00, 0x00, 0x00, 0x00, 0x00, 0x00, 0x00, 0x00, 
0x00, 0x00, 0x00, 0x00, 0x00, 0x00, 0x00, 0x00, 
0x00, 0x00, 0x00, 0x00, 0x00, 0x00, 0x00, 0x00, 
0x00, 0x00, 0x00, 0x00, 0x00, 0x00, 0x00, 0x00, 
0x00, 0x00, 0x00, 0x00, 0x00, 0x00, 0x00, 0x00, 
0x00, 0x00, 0x00, 0x00, 0x00, 0x00, 0x00, 0x00, 
0x00, 0x00, 0x00, 0x00, 0x00, 0x00, 0x00, 0x00, 
0x00, 0x00, 0x00, 0x00, 0x00, 0x00, 0x00, 0x00, 
0x00, 0x00, 0x00, 0x00, 0x00, 0x00, 0x00, 0x00, 
0x00, 0x00, 0x00, 0x00, 0x00, 0x00, 0x00, 0x00, 
0x00, 0x00, 0x00, 0x00, 0x00, 0x00, 0x00, 0x00, 
0x00, 0x00, 0x00, 0x00, 0x00, 0x00, 0x00, 0x00, 
0x00, 0x00, 0x00, 0x00, 0x00, 0x00, 0x00, 0x00, 
0x00, 0x00, 0x00, 0x00, 0x00, 0x00, 0x00, 0x00, 
0x00, 0x00, 0x00, 0x00, 0x00, 0x00, 0x00, 0x00, 
0x00, 0x00, 0x00, 0x00, 0x00, 0x00, 0x00, 0x00, 
0x00, 0x00, 0x00, 0x00, 0x00, 0x00, 0x00, 0x00, 
0x00, 0x00, 0x00, 0x00, 0x00, 0x00, 0x00, 0x00, 
0x00, 0x00, 0x00, 0x00, 0x00, 0x00, 0x00, 0x00, 
0x00, 0x00, 0x00, 0x00, 0x00, 0x00, 0x00, 0x00, 
0x00, 0x00, 0x00, 0x00, 0x00, 0x00, 0x00, 0x00, 
0x00, 0x00, 0x00, 0x00, 0x00, 0x00, 0x00, 0x00, 
0x00, 0x00, 0x00, 0x00, 0x00, 0x00, 0x00, 0x00, 
0x00, 0x00, 0x00, 0x00, 0x00, 0x00, 0x00, 0x00, 
0x00, 0x00, 0x00, 0x00, 0x00, 0x00, 0x00, 0x00, 
0x00, 0x00, 0x00, 0x00, 0x00, 0x00, 0x00, 0x00, 
0x00, 0x00, 0x00, 0x00, 0x00, 0x00, 0x00, 0x00, 
0x00, 0x00, 0x00, 0x00, 0x00, 0x00, 0x00, 0x00, 
0x00, 0x00, 0x00, 0x00, 0x00, 0x00, 0x00, 0x00, 
0x00, 0x00, 0x00, 0x00, 0x00, 0x00, 0x00, 0x00, 
0x00, 0x00, 0x00, 0x00, 0x00, 0x00, 0x00, 0x00, 
0x00, 0x00, 0x00, 0x00, 0x00, 0x00, 0x00, 0x00, 
0x00, 0x00, 0x00, 0x00, 0x00, 0x00, 0x00, 0x00, 
0x00, 0x00, 0x00, 0x00, 0x00, 0x00, 0x00, 0x00, 
0x00, 0x00, 0x00, 0x00, 0x00, 0x00, 0x00, 0x00, 
0x00, 0x00, 0x00, 0x00, 0x00, 0x00, 0x00, 0x00, 
0x00, 0x00, 0x00, 0x00, 0x00, 0x00, 0x00, 0x00, 
0x00, 0x00, 0x00, 0x00, 0x00, 0x00, 0x00, 0x00, 
0x00, 0x00, 0x00, 0x00, 0x00, 0x00, 0x00, 0x00, 
0x00, 0x00, 0x00, 0x00, 0x00, 0x00, 0x00, 0x00, 
0x00, 0x00, 0x00, 0x00, 0x00, 0x00, 0x00, 0x00, 
0x00, 0x00, 0x00, 0x00, 0x00, 0x00, 0x00, 0x00, 
0x00, 0x00, 0x00, 0x00, 0x00, 0x00, 0x00, 0x00, 
0x00, 0x00, 0x00, 0x00, 0x00, 0x00, 0x00, 0x00, 
0x00, 0x00, 0x00, 0x00, 0x00, 0x00, 0x00, 0x00, 
0x00, 0x00, 0x00, 0x00, 0x00, 0x00, 0x00, 0x00, 
0x00, 0x00, 0x00, 0x00, 0x00, 0x00, 0x00, 0x00, 
0x00, 0x00, 0x00, 0x00, 0x00, 0x00, 0x00, 0x00, 
0x00, 0x00, 0x00, 0x00, 0x00, 0x00, 0x00, 0x00, 
0x00, 0x00, 0x00, 0x00, 0x00, 0x00, 0x00, 0x00, 
0x00, 0x00, 0x00, 0x00, 0x00, 0x00, 0x00, 0x00, 
0x00, 0x00, 0x00, 0x00, 0x00, 0x00, 0x00, 0x00, 
0x00, 0x00, 0x00, 0x00, 0x00, 0x00, 0x00, 0x00, 
0x00, 0x00, 0x00, 0x00, 0x00, 0x00, 0x00, 0x00, 
0x00, 0x00, 0x00, 0x00, 0x00, 0x00, 0x00, 0x00, 
0x00, 0x00, 0x00, 0x00, 0x00, 0x00, 0x00, 0x00, 
0x00, 0x00, 0x00, 0x00, 0x00, 0x00, 0x00, 0x00, 
0x00, 0x00, 0x00, 0x00, 0x00, 0x00, 0x00, 0x00, 
0x00, 0x00, 0x00, 0x00, 0x00, 0x00, 0x00, 0x00, 
0x00, 0x00, 0x00, 0x00, 0x00, 0x00, 0x00, 0x00, 
0x00, 0x00, 0x00, 0x00, 0x00, 0x00, 0x00, 0x00, 
0x00, 0x00, 0x00, 0x00, 0x00, 0x00, 0x00, 0x00, 
0x00, 0x00, 0x00, 0x00, 0x00, 0x00, 0x00, 0x00, 
0x00, 0x00, 0x00, 0x00, 0x00, 0x00, 0x00, 0x00, 
0x00, 0x00, 0x00, 0x00, 0x00, 0x00, 0x00, 0x00, 
0x00, 0x00, 0x00, 0x00, 0x00, 0x00, 0x00, 0x00, 
0x00, 0x00, 0x00, 0x00, 0x00, 0x00, 0x00, 0x00, 
0x00, 0x00, 0x00, 0x00, 0x00, 0x00, 0x00, 0x00, 
0x00, 0x00, 0x00, 0x00, 0x00, 0x00, 0x00, 0x00, 
0x00, 0x00, 0x00, 0x00, 0x00, 0x00, 0x00, 0x00, 
0x00, 0x00, 0x00, 0x00, 0x00, 0x00, 0x00, 0x00, 
0x00, 0x00, 0x00, 0x00, 0x00, 0x00, 0x00, 0x00, 
0x00, 0x00, 0x00, 0x00, 0x00, 0x00, 0x00, 0x00, 
0x00, 0x00, 0x00, 0x00, 0x00, 0x00, 0x00, 0x00, 
0x00, 0x00, 0x00, 0x00, 0x00, 0x00, 0x00, 0x00, 
0x00, 0x00, 0x00, 0x00, 0x00, 0x00, 0x00, 0x00, 
0x00, 0x00, 0x00, 0x00, 0x00, 0x00, 0x00, 0x00, 
0x00, 0x00, 0x00, 0x00, 0x00, 0x00, 0x00, 0x00, 
0x00, 0x00, 0x00, 0x00, 0x00, 0x00, 0x00, 0x00, 
0x00, 0x00, 0x00, 0x00, 0x00, 0x00, 0x00, 0x00, 
0x00, 0x00, 0x00, 0x00, 0x00, 0x00, 0x00, 0x00, 
0x00, 0x00, 0x00, 0x00, 0x00, 0x00, 0x00, 0x00, 
0x00, 0x00, 0x00, 0x00, 0x00, 0x00, 0x00, 0x00, 
0x00, 0x00, 0x00, 0x00, 0x00, 0x00, 0x00, 0x00, 
0x00, 0x00, 0x00, 0x00, 0x00, 0x00, 0x00, 0x00, 
0x00, 0x00, 0x00, 0x00, 0x00, 0x00, 0x00, 0x00, 
0x00, 0x00, 0x00, 0x00, 0x00, 0x00, 0x00, 0x00, 
0x00, 0x00, 0x00, 0x00, 0x00, 0x00, 0x00, 0x00, 
0x00, 0x00, 0x00, 0x00, 0x00, 0x00, 0x00, 0x00, 
0x00, 0x00, 0x00, 0x00, 0x00, 0x00, 0x00, 0x00, 
0x00, 0x00, 0x00, 0x00, 0x00, 0x00, 0x00, 0x00, 
0x00, 0x00, 0x00, 0x00, 0x00, 0x00, 0x00, 0x00, 
0x00, 0x00, 0x00, 0x00, 0x00, 0x00, 0x00, 0x00, 
0x00, 0x00, 0x00, 0x00, 0x00, 0x00, 0x00, 0x00, 
0x00, 0x00, 0x00, 0x00, 0x00, 0x00, 0x00, 0x00, 
0x00, 0x00, 0x00, 0x00, 0x00, 0x00, 0x00, 0x00, 
0x00, 0x00, 0x00, 0x00, 0x00, 0x00, 0x00, 0x00, 
0x00, 0x00, 0x00, 0x00, 0x00, 0x00, 0x00, 0x00, 
0x00, 0x00, 0x00, 0x00, 0x00, 0x00, 0x00, 0x00, 
0x00, 0x00, 0x00, 0x00, 0x00, 0x00, 0x00, 0x00, 
0x00, 0x00, 0x00, 0x00, 0x00, 0x00, 0x00, 0x00, 
0x00, 0x00, 0x00, 0x00, 0x00, 0x00, 0x00, 0x00, 
0x00, 0x00, 0x00, 0x00, 0x00, 0x00, 0x00, 0x00, 
0x00, 0x00, 0x00, 0x00, 0x00, 0x00, 0x00, 0x00, 
0x00, 0x00, 0x00, 0x00, 0x00, 0x00, 0x00, 0x00, 
0x00, 0x00, 0x00, 0x00, 0x00, 0x00, 0x00, 0x00, 
0x00, 0x00, 0x00, 0x00, 0x00, 0x00, 0x00, 0x00, 
0x00, 0x00, 0x00, 0x00, 0x00, 0x00, 0x00, 0x00, 
0x00, 0x00, 0x00, 0x00, 0x00, 0x00, 0x00, 0x00, 
0x00, 0x00, 0x00, 0x00, 0x00, 0x00, 0x00, 0x00, 
0x00, 0x00, 0x00, 0x00, 0x00, 0x00, 0x00, 0x00, 
0x00, 0x00, 0x00, 0x00, 0x00, 0x00, 0x00, 0x00, 
0x00, 0x00, 0x00, 0x00, 0x00, 0x00, 0x00, 0x00, 
0x00, 0x00, 0x00, 0x00, 0x00, 0x00, 0x00, 0x00, 
0x00, 0x00, 0x00, 0x00, 0x00, 0x00, 0x00, 0x00, 
0x00, 0x00, 0x00, 0x00, 0x00, 0x00, 0x00, 0x00, 
0x00, 0x00, 0x00, 0x00, 0x00, 0x00, 0x00, 0x00, 
0x00, 0x00, 0x00, 0x00, 0x00, 0x00, 0x00, 0x00, 
0x00, 0x00, 0x00, 0x00, 0x00, 0x00, 0x00, 0x00, 
0x00, 0x00, 0x00, 0x00, 0x00, 0x00, 0x00, 0x00, 
0x00, 0x00, 0x00, 0x00, 0x00, 0x00, 0x00, 0x00, 
0x00, 0x00, 0x00, 0x00, 0x00, 0x00, 0x00, 0x00, 
0x00, 0x00, 0x00, 0x00, 0x00, 0x00, 0x00, 0x00, 
0x00, 0x00, 0x00, 0x00, 0x00, 0x00, 0x00, 0x00, 
0x00, 0x00, 0x00, 0x00, 0x00, 0x00, 0x00, 0x00, 
0x00, 0x00, 0x00, 0x00, 0x00, 0x00, 0x00, 0x00, 
0x00, 0x00, 0x00, 0x00, 0x00, 0x00, 0x00, 0x00, 
0x00, 0x00, 0x00, 0x00, 0x00, 0x00, 0x00, 0x00, 
0x00, 0x00, 0x00, 0x00, 0x00, 0x00, 0x00, 0x00, 
0x00, 0x00, 0x00, 0x00, 0x00, 0x00, 0x00, 0x00, 
0x00, 0x00, 0x00, 0x00, 0x00, 0x00, 0x00, 0x00, 
0x00, 0x00, 0x00, 0x00, 0x00, 0x00, 0x00, 0x00, 
0x00, 0x00, 0x00, 0x00, 0x00, 0x00, 0x00, 0x00, 
0x00, 0x00, 0x00, 0x00, 0x00, 0x00, 0x00, 0x00, 
0x00, 0x00, 0x00, 0x00, 0x00, 0x00, 0x00, 0x00, 
0x00, 0x00, 0x00, 0x00, 0x00, 0x00, 0x00, 0x00, 
0x00, 0x00, 0x00, 0x00, 0x00, 0x00, 0x00, 0x00, 
0x00, 0x00, 0x00, 0x00, 0x00, 0x00, 0x00, 0x00, 
0x00, 0x00, 0x00, 0x00, 0x00, 0x00, 0x00, 0x00, 
0x00, 0x00, 0x00, 0x00, 0x00, 0x00, 0x00, 0x00, 
0x00, 0x00, 0x00, 0x00, 0x00, 0x00, 0x00, 0x00, 
0x00, 0x00, 0x00, 0x00, 0x00, 0x00, 0x00, 0x00, 
0x00, 0x00, 0x00, 0x00, 0x00, 0x00, 0x00, 0x00, 
0x00, 0x00, 0x00, 0x00, 0x00, 0x00, 0x00, 0x00, 
0x00, 0x00, 0x00, 0x00, 0x00, 0x00, 0x00, 0x00, 
0x00, 0x00, 0x00, 0x00, 0x00, 0x00, 0x00, 0x00, 
0x00, 0x00, 0x00, 0x00, 0x00, 0x00, 0x00, 0x00, 
0x00, 0x00, 0x00, 0x00, 0x00, 0x00, 0x00, 0x00, 
0x00, 0x00, 0x00, 0x00, 0x00, 0x00, 0x00, 0x00, 
0x00, 0x00, 0x00, 0x00, 0x00, 0x00, 0x00, 0x00, 
0x00, 0x00, 0x00, 0x00, 0x00, 0x00, 0x00, 0x00, 
0x00, 0x00, 0x00, 0x00, 0x00, 0x00, 0x00, 0x00, 
0x00, 0x00, 0x00, 0x00, 0x00, 0x00, 0x00, 0x00, 
0x00, 0x00, 0x00, 0x00, 0x00, 0x00, 0x00, 0x00, 
0x00, 0x00, 0x00, 0x00, 0x00, 0x00, 0x00, 0x00, 
0x00, 0x00, 0x00, 0x00, 0x00, 0x00, 0x00, 0x00, 
0x00, 0x00, 0x00, 0x00, 0x00, 0x00, 0x00, 0x00, 
0x00, 0x00, 0x00, 0x00, 0x00, 0x00, 0x00, 0x00, 
0x00, 0x00, 0x00, 0x00, 0x00, 0x00, 0x00, 0x00, 
0x00, 0x00, 0x00, 0x00, 0x00, 0x00, 0x00, 0x00, 
0x00, 0x00, 0x00, 0x00, 0x00, 0x00, 0x00, 0x00, 
0x00, 0x00, 0x00, 0x00, 0x00, 0x00, 0x00, 0x00, 
0x00, 0x00, 0x00, 0x00, 0x00, 0x00, 0x00, 0x00, 
0x00, 0x00, 0x00, 0x00, 0x00, 0x00, 0x00, 0x00, 
0x00, 0x00, 0x00, 0x00, 0x00, 0x00, 0x00, 0x00, 
0x00, 0x00, 0x00, 0x00, 0x00, 0x00, 0x00, 0x00, 
0x00, 0x00, 0x00, 0x00, 0x00, 0x00, 0x00, 0x00, 
0x00, 0x00, 0x00, 0x00, 0x00, 0x00, 0x00, 0x00, 
0x00, 0x00, 0x00, 0x00, 0x00, 0x00, 0x00, 0x00, 
0x00, 0x00, 0x00, 0x00, 0x00, 0x00, 0x00, 0x00, 
0x00, 0x00, 0x00, 0x00, 0x00, 0x00, 0x00, 0x00, 
0x00, 0x00, 0x00, 0x00, 0x00, 0x00, 0x00, 0x00, 
0x00, 0x00, 0x00, 0x00, 0x00, 0x00, 0x00, 0x00, 
0x00, 0x00, 0x00, 0x00, 0x00, 0x00, 0x00, 0x00, 
0x00, 0x00, 0x00, 0x00, 0x00, 0x00, 0x00, 0x00, 
0x00, 0x00, 0x00, 0x00, 0x00, 0x00, 0x00, 0x00, 
0x00, 0x00, 0x00, 0x00, 0x00, 0x00, 0x00, 0x00, 
0x00, 0x00, 0x00, 0x00, 0x00, 0x00, 0x00, 0x00, 
0x00, 0x00, 0x00, 0x00, 0x00, 0x00, 0x00, 0x00, 
0x00, 0x00, 0x00, 0x00, 0x00, 0x00, 0x00, 0x00, 
0x00, 0x00, 0x00, 0x00, 0x00, 0x00, 0x00, 0x00, 
0x00, 0x00, 0x00, 0x00, 0x00, 0x00, 0x00, 0x00, 
0x00, 0x00, 0x00, 0x00, 0x00, 0x00, 0x00, 0x00, 
0x00, 0x00, 0x00, 0x00, 0x00, 0x00, 0x00, 0x00, 
0x00, 0x00, 0x00, 0x00, 0x00, 0x00, 0x00, 0x00, 
0x00, 0x00, 0x00, 0x00, 0x00, 0x00, 0x00, 0x00, 
0x00, 0x00, 0x00, 0x00, 0x00, 0x00, 0x00, 0x00, 
0x00, 0x00, 0x00, 0x00, 0x00, 0x00, 0x00, 0x00, 
0x00, 0x00, 0x00, 0x00, 0x00, 0x00, 0x00, 0x00, 
0x00, 0x00, 0x00, 0x00, 0x00, 0x00, 0x00, 0x00, 
0x00, 0x00, 0x00, 0x00, 0x00, 0x00, 0x00, 0x00, 
0x00, 0x00, 0x00, 0x00, 0x00, 0x00, 0x00, 0x00, 
0x00, 0x00, 0x00, 0x00, 0x00, 0x00, 0x00, 0x00, 
0x00, 0x00, 0x00, 0x00, 0x00, 0x00, 0x00, 0x00, 
0x00, 0x00, 0x00, 0x00, 0x00, 0x00, 0x00, 0x00, 
0x00, 0x00, 0x00, 0x00, 0x00, 0x00, 0x00, 0x00, 
0x00, 0x00, 0x00, 0x00, 0x00, 0x00, 0x00, 0x00, 
0x00, 0x00, 0x00, 0x00, 0x00, 0x00, 0x00, 0x00, 
0x00, 0x00, 0x00, 0x00, 0x00, 0x00, 0x00, 0x00, 
0x00, 0x00, 0x00, 0x00, 0x00, 0x00, 0x00, 0x00, 
0x00, 0x00, 0x00, 0x00, 0x00, 0x00, 0x00, 0x00, 
0x00, 0x00, 0x00, 0x00, 0x00, 0x00, 0x00, 0x00, 
0x00, 0x00, 0x00, 0x00, 0x00, 0x00, 0x00, 0x00, 
0x00, 0x00, 0x00, 0x00, 0x00, 0x00, 0x00, 0x00, 
0x00, 0x00, 0x00, 0x00, 0x00, 0x00, 0x00, 0x00, 
0x00, 0x00, 0x00, 0x00, 0x00, 0x00, 0x00, 0x00, 
0x00, 0x00, 0x00, 0x00, 0x00, 0x00, 0x00, 0x00, 
0x00, 0x00, 0x00, 0x00, 0x00, 0x00, 0x00, 0x00, 
0x00, 0x00, 0x00, 0x00, 0x00, 0x00, 0x00, 0x00, 
0x00, 0x00, 0x00, 0x00, 0x00, 0x00, 0x00, 0x00, 
0x00, 0x00, 0x00, 0x00, 0x00, 0x00, 0x00, 0x00, 
0x00, 0x00, 0x00, 0x00, 0x00, 0x00, 0x00, 0x00, 
0x00, 0x00, 0x00, 0x00, 0x00, 0x00, 0x00, 0x00, 
0x00, 0x00, 0x00, 0x00, 0x00, 0x00, 0x00, 0x00, 
0x00, 0x00, 0x00, 0x00, 0x00, 0x00, 0x00, 0x00, 
0x00, 0x00, 0x00, 0x00, 0x00, 0x00, 0x00, 0x00, 
0x00, 0x00, 0x00, 0x00, 0x00, 0x00, 0x00, 0x00, 
0x00, 0x00, 0x00, 0x00, 0x00, 0x00, 0x00, 0x00, 
0x00, 0x00, 0x00, 0x00, 0x00, 0x00, 0x00, 0x00, 
0x00, 0x00, 0x00, 0x00, 0x00, 0x00, 0x00, 0x00, 
0x00, 0x00, 0x00, 0x00, 0x00, 0x00, 0x00, 0x00, 
0x00, 0x00, 0x00, 0x00, 0x00, 0x00, 0x00, 0x00, 
0x00, 0x00, 0x00, 0x00, 0x00, 0x00, 0x00, 0x00, 
0x00, 0x00, 0x00, 0x00, 0x00, 0x00, 0x00, 0x00, 
0x00, 0x00, 0x00, 0x00, 0x00, 0x00, 0x00, 0x00, 
0x00, 0x00, 0x00, 0x00, 0x00, 0x00, 0x00, 0x00, 
0x00, 0x00, 0x00, 0x00, 0x00, 0x00, 0x00, 0x00, 
0x00, 0x00, 0x00, 0x00, 0x00, 0x00, 0x00, 0x00, 
0x00, 0x00, 0x00, 0x00, 0x00, 0x00, 0x00, 0x00, 
0x00, 0x00, 0x00, 0x00, 0x00, 0x00, 0x00, 0x00, 
0x00, 0x00, 0x00, 0x00, 0x00, 0x00, 0x00, 0x00, 
0x00, 0x00, 0x00, 0x00, 0x00, 0x00, 0x00, 0x00, 
0x00, 0x00, 0x00, 0x00, 0x00, 0x00, 0x00, 0x00, 
0x00, 0x00, 0x00, 0x00, 0x00, 0x00, 0x00, 0x00, 
0x00, 0x00, 0x00, 0x00, 0x00, 0x00, 0x00, 0x00, 
0x00, 0x00, 0x00, 0x00, 0x00, 0x00, 0x00, 0x00, 
0x00, 0x00, 0x00, 0x00, 0x00, 0x00, 0x00, 0x00, 
0x00, 0x00, 0x00, 0x00, 0x00, 0x00, 0x00, 0x00, 
0x00, 0x00, 0x00, 0x00, 0x00, 0x00, 0x00, 0x00, 
0x00, 0x00, 0x00, 0x00, 0x00, 0x00, 0x00, 0x00, 
0x00, 0x00, 0x00, 0x00, 0x00, 0x00, 0x00, 0x00, 
0x00, 0x00, 0x00, 0x00, 0x00, 0x00, 0x00, 0x00, 
0x00, 0x00, 0x00, 0x00, 0x00, 0x00, 0x00, 0x00, 
0x00, 0x00, 0x00, 0x00, 0x00, 0x00, 0x00, 0x00, 
0x00, 0x00, 0x00, 0x00, 0x00, 0x00, 0x00, 0x00, 
0x00, 0x00, 0x00, 0x00, 0x00, 0x00, 0x00, 0x00, 
0x00, 0x00, 0x00, 0x00, 0x00, 0x00, 0x00, 0x00, 
0x00, 0x00, 0x00, 0x00, 0x00, 0x00, 0x00, 0x00, 
0x00, 0x00, 0x00, 0x00, 0x00, 0x00, 0x00, 0x00, 
0x00, 0x00, 0x00, 0x00, 0x00, 0x00, 0x00, 0x00, 
0x00, 0x00, 0x00, 0x00, 0x00, 0x00, 0x00, 0x00, 
0x00, 0x00, 0x00, 0x00, 0x00, 0x00, 0x00, 0x00, 
0x00, 0x00, 0x00, 0x00, 0x00, 0x00, 0x00, 0x00, 
0x00, 0x00, 0x00, 0x00, 0x00, 0x00, 0x00, 0x00, 
0x00, 0x00, 0x00, 0x00, 0x00, 0x00, 0x00, 0x00, 
0x00, 0x00, 0x00, 0x00, 0x00, 0x00, 0x00, 0x00, 
0x00, 0x00, 0x00, 0x00, 0x00, 0x00, 0x00, 0x00, 
0x00, 0x00, 0x00, 0x00, 0x00, 0x00, 0x00, 0x00, 
0x00, 0x00, 0x00, 0x00, 0x00, 0x00, 0x00, 0x00, 
0x00, 0x00, 0x00, 0x00, 0x00, 0x00, 0x00, 0x00, 
0x00, 0x00, 0x00, 0x00, 0x00, 0x00, 0x00, 0x00, 
0x00, 0x00, 0x00, 0x00, 0x00, 0x00, 0x00, 0x00, 
0x00, 0x00, 0x00, 0x00, 0x00, 0x00, 0x00, 0x00, 
0x00, 0x00, 0x00, 0x00, 0x00, 0x00, 0x00, 0x00, 
0x00, 0x00, 0x00, 0x00, 0x00, 0x00, 0x00, 0x00, 
0x00, 0x00, 0x00, 0x00, 0x00, 0x00, 0x00, 0x00, 
0x00, 0x00, 0x00, 0x00, 0x00, 0x00, 0x00, 0x00, 
0x00, 0x00, 0x00, 0x00, 0x00, 0x00, 0x00, 0x00, 
0x00, 0x00, 0x00, 0x00, 0x00, 0x00, 0x00, 0x00, 
0x00, 0x00, 0x00, 0x00, 0x00, 0x00, 0x00, 0x00, 
0x00, 0x00, 0x00, 0x00, 0x00, 0x00, 0x00, 0x00, 
0x00, 0x00, 0x00, 0x00, 0x00, 0x00, 0x00, 0x00, 
0x00, 0x00, 0x00, 0x00, 0x00, 0x00, 0x00, 0x00, 
0x00, 0x00, 0x00, 0x00, 0x00, 0x00, 0x00, 0x00, 
0x00, 0x00, 0x00, 0x00, 0x00, 0x00, 0x00, 0x00, 
0x00, 0x00, 0x00, 0x00, 0x00, 0x00, 0x00, 0x00, 
0x00, 0x00, 0x00, 0x00, 0x00, 0x00, 0x00, 0x00, 
0x00, 0x00, 0x00, 0x00, 0x00, 0x00, 0x00, 0x00, 
0x00, 0x00, 0x00, 0x00, 0x00, 0x00, 0x00, 0x00, 
0x00, 0x00, 0x00, 0x00, 0x00, 0x00, 0x00, 0x00, 
0x00, 0x00, 0x00, 0x00, 0x00, 0x00, 0x00, 0x00, 
0x00, 0x00, 0x00, 0x00, 0x00, 0x00, 0x00, 0x00, 
0x00, 0x00, 0x00, 0x00, 0x00, 0x00, 0x00, 0x00, 
0x00, 0x00, 0x00, 0x00, 0x00, 0x00, 0x00, 0x00, 
0x00, 0x00, 0x00, 0x00, 0x00, 0x00, 0x00, 0x00, 
0x00, 0x00, 0x00, 0x00, 0x00, 0x00, 0x00, 0x00, 
0x00, 0x00, 0x00, 0x00, 0x00, 0x00, 0x00, 0x00, 
0x00, 0x00, 0x00, 0x00, 0x00, 0x00, 0x00, 0x00, 
0x00, 0x00, 0x00, 0x00, 0x00, 0x00, 0x00, 0x00, 
0x00, 0x00, 0x00, 0x00, 0x00, 0x00, 0x00, 0x00, 
0x00, 0x00, 0x00, 0x00, 0x00, 0x00, 0x00, 0x00, 
0x00, 0x00, 0x00, 0x00, 0x00, 0x00, 0x00, 0x00, 
0x00, 0x00, 0x00, 0x00, 0x00, 0x00, 0x00, 0x00, 
0x00, 0x00, 0x00, 0x00, 0x00, 0x00, 0x00, 0x00, 
0x00, 0x00, 0x00, 0x00, 0x00, 0x00, 0x00, 0x00, 
0x00, 0x00, 0x00, 0x00, 0x00, 0x00, 0x00, 0x00, 
0x00, 0x00, 0x00, 0x00, 0x00, 0x00, 0x00, 0x00, 
0x00, 0x00, 0x00, 0x00, 0x00, 0x00, 0x00, 0x00, 
0x00, 0x00, 0x00, 0x00, 0x00, 0x00, 0x00, 0x00, 
0x00, 0x00, 0x00, 0x00, 0x00, 0x00, 0x00, 0x00, 
0x00, 0x00, 0x00, 0x00, 0x00, 0x00, 0x00, 0x00, 
0x00, 0x00, 0x00, 0x00, 0x00, 0x00, 0x00, 0x00, 
0x00, 0x00, 0x00, 0x00, 0x00, 0x00, 0x00, 0x00, 
0x00, 0x00, 0x00, 0x00, 0x00, 0x00, 0x00, 0x00, 
0x00, 0x00, 0x00, 0x00, 0x00, 0x00, 0x00, 0x00, 
0x00, 0x00, 0x00, 0x00, 0x00, 0x00, 0x00, 0x00, 
0x00, 0x00, 0x00, 0x00, 0x00, 0x00, 0x00, 0x00, 
0x00, 0x00, 0x00, 0x00, 0x00, 0x00, 0x00, 0x00, 
0x00, 0x00, 0x00, 0x00, 0x00, 0x00, 0x00, 0x00, 
0x00, 0x00, 0x00, 0x00, 0x00, 0x00, 0x00, 0x00, 
0x00, 0x00, 0x00, 0x00, 0x00, 0x00, 0x00, 0x00, 
0x00, 0x00, 0x00, 0x00, 0x00, 0x00, 0x00, 0x00, 
0x00, 0x00, 0x00, 0x00, 0x00, 0x00, 0x00, 0x00, 
0x00, 0x00, 0x00, 0x00, 0x00, 0x00, 0x00, 0x00, 
0x00, 0x00, 0x00, 0x00, 0x00, 0x00, 0x00, 0x00, 
0x00, 0x00, 0x00, 0x00, 0x00, 0x00, 0x00, 0x00, 
0x00, 0x00, 0x00, 0x00, 0x00, 0x00, 0x00, 0x00, 
0x00, 0x00, 0x00, 0x00, 0x00, 0x00, 0x00, 0x00, 
0x00, 0x00, 0x00, 0x00, 0x00, 0x00, 0x00, 0x00, 
0x00, 0x00, 0x00, 0x00, 0x00, 0x00, 0x00, 0x00, 
0x00, 0x00, 0x00, 0x00, 0x00, 0x00, 0x00, 0x00, 
0x00, 0x00, 0x00, 0x00, 0x00, 0x00, 0x00, 0x00, 
0x00, 0x00, 0x00, 0x00, 0x00, 0x00, 0x00, 0x00, 
0x00, 0x00, 0x00, 0x00, 0x00, 0x00, 0x00, 0x00, 
0x00, 0x00, 0x00, 0x00, 0x00, 0x00, 0x00, 0x00, 
0x00, 0x00, 0x00, 0x00, 0x00, 0x00, 0x00, 0x00, 
0x00, 0x00, 0x00, 0x00, 0x00, 0x00, 0x00, 0x00, 
0x00, 0x00, 0x00, 0x00, 0x00, 0x00, 0x00, 0x00, 
0x00, 0x00, 0x00, 0x00, 0x00, 0x00, 0x00, 0x00, 
0x00, 0x00, 0x00, 0x00, 0x00, 0x00, 0x00, 0x00, 
0x00, 0x00, 0x00, 0x00, 0x00, 0x00, 0x00, 0x00, 
0x00, 0x00, 0x00, 0x00, 0x00, 0x00, 0x00, 0x00, 
0x00, 0x00, 0x00, 0x00, 0x00, 0x00, 0x00, 0x00, 
0x00, 0x00, 0x00, 0x00, 0x00, 0x00, 0x00, 0x00, 
0x00, 0x00, 0x00, 0x00, 0x00, 0x00, 0x00, 0x00, 
0x00, 0x00, 0x00, 0x00, 0x00, 0x00, 0x00, 0x00, 
0x00, 0x00, 0x00, 0x00, 0x00, 0x00, 0x00, 0x00, 
0x00, 0x00, 0x00, 0x00, 0x00, 0x00, 0x00, 0x00, 
0x00, 0x00, 0x00, 0x00, 0x00, 0x00, 0x00, 0x00, 
0x00, 0x00, 0x00, 0x00, 0x00, 0x00, 0x00, 0x00, 
0x00, 0x00, 0x00, 0x00, 0x00, 0x00, 0x00, 0x00, 
0x00, 0x00, 0x00, 0x00, 0x00, 0x00, 0x00, 0x00, 
0x00, 0x00, 0x00, 0x00, 0x00, 0x00, 0x00, 0x00, 
0x00, 0x00, 0x00, 0x00, 0x00, 0x00, 0x00, 0x00, 
0x00, 0x00, 0x00, 0x00, 0x00, 0x00, 0x00, 0x00, 
0x00, 0x00, 0x00, 0x00, 0x00, 0x00, 0x00, 0x00, 
0x00, 0x00, 0x00, 0x00, 0x00, 0x00, 0x00, 0x00, 
0x00, 0x00, 0x00, 0x00, 0x00, 0x00, 0x00, 0x00, 
0x00, 0x00, 0x00, 0x00, 0x00, 0x00, 0x00, 0x00, 
0x00, 0x00, 0x00, 0x00, 0x00, 0x00, 0x00, 0x00, 
0x00, 0x00, 0x00, 0x00, 0x00, 0x00, 0x00, 0x00, 
0x00, 0x00, 0x00, 0x00, 0x00, 0x00, 0x00, 0x00, 
0x00, 0x00, 0x00, 0x00, 0x00, 0x00, 0x00, 0x00, 
0x00, 0x00, 0x00, 0x00, 0x00, 0x00, 0x00, 0x00, 
0x00, 0x00, 0x00, 0x00, 0x00, 0x00, 0x00, 0x00, 
0x00, 0x00, 0x00, 0x00, 0x00, 0x00, 0x00, 0x00, 
0x00, 0x00, 0x00, 0x00, 0x00, 0x00, 0x00, 0x00, 
0x00, 0x00, 0x00, 0x00, 0x00, 0x00, 0x00, 0x00, 
0x00, 0x00, 0x00, 0x00, 0x00, 0x00, 0x00, 0x00, 
0x00, 0x00, 0x00, 0x00, 0x00, 0x00, 0x00, 0x00, 
0x00, 0x00, 0x00, 0x00, 0x00, 0x00, 0x00, 0x00, 
0x00, 0x00, 0x00, 0x00, 0x00, 0x00, 0x00, 0x00, 
0x00, 0x00, 0x00, 0x00, 0x00, 0x00, 0x00, 0x00, 
0x00, 0x00, 0x00, 0x00, 0x00, 0x00, 0x00, 0x00, 
0x00, 0x00, 0x00, 0x00, 0x00, 0x00, 0x00, 0x00, 
0x00, 0x00, 0x00, 0x00, 0x00, 0x00, 0x00, 0x00, 
0x00, 0x00, 0x00, 0x00, 0x00, 0x00, 0x00, 0x00, 
0x00, 0x00, 0x00, 0x00, 0x00, 0x00, 0x00, 0x00, 
0x00, 0x00, 0x00, 0x00, 0x00, 0x00, 0x00, 0x00, 
0x00, 0x00, 0x00, 0x00, 0x00, 0x00, 0x00, 0x00, 
0x00, 0x00, 0x00, 0x00, 0x00, 0x00, 0x00, 0x00, 
0x00, 0x00, 0x00, 0x00, 0x00, 0x00, 0x00, 0x00, 
0x00, 0x00, 0x00, 0x00, 0x00, 0x00, 0x00, 0x00, 
0x00, 0x00, 0x00, 0x00, 0x00, 0x00, 0x00, 0x00, 
0x00, 0x00, 0x00, 0x00, 0x00, 0x00, 0x00, 0x00, 
0x00, 0x00, 0x00, 0x00, 0x00, 0x00, 0x00, 0x00, 
0x00, 0x00, 0x00, 0x00, 0x00, 0x00, 0x00, 0x00, 
0x00, 0x00, 0x00, 0x00, 0x00, 0x00, 0x00, 0x00, 
0x00, 0x00, 0x00, 0x00, 0x00, 0x00, 0x00, 0x00, 
0x00, 0x00, 0x00, 0x00, 0x00, 0x00, 0x00, 0x00, 
0x00, 0x00, 0x00, 0x00, 0x00, 0x00, 0x00, 0x00, 
0x00, 0x00, 0x00, 0x00, 0x00, 0x00, 0x00, 0x00, 
0x00, 0x00, 0x00, 0x00, 0x00, 0x00, 0x00, 0x00, 
0x00, 0x00, 0x00, 0x00, 0x00, 0x00, 0x00, 0x00, 
0x00, 0x00, 0x00, 0x00, 0x00, 0x00, 0x00, 0x00, 
0x00, 0x00, 0x00, 0x00, 0x00, 0x00, 0x00, 0x00, 
0x00, 0x00, 0x00, 0x00, 0x00, 0x00, 0x00, 0x00, 
0x00, 0x00, 0x00, 0x00, 0x00, 0x00, 0x00, 0x00, 
0x00, 0x00, 0x00, 0x00, 0x00, 0x00, 0x00, 0x00, 
0x00, 0x00, 0x00, 0x00, 0x00, 0x00, 0x00, 0x00, 
0x00, 0x00, 0x00, 0x00, 0x00, 0x00, 0x00, 0x00, 
0x00, 0x00, 0x00, 0x00, 0x00, 0x00, 0x00, 0x00, 
0x00, 0x00, 0x00, 0x00, 0x00, 0x00, 0x00, 0x00, 
0x00, 0x00, 0x00, 0x00, 0x00, 0x00, 0x00, 0x00, 
0x00, 0x00, 0x00, 0x00, 0x00, 0x00, 0x00, 0x00, 
0x00, 0x00, 0x00, 0x00, 0x00, 0x00, 0x00, 0x00, 
0x00, 0x00, 0x00, 0x00, 0x00, 0x00, 0x00, 0x00, 
0x00, 0x00, 0x00, 0x00, 0x00, 0x00, 0x00, 0x00, 
0x00, 0x00, 0x00, 0x00, 0x00, 0x00, 0x00, 0x00, 
0x00, 0x00, 0x00, 0x00, 0x00, 0x00, 0x00, 0x00, 
0x00, 0x00, 0x00, 0x00, 0x00, 0x00, 0x00, 0x00, 
0x00, 0x00, 0x00, 0x00, 0x00, 0x00, 0x00, 0x00, 
0x00, 0x00, 0x00, 0x00, 0x00, 0x00, 0x00, 0x00, 
0x00, 0x00, 0x00, 0x00, 0x00, 0x00, 0x00, 0x00, 
0x00, 0x00, 0x00, 0x00, 0x00, 0x00, 0x00, 0x00, 
0x00, 0x00, 0x00, 0x00, 0x00, 0x00, 0x00, 0x00, 
0x00, 0x00, 0x00, 0x00, 0x00, 0x00, 0x00, 0x00, 
0x00, 0x00, 0x00, 0x00, 0x00, 0x00, 0x00, 0x00, 
0x00, 0x00, 0x00, 0x00, 0x00, 0x00, 0x00, 0x00, 
0x00, 0x00, 0x00, 0x00, 0x00, 0x00, 0x00, 0x00, 
0x00, 0x00, 0x00, 0x00, 0x00, 0x00, 0x00, 0x00, 
0x00, 0x00, 0x00, 0x00, 0x00, 0x00, 0x00, 0x00, 
0x00, 0x00, 0x00, 0x00, 0x00, 0x00, 0x00, 0x00, 
0x00, 0x00, 0x00, 0x00, 0x00, 0x00, 0x00, 0x00, 
0x00, 0x00, 0x00, 0x00, 0x00, 0x00, 0x00, 0x00, 
0x00, 0x00, 0x00, 0x00, 0x00, 0x00, 0x00, 0x00, 
0x00, 0x00, 0x00, 0x00, 0x00, 0x00, 0x00, 0x00, 
0x00, 0x00, 0x00, 0x00, 0x00, 0x00, 0x00, 0x00, 
0x00, 0x00, 0x00, 0x00, 0x00, 0x00, 0x00, 0x00, 
0x00, 0x00, 0x00, 0x00, 0x00, 0x00, 0x00, 0x00, 
0x00, 0x00, 0x00, 0x00, 0x00, 0x00, 0x00, 0x00, 
0x00, 0x00, 0x00, 0x00, 0x00, 0x00, 0x00, 0x00, 
0x00, 0x00, 0x00, 0x00, 0x00, 0x00, 0x00, 0x00, 
0x00, 0x00, 0x00, 0x00, 0x00, 0x00, 0x00, 0x00, 
0x00, 0x00, 0x00, 0x00, 0x00, 0x00, 0x00, 0x00, 
0x00, 0x00, 0x00, 0x00, 0x00, 0x00, 0x00, 0x00, 
0x00, 0x00, 0x00, 0x00, 0x00, 0x00, 0x00, 0x00, 
0x00, 0x00, 0x00, 0x00, 0x00, 0x00, 0x00, 0x00, 
0x00, 0x00, 0x00, 0x00, 0x00, 0x00, 0x00, 0x00, 
0x00, 0x00, 0x00, 0x00, 0x00, 0x00, 0x00, 0x00, 
0x00, 0x00, 0x00, 0x00, 0x00, 0x00, 0x00, 0x00, 
0x00, 0x00, 0x00, 0x00, 0x00, 0x00, 0x00, 0x00, 
0x00, 0x00, 0x00, 0x00, 0x00, 0x00, 0x00, 0x00, 
0x00, 0x00, 0x00, 0x00, 0x00, 0x00, 0x00, 0x00, 
0x00, 0x00, 0x00, 0x00, 0x00, 0x00, 0x00, 0x00, 
0x00, 0x00, 0x00, 0x00, 0x00, 0x00, 0x00, 0x00, 
0x00, 0x00, 0x00, 0x00, 0x00, 0x00, 0x00, 0x00, 
0x00, 0x00, 0x00, 0x00, 0x00, 0x00, 0x00, 0x00, 
0x00, 0x00, 0x00, 0x00, 0x00, 0x00, 0x00, 0x00, 
0x00, 0x00, 0x00, 0x00, 0x00, 0x00, 0x00, 0x00, 
0x00, 0x00, 0x00, 0x00, 0x00, 0x00, 0x00, 0x00, 
0x00, 0x00, 0x00, 0x00, 0x00, 0x00, 0x00, 0x00, 
0x00, 0x00, 0x00, 0x00, 0x00, 0x00, 0x00, 0x00, 
0x00, 0x00, 0x00, 0x00, 0x00, 0x00, 0x00, 0x00, 
0x00, 0x00, 0x00, 0x00, 0x00, 0x00, 0x00, 0x00, 
0x00, 0x00, 0x00, 0x00, 0x00, 0x00, 0x00, 0x00, 
0x00, 0x00, 0x00, 0x00, 0x00, 0x00, 0x00, 0x00, 
0x00, 0x00, 0x00, 0x00, 0x00, 0x00, 0x00, 0x00, 
0x00, 0x00, 0x00, 0x00, 0x00, 0x00, 0x00, 0x00, 
0x00, 0x00, 0x00, 0x00, 0x00, 0x00, 0x00, 0x00, 
0x00, 0x00, 0x00, 0x00, 0x00, 0x00, 0x00, 0x00, 
0x00, 0x00, 0x00, 0x00, 0x00, 0x00, 0x00, 0x00, 
0x00, 0x00, 0x00, 0x00, 0x00, 0x00, 0x00, 0x00, 
0x00, 0x00, 0x00, 0x00, 0x00, 0x00, 0x00, 0x00, 
0x00, 0x00, 0x00, 0x00, 0x00, 0x00, 0x00, 0x00, 
0x00, 0x00, 0x00, 0x00, 0x00, 0x00, 0x00, 0x00, 
0x00, 0x00, 0x00, 0x00, 0x00, 0x00, 0x00, 0x00, 
0x00, 0x00, 0x00, 0x00, 0x00, 0x00, 0x00, 0x00, 
0x00, 0x00, 0x00, 0x00, 0x00, 0x00, 0x00, 0x00, 
0x00, 0x00, 0x00, 0x00, 0x00, 0x00, 0x00, 0x00, 
0x00, 0x00, 0x00, 0x00, 0x00, 0x00, 0x00, 0x00, 
0x00, 0x00, 0x00, 0x00, 0x00, 0x00, 0x00, 0x00, 
0x00, 0x00, 0x00, 0x00, 0x00, 0x00, 0x00, 0x00, 
0x00, 0x00, 0x00, 0x00, 0x00, 0x00, 0x00, 0x00, 
0x00, 0x00, 0x00, 0x00, 0x00, 0x00, 0x00, 0x00, 
0x00, 0x00, 0x00, 0x00, 0x00, 0x00, 0x00, 0x00, 
0x00, 0x00, 0x00, 0x00, 0x00, 0x00, 0x00, 0x00, 
0x00, 0x00, 0x00, 0x00, 0x00, 0x00, 0x00, 0x00, 
0x00, 0x00, 0x00, 0x00, 0x00, 0x00, 0x00, 0x00, 
0x00, 0x00, 0x00, 0x00, 0x00, 0x00, 0x00, 0x00, 
0x00, 0x00, 0x00, 0x00, 0x00, 0x00, 0x00, 0x00, 
0x00, 0x00, 0x00, 0x00, 0x00, 0x00, 0x00, 0x00, 
0x00, 0x00, 0x00, 0x00, 0x00, 0x00, 0x00, 0x00, 
0x00, 0x00, 0x00, 0x00, 0x00, 0x00, 0x00, 0x00, 
0x00, 0x00, 0x00, 0x00, 0x00, 0x00, 0x00, 0x00, 
0x00, 0x00, 0x00, 0x00, 0x00, 0x00, 0x00, 0x00, 
0x00, 0x00, 0x00, 0x00, 0x00, 0x00, 0x00, 0x00, 
0x00, 0x00, 0x00, 0x00, 0x00, 0x00, 0x00, 0x00, 
0x00, 0x00, 0x00, 0x00, 0x00, 0x00, 0x00, 0x00, 
0x00, 0x00, 0x00, 0x00, 0x00, 0x00, 0x00, 0x00, 
0x00, 0x00, 0x00, 0x00, 0x00, 0x00, 0x00, 0x00, 
0x00, 0x00, 0x00, 0x00, 0x00, 0x00, 0x00, 0x00, 
0x00, 0x00, 0x00, 0x00, 0x00, 0x00, 0x00, 0x00, 
0x00, 0x00, 0x00, 0x00, 0x00, 0x00, 0x00, 0x00, 
0x00, 0x00, 0x00, 0x00, 0x00, 0x00, 0x00, 0x00, 
0x00, 0x00, 0x00, 0x00, 0x00, 0x00, 0x00, 0x00, 
0x00, 0x00, 0x00, 0x00, 0x00, 0x00, 0x00, 0x00, 
0x00, 0x00, 0x00, 0x00, 0x00, 0x00, 0x00, 0x00, 
0x00, 0x00, 0x00, 0x00, 0x00, 0x00, 0x00, 0x00, 
0x00, 0x00, 0x00, 0x00, 0x00, 0x00, 0x00, 0x00, 
0x00, 0x00, 0x00, 0x00, 0x00, 0x00, 0x00, 0x00, 
0x00, 0x00, 0x00, 0x00, 0x00, 0x00, 0x00, 0x00, 
0x00, 0x00, 0x00, 0x00, 0x00, 0x00, 0x00, 0x00, 
0x00, 0x00, 0x00, 0x00, 0x00, 0x00, 0x00, 0x00, 
0x00, 0x00, 0x00, 0x00, 0x00, 0x00, 0x00, 0x00, 
0x00, 0x00, 0x00, 0x00, 0x00, 0x00, 0x00, 0x00, 
0x00, 0x00, 0x00, 0x00, 0x00, 0x00, 0x00, 0x00, 
0x00, 0x00, 0x00, 0x00, 0x00, 0x00, 0x00, 0x00, 
0x00, 0x00, 0x00, 0x00, 0x00, 0x00, 0x00, 0x00, 
0x00, 0x00, 0x00, 0x00, 0x00, 0x00, 0x00, 0x00, 
0x00, 0x00, 0x00, 0x00, 0x00, 0x00, 0x00, 0x00, 
0x00, 0x00, 0x00, 0x00, 0x00, 0x00, 0x00, 0x00, 
0x00, 0x00, 0x00, 0x00, 0x00, 0x00, 0x00, 0x00, 
0x00, 0x00, 0x00, 0x00, 0x00, 0x00, 0x00, 0x00, 
0x00, 0x00, 0x00, 0x00, 0x00, 0x00, 0x00, 0x00, 
0x00, 0x00, 0x00, 0x00, 0x00, 0x00, 0x00, 0x00, 
0x00, 0x00, 0x00, 0x00, 0x00, 0x00, 0x00, 0x00, 
0x00, 0x00, 0x00, 0x00, 0x00, 0x00, 0x00, 0x00, 
0x00, 0x00, 0x00, 0x00, 0x00, 0x00, 0x00, 0x00, 
0x00, 0x00, 0x00, 0x00, 0x00, 0x00, 0x00, 0x00, 
0x00, 0x00, 0x00, 0x00, 0x00, 0x00, 0x00, 0x00, 
0x00, 0x00, 0x00, 0x00, 0x00, 0x00, 0x00, 0x00, 
0x00, 0x00, 0x00, 0x00, 0x00, 0x00, 0x00, 0x00, 
0x00, 0x00, 0x00, 0x00, 0x00, 0x00, 0x00, 0x00, 
0x00, 0x00, 0x00, 0x00, 0x00, 0x00, 0x00, 0x00, 
0x00, 0x00, 0x00, 0x00, 0x00, 0x00, 0x00, 0x00, 
0x00, 0x00, 0x00, 0x00, 0x00, 0x00, 0x00, 0x00, 
0x00, 0x00, 0x00, 0x00, 0x00, 0x00, 0x00, 0x00, 
0x00, 0x00, 0x00, 0x00, 0x00, 0x00, 0x00, 0x00, 
0x00, 0x00, 0x00, 0x00, 0x00, 0x00, 0x00, 0x00, 
0x00, 0x00, 0x00, 0x00, 0x00, 0x00, 0x00, 0x00, 
0x00, 0x00, 0x00, 0x00, 0x00, 0x00, 0x00, 0x00, 
0x00, 0x00, 0x00, 0x00, 0x00, 0x00, 0x00, 0x00, 
0x00, 0x00, 0x00, 0x00, 0x00, 0x00, 0x00, 0x00, 
0x00, 0x00, 0x00, 0x00, 0x00, 0x00, 0x00, 0x00, 
0x00, 0x00, 0x00, 0x00, 0x00, 0x00, 0x00, 0x00, 
0x00, 0x00, 0x00, 0x00, 0x00, 0x00, 0x00, 0x00, 
0x00, 0x00, 0x00, 0x00, 0x00, 0x00, 0x00, 0x00, 
0x00, 0x00, 0x00, 0x00, 0x00, 0x00, 0x00, 0x00, 
0x00, 0x00, 0x00, 0x00, 0x00, 0x00, 0x00, 0x00, 
0x00, 0x00, 0x00, 0x00, 0x00, 0x00, 0x00, 0x00, 
0x00, 0x00, 0x00, 0x00, 0x00, 0x00, 0x00, 0x00, 
0x00, 0x00, 0x00, 0x00, 0x00, 0x00, 0x00, 0x00, 
0x00, 0x00, 0x00, 0x00, 0x00, 0x00, 0x00, 0x00, 
0x00, 0x00, 0x00, 0x00, 0x00, 0x00, 0x00, 0x00, 
0x00, 0x00, 0x00, 0x00, 0x00, 0x00, 0x00, 0x00, 
0x00, 0x00, 0x00, 0x00, 0x00, 0x00, 0x00, 0x00, 
0x00, 0x00, 0x00, 0x00, 0x00, 0x00, 0x00, 0x00, 
0x00, 0x00, 0x00, 0x00, 0x00, 0x00, 0x00, 0x00, 
0x00, 0x00, 0x00, 0x00, 0x00, 0x00, 0x00, 0x00, 
0x00, 0x00, 0x00, 0x00, 0x00, 0x00, 0x00, 0x00, 
0x00, 0x00, 0x00, 0x00, 0x00, 0x00, 0x00, 0x00, 
0x00, 0x00, 0x00, 0x00, 0x00, 0x00, 0x00, 0x00, 
0x00, 0x00, 0x00, 0x00, 0x00, 0x00, 0x00, 0x00, 
0x00, 0x00, 0x00, 0x00, 0x00, 0x00, 0x00, 0x00, 
0x00, 0x00, 0x00, 0x00, 0x00, 0x00, 0x00, 0x00, 
0x00, 0x00, 0x00, 0x00, 0x00, 0x00, 0x00, 0x00, 
0x00, 0x00, 0x00, 0x00, 0x00, 0x00, 0x00, 0x00, 
0x00, 0x00, 0x00, 0x00, 0x00, 0x00, 0x00, 0x00, 
0x00, 0x00, 0x00, 0x00, 0x00, 0x00, 0x00, 0x00, 
0x00, 0x00, 0x00, 0x00, 0x00, 0x00, 0x00, 0x00, 
0x00, 0x00, 0x00, 0x00, 0x00, 0x00, 0x00, 0x00, 
0x00, 0x00, 0x00, 0x00, 0x00, 0x00, 0x00, 0x00, 
0x00, 0x00, 0x00, 0x00, 0x00, 0x00, 0x00, 0x00, 
0x00, 0x00, 0x00, 0x00, 0x00, 0x00, 0x00, 0x00, 
0x00, 0x00, 0x00, 0x00, 0x00, 0x00, 0x00, 0x00, 
0x00, 0x00, 0x00, 0x00, 0x00, 0x00, 0x00, 0x00, 
0x00, 0x00, 0x00, 0x00, 0x00, 0x00, 0x00, 0x00, 
0x00, 0x00, 0x00, 0x00, 0x00, 0x00, 0x00, 0x00, 
0x00, 0x00, 0x00, 0x00, 0x00, 0x00, 0x00, 0x00, 
0x00, 0x00, 0x00, 0x00, 0x00, 0x00, 0x00, 0x00, 
0x00, 0x00, 0x00, 0x00, 0x00, 0x00, 0x00, 0x00, 
0x00, 0x00, 0x00, 0x00, 0x00, 0x00, 0x00, 0x00, 
0x00, 0x00, 0x00, 0x00, 0x00, 0x00, 0x00, 0x00, 
0x00, 0x00, 0x00, 0x00, 0x00, 0x00, 0x00, 0x00, 
0x00, 0x00, 0x00, 0x00, 0x00, 0x00, 0x00, 0x00, 
0x00, 0x00, 0x00, 0x00, 0x00, 0x00, 0x00, 0x00, 
0x00, 0x00, 0x00, 0x00, 0x00, 0x00, 0x00, 0x00, 
0x00, 0x00, 0x00, 0x00, 0x00, 0x00, 0x00, 0x00, 
0x00, 0x00, 0x00, 0x00, 0x00, 0x00, 0x00, 0x00, 
0x00, 0x00, 0x00, 0x00, 0x00, 0x00, 0x00, 0x00, 
0x00, 0x00, 0x00, 0x00, 0x00, 0x00, 0x00, 0x00, 
0x00, 0x00, 0x00, 0x00, 0x00, 0x00, 0x00, 0x00, 
0x00, 0x00, 0x00, 0x00, 0x00, 0x00, 0x00, 0x00, 
0x00, 0x00, 0x00, 0x00, 0x00, 0x00, 0x00, 0x00, 
0x00, 0x00, 0x00, 0x00, 0x00, 0x00, 0x00, 0x00, 
0x00, 0x00, 0x00, 0x00, 0x00, 0x00, 0x00, 0x00, 
0x00, 0x00, 0x00, 0x00, 0x00, 0x00, 0x00, 0x00, 
0x00, 0x00, 0x00, 0x00, 0x00, 0x00, 0x00, 0x00, 
0x00, 0x00, 0x00, 0x00, 0x00, 0x00, 0x00, 0x00, 
0x00, 0x00, 0x00, 0x00, 0x00, 0x00, 0x00, 0x00, 
0x00, 0x00, 0x00, 0x00, 0x00, 0x00, 0x00, 0x00, 
0x00, 0x00, 0x00, 0x00, 0x00, 0x00, 0x00, 0x00, 
0x00, 0x00, 0x00, 0x00, 0x00, 0x00, 0x00, 0x00, 
0x00, 0x00, 0x00, 0x00, 0x00, 0x00, 0x00, 0x00, 
0x00, 0x00, 0x00, 0x00, 0x00, 0x00, 0x00, 0x00, 
0x00, 0x00, 0x00, 0x00, 0x00, 0x00, 0x00, 0x00, 
0x00, 0x00, 0x00, 0x00, 0x00, 0x00, 0x00, 0x00, 
0x00, 0x00, 0x00, 0x00, 0x00, 0x00, 0x00, 0x00, 
0x00, 0x00, 0x00, 0x00, 0x00, 0x00, 0x00, 0x00, 
0x00, 0x00, 0x00, 0x00, 0x00, 0x00, 0x00, 0x00, 
0x00, 0x00, 0x00, 0x00, 0x00, 0x00, 0x00, 0x00, 
0x00, 0x00, 0x00, 0x00, 0x00, 0x00, 0x00, 0x00, 
0x00, 0x00, 0x00, 0x00, 0x00, 0x00, 0x00, 0x00, 
0x00, 0x00, 0x00, 0x00, 0x00, 0x00, 0x00, 0x00, 
0x00, 0x00, 0x00, 0x00, 0x00, 0x00, 0x00, 0x00, 
0x00, 0x00, 0x00, 0x00, 0x00, 0x00, 0x00, 0x00, 
0x00, 0x00, 0x00, 0x00, 0x00, 0x00, 0x00, 0x00, 
0x00, 0x00, 0x00, 0x00, 0x00, 0x00, 0x00, 0x00, 
0x00, 0x00, 0x00, 0x00, 0x00, 0x00, 0x00, 0x00, 
0x00, 0x00, 0x00, 0x00, 0x00, 0x00, 0x00, 0x00, 
0x00, 0x00, 0x00, 0x00, 0x00, 0x00, 0x00, 0x00, 
0x00, 0x00, 0x00, 0x00, 0x00, 0x00, 0x00, 0x00, 
0x00, 0x00, 0x00, 0x00, 0x00, 0x00, 0x00, 0x00, 
0x00, 0x00, 0x00, 0x00, 0x00, 0x00, 0x00, 0x00, 
0x00, 0x00, 0x00, 0x00, 0x00, 0x00, 0x00, 0x00, 
0x00, 0x00, 0x00, 0x00, 0x00, 0x00, 0x00, 0x00, 
0x00, 0x00, 0x00, 0x00, 0x00, 0x00, 0x00, 0x00, 
0x00, 0x00, 0x00, 0x00, 0x00, 0x00, 0x00, 0x00, 
0x00, 0x00, 0x00, 0x00, 0x00, 0x00, 0x00, 0x00, 
0x00, 0x00, 0x00, 0x00, 0x00, 0x00, 0x00, 0x00, 
0x00, 0x00, 0x00, 0x00, 0x00, 0x00, 0x00, 0x00, 
0x00, 0x00, 0x00, 0x00, 0x00, 0x00, 0x00, 0x00, 
0x00, 0x00, 0x00, 0x00, 0x00, 0x00, 0x00, 0x00, 
0x00, 0x00, 0x00, 0x00, 0x00, 0x00, 0x00, 0x00, 
0x00, 0x00, 0x00, 0x00, 0x00, 0x00, 0x00, 0x00, 
0x00, 0x00, 0x00, 0x00, 0x00, 0x00, 0x00, 0x00, 
0x00, 0x00, 0x00, 0x00, 0x00, 0x00, 0x00, 0x00, 
0x00, 0x00, 0x00, 0x00, 0x00, 0x00, 0x00, 0x00, 
0x00, 0x00, 0x00, 0x00, 0x00, 0x00, 0x00, 0x00, 
0x00, 0x00, 0x00, 0x00, 0x00, 0x00, 0x00, 0x00, 
0x00, 0x00, 0x00, 0x00, 0x00, 0x00, 0x00, 0x00, 
0x00, 0x00, 0x00, 0x00, 0x00, 0x00, 0x00, 0x00, 
0x00, 0x00, 0x00, 0x00, 0x00, 0x00, 0x00, 0x00, 
0x00, 0x00, 0x00, 0x00, 0x00, 0x00, 0x00, 0x00, 
0x00, 0x00, 0x00, 0x00, 0x00, 0x00, 0x00, 0x00, 
0x00, 0x00, 0x00, 0x00, 0x00, 0x00, 0x00, 0x00, 
0x00, 0x00, 0x00, 0x00, 0x00, 0x00, 0x00, 0x00, 
0x00, 0x00, 0x00, 0x00, 0x00, 0x00, 0x00, 0x00, 
0x00, 0x00, 0x00, 0x00, 0x00, 0x00, 0x00, 0x00, 
0x00, 0x00, 0x00, 0x00, 0x00, 0x00, 0x00, 0x00, 
0x00, 0x00, 0x00, 0x00, 0x00, 0x00, 0x00, 0x00, 
0x00, 0x00, 0x00, 0x00, 0x00, 0x00, 0x00, 0x00, 
0x00, 0x00, 0x00, 0x00, 0x00, 0x00, 0x00, 0x00, 
0x00, 0x00, 0x00, 0x00, 0x00, 0x00, 0x00, 0x00, 
0x00, 0x00, 0x00, 0x00, 0x00, 0x00, 0x00, 0x00, 
0x00, 0x00, 0x00, 0x00, 0x00, 0x00, 0x00, 0x00, 
0x00, 0x00, 0x00, 0x00, 0x00, 0x00, 0x00, 0x00, 
0x00, 0x00, 0x00, 0x00, 0x00, 0x00, 0x00, 0x00, 
0x00, 0x00, 0x00, 0x00, 0x00, 0x00, 0x00, 0x00, 
0x00, 0x00, 0x00, 0x00, 0x00, 0x00, 0x00, 0x00, 
0x00, 0x00, 0x00, 0x00, 0x00, 0x00, 0x00, 0x00, 
0x00, 0x00, 0x00, 0x00, 0x00, 0x00, 0x00, 0x00, 
0x00, 0x00, 0x00, 0x00, 0x00, 0x00, 0x00, 0x00, 
0x00, 0x00, 0x00, 0x00, 0x00, 0x00, 0x00, 0x00, 
0x00, 0x00, 0x00, 0x00, 0x00, 0x00, 0x00, 0x00, 
0x00, 0x00, 0x00, 0x00, 0x00, 0x00, 0x00, 0x00, 
0x00, 0x00, 0x00, 0x00, 0x00, 0x00, 0x00, 0x00, 
0x00, 0x00, 0x00, 0x00, 0x00, 0x00, 0x00, 0x00, 
0x00, 0x00, 0x00, 0x00, 0x00, 0x00, 0x00, 0x00, 
0x00, 0x00, 0x00, 0x00, 0x00, 0x00, 0x00, 0x00, 
0x00, 0x00, 0x00, 0x00, 0x00, 0x00, 0x00, 0x00, 
0x00, 0x00, 0x00, 0x00, 0x00, 0x00, 0x00, 0x00, 
0x00, 0x00, 0x00, 0x00, 0x00, 0x00, 0x00, 0x00, 
0x00, 0x00, 0x00, 0x00, 0x00, 0x00, 0x00, 0x00, 
0x00, 0x00, 0x00, 0x00, 0x00, 0x00, 0x00, 0x00, 
0x00, 0x00, 0x00, 0x00, 0x00, 0x00, 0x00, 0x00, 
0x00, 0x00, 0x00, 0x00, 0x00, 0x00, 0x00, 0x00, 
0x00, 0x00, 0x00, 0x00, 0x00, 0x00, 0x00, 0x00, 
0x00, 0x00, 0x00, 0x00, 0x00, 0x00, 0x00, 0x00, 
0x00, 0x00, 0x00, 0x00, 0x00, 0x00, 0x00, 0x00, 
0x00, 0x00, 0x00, 0x00, 0x00, 0x00, 0x00, 0x00, 
0x00, 0x00, 0x00, 0x00, 0x00, 0x00, 0x00, 0x00, 
0x00, 0x00, 0x00, 0x00, 0x00, 0x00, 0x00, 0x00, 
0x00, 0x00, 0x00, 0x00, 0x00, 0x00, 0x00, 0x00, 
0x00, 0x00, 0x00, 0x00, 0x00, 0x00, 0x00, 0x00, 
0x00, 0x00, 0x00, 0x00, 0x00, 0x00, 0x00, 0x00, 
0x00, 0x00, 0x00, 0x00, 0x00, 0x00, 0x00, 0x00, 
0x00, 0x00, 0x00, 0x00, 0x00, 0x00, 0x00, 0x00, 
0x00, 0x00, 0x00, 0x00, 0x00, 0x00, 0x00, 0x00, 
0x00, 0x00, 0x00, 0x00, 0x00, 0x00, 0x00, 0x00, 
0x00, 0x00, 0x00, 0x00, 0x00, 0x00, 0x00, 0x00, 
0x00, 0x00, 0x00, 0x00, 0x00, 0x00, 0x00, 0x00, 
0x00, 0x00, 0x00, 0x00, 0x00, 0x00, 0x00, 0x00, 
0x00, 0x00, 0x00, 0x00, 0x00, 0x00, 0x00, 0x00, 
0x00, 0x00, 0x00, 0x00, 0x00, 0x00, 0x00, 0x00, 
0x00, 0x00, 0x00, 0x00, 0x00, 0x00, 0x00, 0x00, 
0x00, 0x00, 0x00, 0x00, 0x00, 0x00, 0x00, 0x00, 
0x00, 0x00, 0x00, 0x00, 0x00, 0x00, 0x00, 0x00, 
0x00, 0x00, 0x00, 0x00, 0x00, 0x00, 0x00, 0x00, 
0x00, 0x00, 0x00, 0x00, 0x00, 0x00, 0x00, 0x00, 
0x00, 0x00, 0x00, 0x00, 0x00, 0x00, 0x00, 0x00, 
0x00, 0x00, 0x00, 0x00, 0x00, 0x00, 0x00, 0x00, 
0x00, 0x00, 0x00, 0x00, 0x00, 0x00, 0x00, 0x00, 
0x00, 0x00, 0x00, 0x00, 0x00, 0x00, 0x00, 0x00, 
0x00, 0x00, 0x00, 0x00, 0x00, 0x00, 0x00, 0x00, 
0x00, 0x00, 0x00, 0x00, 0x00, 0x00, 0x00, 0x00, 
0x00, 0x00, 0x00, 0x00, 0x00, 0x00, 0x00, 0x00, 
0x00, 0x00, 0x00, 0x00, 0x00, 0x00, 0x00, 0x00, 
0x00, 0x00, 0x00, 0x00, 0x00, 0x00, 0x00, 0x00, 
0x00, 0x00, 0x00, 0x00, 0x00, 0x00, 0x00, 0x00, 
0x00, 0x00, 0x00, 0x00, 0x00, 0x00, 0x00, 0x00, 
0x00, 0x00, 0x00, 0x00, 0x00, 0x00, 0x00, 0x00, 
0x00, 0x00, 0x00, 0x00, 0x00, 0x00, 0x00, 0x00, 
0x00, 0x00, 0x00, 0x00, 0x00, 0x00, 0x00, 0x00, 
0x00, 0x00, 0x00, 0x00, 0x00, 0x00, 0x00, 0x00, 
0x00, 0x00, 0x00, 0x00, 0x00, 0x00, 0x00, 0x00, 
0x00, 0x00, 0x00, 0x00, 0x00, 0x00, 0x00, 0x00, 
0x00, 0x00, 0x00, 0x00, 0x00, 0x00, 0x00, 0x00, 
0x00, 0x00, 0x00, 0x00, 0x00, 0x00, 0x00, 0x00, 
0x00, 0x00, 0x00, 0x00, 0x00, 0x00, 0x00, 0x00, 
0x00, 0x00, 0x00, 0x00, 0x00, 0x00, 0x00, 0x00, 
0x00, 0x00, 0x00, 0x00, 0x00, 0x00, 0x00, 0x00, 
0x00, 0x00, 0x00, 0x00, 0x00, 0x00, 0x00, 0x00, 
0x00, 0x00, 0x00, 0x00, 0x00, 0x00, 0x00, 0x00, 
0x00, 0x00, 0x00, 0x00, 0x00, 0x00, 0x00, 0x00, 
0x00, 0x00, 0x00, 0x00, 0x00, 0x00, 0x00, 0x00, 
0x00, 0x00, 0x00, 0x00, 0x00, 0x00, 0x00, 0x00, 
0x00};


imageData gImage_400x300b2_settings PROGMEM = {
       (uint8_t *)  gImage_400x300b2,
       30000,
       400,
       300,
};


